sku,name,description,category,moq,retail_price,wholesale_price,stock,images
21018385-1-82-/-190,"Матрак ARMIDA, еднолицев - 82 / 190",Еднолицев модел матрак Армида с ергономичен комфорт от Flexible Technology и стабилна дървена рамка. Двуслойното профилирано ядро осигурява възможност за индивидуално определяне на предпочитания комфорт. Профилираната повърхност осигурява деликатен масаж на тялото и спомага кръвообращението. Облечен в луксозен калъф със сваляема горна част за лесна поддръжка и отлична хигиена. Моделът включва вградена дървена рамка от иглолистен материал. Двуслойното профилирано ядро осигурява възможност за индивидуално определяне на предпочитания комфорт. Профилираната повърхност осигурява деликатен масаж на тялото и спомага кръвообращението. Облечен в луксозен калъф със сваляема горна част за лесна поддръжка и отлична хигиена. Моделът включва вградена дървена рамка от иглолистен материал.,Матраци,1,211.16,158.37,100,https://cdncloudcart.com/28510/products/images/1583/ednolicev-matrak-armida-636fbac65638b_1280x1280.png?1668266716|https://cdncloudcart.com/28510/products/images/1583/ednolicev-matrak-armida-636fbbc7ada89_1920x1920.jpeg?1668266967|https://cdncloudcart.com/28510/products/images/1583/ednolicev-matrak-armida-636fb921b65b2_1920x1920.jpeg?1668266955|https://cdncloudcart.com/28510/products/images/1583/ednolicev-matrak-armida-636fbc123199a_1280x1280.png?1668267047|https://cdncloudcart.com/28510/products/images/1583/ednolicev-matrak-armida-636fb920d80d6_1280x1280.png?1668267031
21018385-1-90-/-190,"Матрак ARMIDA, еднолицев - 90 / 190",Еднолицев модел матрак Армида с ергономичен комфорт от Flexible Technology и стабилна дървена рамка. Двуслойното профилирано ядро осигурява възможност за индивидуално определяне на предпочитания комфорт. Профилираната повърхност осигурява деликатен масаж на тялото и спомага кръвообращението. Облечен в луксозен калъф със сваляема горна част за лесна поддръжка и отлична хигиена. Моделът включва вградена дървена рамка от иглолистен материал. Двуслойното профилирано ядро осигурява възможност за индивидуално определяне на предпочитания комфорт. Профилираната повърхност осигурява деликатен масаж на тялото и спомага кръвообращението. Облечен в луксозен калъф със сваляема горна част за лесна поддръжка и отлична хигиена. Моделът включва вградена дървена рамка от иглолистен материал.,Матраци,1,225.99,169.49,100,https://cdncloudcart.com/28510/products/images/1583/ednolicev-matrak-armida-636fbac65638b_1280x1280.png?1668266716|https://cdncloudcart.com/28510/products/images/1583/ednolicev-matrak-armida-636fbbc7ada89_1920x1920.jpeg?1668266967|https://cdncloudcart.com/28510/products/images/1583/ednolicev-matrak-armida-636fb921b65b2_1920x1920.jpeg?1668266955|https://cdncloudcart.com/28510/products/images/1583/ednolicev-matrak-armida-636fbc123199a_1280x1280.png?1668267047|https://cdncloudcart.com/28510/products/images/1583/ednolicev-matrak-armida-636fb920d80d6_1280x1280.png?1668267031
21018385-1-90-/-200,"Матрак ARMIDA, еднолицев - 90 / 200",Еднолицев модел матрак Армида с ергономичен комфорт от Flexible Technology и стабилна дървена рамка. Двуслойното профилирано ядро осигурява възможност за индивидуално определяне на предпочитания комфорт. Профилираната повърхност осигурява деликатен масаж на тялото и спомага кръвообращението. Облечен в луксозен калъф със сваляема горна част за лесна поддръжка и отлична хигиена. Моделът включва вградена дървена рамка от иглолистен материал. Двуслойното профилирано ядро осигурява възможност за индивидуално определяне на предпочитания комфорт. Профилираната повърхност осигурява деликатен масаж на тялото и спомага кръвообращението. Облечен в луксозен калъф със сваляема горна част за лесна поддръжка и отлична хигиена. Моделът включва вградена дървена рамка от иглолистен материал.,Матраци,1,240.82,180.62,100,https://cdncloudcart.com/28510/products/images/1583/ednolicev-matrak-armida-636fbac65638b_1280x1280.png?1668266716|https://cdncloudcart.com/28510/products/images/1583/ednolicev-matrak-armida-636fbbc7ada89_1920x1920.jpeg?1668266967|https://cdncloudcart.com/28510/products/images/1583/ednolicev-matrak-armida-636fb921b65b2_1920x1920.jpeg?1668266955|https://cdncloudcart.com/28510/products/images/1583/ednolicev-matrak-armida-636fbc123199a_1280x1280.png?1668267047|https://cdncloudcart.com/28510/products/images/1583/ednolicev-matrak-armida-636fb920d80d6_1280x1280.png?1668267031
21018385-1-114-/-190,"Матрак ARMIDA, еднолицев - 114 / 190",Еднолицев модел матрак Армида с ергономичен комфорт от Flexible Technology и стабилна дървена рамка. Двуслойното профилирано ядро осигурява възможност за индивидуално определяне на предпочитания комфорт. Профилираната повърхност осигурява деликатен масаж на тялото и спомага кръвообращението. Облечен в луксозен калъф със сваляема горна част за лесна поддръжка и отлична хигиена. Моделът включва вградена дървена рамка от иглолистен материал. Двуслойното профилирано ядро осигурява възможност за индивидуално определяне на предпочитания комфорт. Профилираната повърхност осигурява деликатен масаж на тялото и спомага кръвообращението. Облечен в луксозен калъф със сваляема горна част за лесна поддръжка и отлична хигиена. Моделът включва вградена дървена рамка от иглолистен материал.,Матраци,1,275.08,206.31,100,https://cdncloudcart.com/28510/products/images/1583/ednolicev-matrak-armida-636fbac65638b_1280x1280.png?1668266716|https://cdncloudcart.com/28510/products/images/1583/ednolicev-matrak-armida-636fbbc7ada89_1920x1920.jpeg?1668266967|https://cdncloudcart.com/28510/products/images/1583/ednolicev-matrak-armida-636fb921b65b2_1920x1920.jpeg?1668266955|https://cdncloudcart.com/28510/products/images/1583/ednolicev-matrak-armida-636fbc123199a_1280x1280.png?1668267047|https://cdncloudcart.com/28510/products/images/1583/ednolicev-matrak-armida-636fb920d80d6_1280x1280.png?1668267031
21018385-1-120-/-190,"Матрак ARMIDA, еднолицев - 120 / 190",Еднолицев модел матрак Армида с ергономичен комфорт от Flexible Technology и стабилна дървена рамка. Двуслойното профилирано ядро осигурява възможност за индивидуално определяне на предпочитания комфорт. Профилираната повърхност осигурява деликатен масаж на тялото и спомага кръвообращението. Облечен в луксозен калъф със сваляема горна част за лесна поддръжка и отлична хигиена. Моделът включва вградена дървена рамка от иглолистен материал. Двуслойното профилирано ядро осигурява възможност за индивидуално определяне на предпочитания комфорт. Профилираната повърхност осигурява деликатен масаж на тялото и спомага кръвообращението. Облечен в луксозен калъф със сваляема горна част за лесна поддръжка и отлична хигиена. Моделът включва вградена дървена рамка от иглолистен материал.,Матраци,1,289.90,217.42,100,https://cdncloudcart.com/28510/products/images/1583/ednolicev-matrak-armida-636fbac65638b_1280x1280.png?1668266716|https://cdncloudcart.com/28510/products/images/1583/ednolicev-matrak-armida-636fbbc7ada89_1920x1920.jpeg?1668266967|https://cdncloudcart.com/28510/products/images/1583/ednolicev-matrak-armida-636fb921b65b2_1920x1920.jpeg?1668266955|https://cdncloudcart.com/28510/products/images/1583/ednolicev-matrak-armida-636fbc123199a_1280x1280.png?1668267047|https://cdncloudcart.com/28510/products/images/1583/ednolicev-matrak-armida-636fb920d80d6_1280x1280.png?1668267031
21018385-1-140-/-200,"Матрак ARMIDA, еднолицев - 140 / 200",Еднолицев модел матрак Армида с ергономичен комфорт от Flexible Technology и стабилна дървена рамка. Двуслойното профилирано ядро осигурява възможност за индивидуално определяне на предпочитания комфорт. Профилираната повърхност осигурява деликатен масаж на тялото и спомага кръвообращението. Облечен в луксозен калъф със сваляема горна част за лесна поддръжка и отлична хигиена. Моделът включва вградена дървена рамка от иглолистен материал. Двуслойното профилирано ядро осигурява възможност за индивидуално определяне на предпочитания комфорт. Профилираната повърхност осигурява деликатен масаж на тялото и спомага кръвообращението. Облечен в луксозен калъф със сваляема горна част за лесна поддръжка и отлична хигиена. Моделът включва вградена дървена рамка от иглолистен материал.,Матраци,1,325.18,243.88,100,https://cdncloudcart.com/28510/products/images/1583/ednolicev-matrak-armida-636fbac65638b_1280x1280.png?1668266716|https://cdncloudcart.com/28510/products/images/1583/ednolicev-matrak-armida-636fbbc7ada89_1920x1920.jpeg?1668266967|https://cdncloudcart.com/28510/products/images/1583/ednolicev-matrak-armida-636fb921b65b2_1920x1920.jpeg?1668266955|https://cdncloudcart.com/28510/products/images/1583/ednolicev-matrak-armida-636fbc123199a_1280x1280.png?1668267047|https://cdncloudcart.com/28510/products/images/1583/ednolicev-matrak-armida-636fb920d80d6_1280x1280.png?1668267031
21018385-1-144-/-190,"Матрак ARMIDA, еднолицев - 144 / 190",Еднолицев модел матрак Армида с ергономичен комфорт от Flexible Technology и стабилна дървена рамка. Двуслойното профилирано ядро осигурява възможност за индивидуално определяне на предпочитания комфорт. Профилираната повърхност осигурява деликатен масаж на тялото и спомага кръвообращението. Облечен в луксозен калъф със сваляема горна част за лесна поддръжка и отлична хигиена. Моделът включва вградена дървена рамка от иглолистен материал. Двуслойното профилирано ядро осигурява възможност за индивидуално определяне на предпочитания комфорт. Профилираната повърхност осигурява деликатен масаж на тялото и спомага кръвообращението. Облечен в луксозен калъф със сваляема горна част за лесна поддръжка и отлична хигиена. Моделът включва вградена дървена рамка от иглолистен материал.,Матраци,1,325.18,243.88,100,https://cdncloudcart.com/28510/products/images/1583/ednolicev-matrak-armida-636fbac65638b_1280x1280.png?1668266716|https://cdncloudcart.com/28510/products/images/1583/ednolicev-matrak-armida-636fbbc7ada89_1920x1920.jpeg?1668266967|https://cdncloudcart.com/28510/products/images/1583/ednolicev-matrak-armida-636fb921b65b2_1920x1920.jpeg?1668266955|https://cdncloudcart.com/28510/products/images/1583/ednolicev-matrak-armida-636fbc123199a_1280x1280.png?1668267047|https://cdncloudcart.com/28510/products/images/1583/ednolicev-matrak-armida-636fb920d80d6_1280x1280.png?1668267031
21018385-1-160-/-200,"Матрак ARMIDA, еднолицев - 160 / 200",Еднолицев модел матрак Армида с ергономичен комфорт от Flexible Technology и стабилна дървена рамка. Двуслойното профилирано ядро осигурява възможност за индивидуално определяне на предпочитания комфорт. Профилираната повърхност осигурява деликатен масаж на тялото и спомага кръвообращението. Облечен в луксозен калъф със сваляема горна част за лесна поддръжка и отлична хигиена. Моделът включва вградена дървена рамка от иглолистен материал. Двуслойното профилирано ядро осигурява възможност за индивидуално определяне на предпочитания комфорт. Профилираната повърхност осигурява деликатен масаж на тялото и спомага кръвообращението. Облечен в луксозен калъф със сваляема горна част за лесна поддръжка и отлична хигиена. Моделът включва вградена дървена рамка от иглолистен материал.,Матраци,1,380.91,285.68,100,https://cdncloudcart.com/28510/products/images/1583/ednolicev-matrak-armida-636fbac65638b_1280x1280.png?1668266716|https://cdncloudcart.com/28510/products/images/1583/ednolicev-matrak-armida-636fbbc7ada89_1920x1920.jpeg?1668266967|https://cdncloudcart.com/28510/products/images/1583/ednolicev-matrak-armida-636fb921b65b2_1920x1920.jpeg?1668266955|https://cdncloudcart.com/28510/products/images/1583/ednolicev-matrak-armida-636fbc123199a_1280x1280.png?1668267047|https://cdncloudcart.com/28510/products/images/1583/ednolicev-matrak-armida-636fb920d80d6_1280x1280.png?1668267031
21018385-1-164-/-190,"Матрак ARMIDA, еднолицев - 164 / 190",Еднолицев модел матрак Армида с ергономичен комфорт от Flexible Technology и стабилна дървена рамка. Двуслойното профилирано ядро осигурява възможност за индивидуално определяне на предпочитания комфорт. Профилираната повърхност осигурява деликатен масаж на тялото и спомага кръвообращението. Облечен в луксозен калъф със сваляема горна част за лесна поддръжка и отлична хигиена. Моделът включва вградена дървена рамка от иглолистен материал. Двуслойното профилирано ядро осигурява възможност за индивидуално определяне на предпочитания комфорт. Профилираната повърхност осигурява деликатен масаж на тялото и спомага кръвообращението. Облечен в луксозен калъф със сваляема горна част за лесна поддръжка и отлична хигиена. Моделът включва вградена дървена рамка от иглолистен материал.,Матраци,1,372.22,279.17,100,https://cdncloudcart.com/28510/products/images/1583/ednolicev-matrak-armida-636fbac65638b_1280x1280.png?1668266716|https://cdncloudcart.com/28510/products/images/1583/ednolicev-matrak-armida-636fbbc7ada89_1920x1920.jpeg?1668266967|https://cdncloudcart.com/28510/products/images/1583/ednolicev-matrak-armida-636fb921b65b2_1920x1920.jpeg?1668266955|https://cdncloudcart.com/28510/products/images/1583/ednolicev-matrak-armida-636fbc123199a_1280x1280.png?1668267047|https://cdncloudcart.com/28510/products/images/1583/ednolicev-matrak-armida-636fb920d80d6_1280x1280.png?1668267031
21018341-1-82-/-190,"Матрак AWA, еднолицев - 82 / 190","Матрак, с отлично съчетание на удобство и добра опора на разумна цена. Модел Awa се предлага и в еднолицев вариант, със стабилна основа от висококачествен иглолистен материал , което позволява използването му без допълнителна подматрачна рамка. Практично решение за обновяване на леглото. Класическо ядро с бонел за стабилна подръжка там, където е необходимо, а повърхността от пяна следва извивките на тялото . Обемна прошивка омекотява съпротивлението. Мемори частиците в нея бързо възстановяват формата си, за да се наслаждавате на винаги гладка и нежна повърхност .",Матраци,1,151.34,113.50,100,https://cdncloudcart.com/28510/products/images/1584/ednolicev-matrak-awa-636fc6312e374_1280x1280.png?1668269642|https://cdncloudcart.com/28510/products/images/1584/ednolicev-matrak-awa-636fc63354d7f_800x800.jpeg?1668269634|https://cdncloudcart.com/28510/products/images/1584/ednolicev-matrak-awa-636fc631b3103_1280x1280.jpeg?1668269632|https://cdncloudcart.com/28510/products/images/1584/ednolicev-matrak-awa-636fc63294f59_1280x1280.png?1668269653|https://cdncloudcart.com/28510/products/images/1584/ednolicev-matrak-awa-636fc632ebf52_1280x1280.jpeg?1668269654|https://cdncloudcart.com/28510/products/images/1584/ednolicev-matrak-awa-636fc633b51de_1920x1920.jpeg?1668269656|https://cdncloudcart.com/28510/products/images/1584/ednolicev-matrak-awa-636fc6341ef8f_800x800.jpeg?1668269633
21018341-1-90-/-190,"Матрак AWA, еднолицев - 90 / 190","Матрак, с отлично съчетание на удобство и добра опора на разумна цена. Модел Awa се предлага и в еднолицев вариант, със стабилна основа от висококачествен иглолистен материал , което позволява използването му без допълнителна подматрачна рамка. Практично решение за обновяване на леглото. Класическо ядро с бонел за стабилна подръжка там, където е необходимо, а повърхността от пяна следва извивките на тялото . Обемна прошивка омекотява съпротивлението. Мемори частиците в нея бързо възстановяват формата си, за да се наслаждавате на винаги гладка и нежна повърхност .",Матраци,1,177.93,133.45,100,https://cdncloudcart.com/28510/products/images/1584/ednolicev-matrak-awa-636fc6312e374_1280x1280.png?1668269642|https://cdncloudcart.com/28510/products/images/1584/ednolicev-matrak-awa-636fc63354d7f_800x800.jpeg?1668269634|https://cdncloudcart.com/28510/products/images/1584/ednolicev-matrak-awa-636fc631b3103_1280x1280.jpeg?1668269632|https://cdncloudcart.com/28510/products/images/1584/ednolicev-matrak-awa-636fc63294f59_1280x1280.png?1668269653|https://cdncloudcart.com/28510/products/images/1584/ednolicev-matrak-awa-636fc632ebf52_1280x1280.jpeg?1668269654|https://cdncloudcart.com/28510/products/images/1584/ednolicev-matrak-awa-636fc633b51de_1920x1920.jpeg?1668269656|https://cdncloudcart.com/28510/products/images/1584/ednolicev-matrak-awa-636fc6341ef8f_800x800.jpeg?1668269633
21018341-1-90-/-200,"Матрак AWA, еднолицев - 90 / 200","Матрак, с отлично съчетание на удобство и добра опора на разумна цена. Модел Awa се предлага и в еднолицев вариант, със стабилна основа от висококачествен иглолистен материал , което позволява използването му без допълнителна подматрачна рамка. Практично решение за обновяване на леглото. Класическо ядро с бонел за стабилна подръжка там, където е необходимо, а повърхността от пяна следва извивките на тялото . Обемна прошивка омекотява съпротивлението. Мемори частиците в нея бързо възстановяват формата си, за да се наслаждавате на винаги гладка и нежна повърхност .",Матраци,1,186.11,139.58,100,https://cdncloudcart.com/28510/products/images/1584/ednolicev-matrak-awa-636fc6312e374_1280x1280.png?1668269642|https://cdncloudcart.com/28510/products/images/1584/ednolicev-matrak-awa-636fc63354d7f_800x800.jpeg?1668269634|https://cdncloudcart.com/28510/products/images/1584/ednolicev-matrak-awa-636fc631b3103_1280x1280.jpeg?1668269632|https://cdncloudcart.com/28510/products/images/1584/ednolicev-matrak-awa-636fc63294f59_1280x1280.png?1668269653|https://cdncloudcart.com/28510/products/images/1584/ednolicev-matrak-awa-636fc632ebf52_1280x1280.jpeg?1668269654|https://cdncloudcart.com/28510/products/images/1584/ednolicev-matrak-awa-636fc633b51de_1920x1920.jpeg?1668269656|https://cdncloudcart.com/28510/products/images/1584/ednolicev-matrak-awa-636fc6341ef8f_800x800.jpeg?1668269633
21018341-1-114-/-190,"Матрак AWA, еднолицев - 114 / 190","Матрак, с отлично съчетание на удобство и добра опора на разумна цена. Модел Awa се предлага и в еднолицев вариант, със стабилна основа от висококачествен иглолистен материал , което позволява използването му без допълнителна подматрачна рамка. Практично решение за обновяване на леглото. Класическо ядро с бонел за стабилна подръжка там, където е необходимо, а повърхността от пяна следва извивките на тялото . Обемна прошивка омекотява съпротивлението. Мемори частиците в нея бързо възстановяват формата си, за да се наслаждавате на винаги гладка и нежна повърхност .",Матраци,1,221.39,166.04,100,https://cdncloudcart.com/28510/products/images/1584/ednolicev-matrak-awa-636fc6312e374_1280x1280.png?1668269642|https://cdncloudcart.com/28510/products/images/1584/ednolicev-matrak-awa-636fc63354d7f_800x800.jpeg?1668269634|https://cdncloudcart.com/28510/products/images/1584/ednolicev-matrak-awa-636fc631b3103_1280x1280.jpeg?1668269632|https://cdncloudcart.com/28510/products/images/1584/ednolicev-matrak-awa-636fc63294f59_1280x1280.png?1668269653|https://cdncloudcart.com/28510/products/images/1584/ednolicev-matrak-awa-636fc632ebf52_1280x1280.jpeg?1668269654|https://cdncloudcart.com/28510/products/images/1584/ednolicev-matrak-awa-636fc633b51de_1920x1920.jpeg?1668269656|https://cdncloudcart.com/28510/products/images/1584/ednolicev-matrak-awa-636fc6341ef8f_800x800.jpeg?1668269633
21018341-1-120-/-190,"Матрак AWA, еднолицев - 120 / 190","Матрак, с отлично съчетание на удобство и добра опора на разумна цена. Модел Awa се предлага и в еднолицев вариант, със стабилна основа от висококачествен иглолистен материал , което позволява използването му без допълнителна подматрачна рамка. Практично решение за обновяване на леглото. Класическо ядро с бонел за стабилна подръжка там, където е необходимо, а повърхността от пяна следва извивките на тялото . Обемна прошивка омекотява съпротивлението. Мемори частиците в нея бързо възстановяват формата си, за да се наслаждавате на винаги гладка и нежна повърхност .",Матраци,1,227.01,170.26,100,https://cdncloudcart.com/28510/products/images/1584/ednolicev-matrak-awa-636fc6312e374_1280x1280.png?1668269642|https://cdncloudcart.com/28510/products/images/1584/ednolicev-matrak-awa-636fc63354d7f_800x800.jpeg?1668269634|https://cdncloudcart.com/28510/products/images/1584/ednolicev-matrak-awa-636fc631b3103_1280x1280.jpeg?1668269632|https://cdncloudcart.com/28510/products/images/1584/ednolicev-matrak-awa-636fc63294f59_1280x1280.png?1668269653|https://cdncloudcart.com/28510/products/images/1584/ednolicev-matrak-awa-636fc632ebf52_1280x1280.jpeg?1668269654|https://cdncloudcart.com/28510/products/images/1584/ednolicev-matrak-awa-636fc633b51de_1920x1920.jpeg?1668269656|https://cdncloudcart.com/28510/products/images/1584/ednolicev-matrak-awa-636fc6341ef8f_800x800.jpeg?1668269633
21018341-1-140-/-200,"Матрак AWA, еднолицев - 140 / 200","Матрак, с отлично съчетание на удобство и добра опора на разумна цена. Модел Awa се предлага и в еднолицев вариант, със стабилна основа от висококачествен иглолистен материал , което позволява използването му без допълнителна подматрачна рамка. Практично решение за обновяване на леглото. Класическо ядро с бонел за стабилна подръжка там, където е необходимо, а повърхността от пяна следва извивките на тялото . Обемна прошивка омекотява съпротивлението. Мемори частиците в нея бързо възстановяват формата си, за да се наслаждавате на винаги гладка и нежна повърхност .",Матраци,1,254.11,190.58,100,https://cdncloudcart.com/28510/products/images/1584/ednolicev-matrak-awa-636fc6312e374_1280x1280.png?1668269642|https://cdncloudcart.com/28510/products/images/1584/ednolicev-matrak-awa-636fc63354d7f_800x800.jpeg?1668269634|https://cdncloudcart.com/28510/products/images/1584/ednolicev-matrak-awa-636fc631b3103_1280x1280.jpeg?1668269632|https://cdncloudcart.com/28510/products/images/1584/ednolicev-matrak-awa-636fc63294f59_1280x1280.png?1668269653|https://cdncloudcart.com/28510/products/images/1584/ednolicev-matrak-awa-636fc632ebf52_1280x1280.jpeg?1668269654|https://cdncloudcart.com/28510/products/images/1584/ednolicev-matrak-awa-636fc633b51de_1920x1920.jpeg?1668269656|https://cdncloudcart.com/28510/products/images/1584/ednolicev-matrak-awa-636fc6341ef8f_800x800.jpeg?1668269633
21018341-1-144-/-190,"Матрак AWA, еднолицев - 144 / 190","Матрак, с отлично съчетание на удобство и добра опора на разумна цена. Модел Awa се предлага и в еднолицев вариант, със стабилна основа от висококачествен иглолистен материал , което позволява използването му без допълнителна подматрачна рамка. Практично решение за обновяване на леглото. Класическо ядро с бонел за стабилна подръжка там, където е необходимо, а повърхността от пяна следва извивките на тялото . Обемна прошивка омекотява съпротивлението. Мемори частиците в нея бързо възстановяват формата си, за да се наслаждавате на винаги гладка и нежна повърхност .",Матраци,1,249.00,186.75,100,https://cdncloudcart.com/28510/products/images/1584/ednolicev-matrak-awa-636fc6312e374_1280x1280.png?1668269642|https://cdncloudcart.com/28510/products/images/1584/ednolicev-matrak-awa-636fc63354d7f_800x800.jpeg?1668269634|https://cdncloudcart.com/28510/products/images/1584/ednolicev-matrak-awa-636fc631b3103_1280x1280.jpeg?1668269632|https://cdncloudcart.com/28510/products/images/1584/ednolicev-matrak-awa-636fc63294f59_1280x1280.png?1668269653|https://cdncloudcart.com/28510/products/images/1584/ednolicev-matrak-awa-636fc632ebf52_1280x1280.jpeg?1668269654|https://cdncloudcart.com/28510/products/images/1584/ednolicev-matrak-awa-636fc633b51de_1920x1920.jpeg?1668269656|https://cdncloudcart.com/28510/products/images/1584/ednolicev-matrak-awa-636fc6341ef8f_800x800.jpeg?1668269633
21018341-1-160-/-200,"Матрак AWA, еднолицев - 160 / 200","Матрак, с отлично съчетание на удобство и добра опора на разумна цена. Модел Awa се предлага и в еднолицев вариант, със стабилна основа от висококачествен иглолистен материал , което позволява използването му без допълнителна подматрачна рамка. Практично решение за обновяване на леглото. Класическо ядро с бонел за стабилна подръжка там, където е необходимо, а повърхността от пяна следва извивките на тялото . Обемна прошивка омекотява съпротивлението. Мемори частиците в нея бързо възстановяват формата си, за да се наслаждавате на винаги гладка и нежна повърхност .",Матраци,1,286.83,215.12,100,https://cdncloudcart.com/28510/products/images/1584/ednolicev-matrak-awa-636fc6312e374_1280x1280.png?1668269642|https://cdncloudcart.com/28510/products/images/1584/ednolicev-matrak-awa-636fc63354d7f_800x800.jpeg?1668269634|https://cdncloudcart.com/28510/products/images/1584/ednolicev-matrak-awa-636fc631b3103_1280x1280.jpeg?1668269632|https://cdncloudcart.com/28510/products/images/1584/ednolicev-matrak-awa-636fc63294f59_1280x1280.png?1668269653|https://cdncloudcart.com/28510/products/images/1584/ednolicev-matrak-awa-636fc632ebf52_1280x1280.jpeg?1668269654|https://cdncloudcart.com/28510/products/images/1584/ednolicev-matrak-awa-636fc633b51de_1920x1920.jpeg?1668269656|https://cdncloudcart.com/28510/products/images/1584/ednolicev-matrak-awa-636fc6341ef8f_800x800.jpeg?1668269633
21018341-1-164-/-190,"Матрак AWA, еднолицев - 164 / 190","Матрак, с отлично съчетание на удобство и добра опора на разумна цена. Модел Awa се предлага и в еднолицев вариант, със стабилна основа от висококачествен иглолистен материал , което позволява използването му без допълнителна подматрачна рамка. Практично решение за обновяване на леглото. Класическо ядро с бонел за стабилна подръжка там, където е необходимо, а повърхността от пяна следва извивките на тялото . Обемна прошивка омекотява съпротивлението. Мемори частиците в нея бързо възстановяват формата си, за да се наслаждавате на винаги гладка и нежна повърхност .",Матраци,1,284.79,213.59,100,https://cdncloudcart.com/28510/products/images/1584/ednolicev-matrak-awa-636fc6312e374_1280x1280.png?1668269642|https://cdncloudcart.com/28510/products/images/1584/ednolicev-matrak-awa-636fc63354d7f_800x800.jpeg?1668269634|https://cdncloudcart.com/28510/products/images/1584/ednolicev-matrak-awa-636fc631b3103_1280x1280.jpeg?1668269632|https://cdncloudcart.com/28510/products/images/1584/ednolicev-matrak-awa-636fc63294f59_1280x1280.png?1668269653|https://cdncloudcart.com/28510/products/images/1584/ednolicev-matrak-awa-636fc632ebf52_1280x1280.jpeg?1668269654|https://cdncloudcart.com/28510/products/images/1584/ednolicev-matrak-awa-636fc633b51de_1920x1920.jpeg?1668269656|https://cdncloudcart.com/28510/products/images/1584/ednolicev-matrak-awa-636fc6341ef8f_800x800.jpeg?1668269633
21018341-1-82-/-186,"Матрак AWA, еднолицев - 82 / 186","Матрак, с отлично съчетание на удобство и добра опора на разумна цена. Модел Awa се предлага и в еднолицев вариант, със стабилна основа от висококачествен иглолистен материал , което позволява използването му без допълнителна подматрачна рамка. Практично решение за обновяване на леглото. Класическо ядро с бонел за стабилна подръжка там, където е необходимо, а повърхността от пяна следва извивките на тялото . Обемна прошивка омекотява съпротивлението. Мемори частиците в нея бързо възстановяват формата си, за да се наслаждавате на винаги гладка и нежна повърхност .",Матраци,1,151.34,113.50,100,https://cdncloudcart.com/28510/products/images/1584/ednolicev-matrak-awa-636fc6312e374_1280x1280.png?1668269642|https://cdncloudcart.com/28510/products/images/1584/ednolicev-matrak-awa-636fc63354d7f_800x800.jpeg?1668269634|https://cdncloudcart.com/28510/products/images/1584/ednolicev-matrak-awa-636fc631b3103_1280x1280.jpeg?1668269632|https://cdncloudcart.com/28510/products/images/1584/ednolicev-matrak-awa-636fc63294f59_1280x1280.png?1668269653|https://cdncloudcart.com/28510/products/images/1584/ednolicev-matrak-awa-636fc632ebf52_1280x1280.jpeg?1668269654|https://cdncloudcart.com/28510/products/images/1584/ednolicev-matrak-awa-636fc633b51de_1920x1920.jpeg?1668269656|https://cdncloudcart.com/28510/products/images/1584/ednolicev-matrak-awa-636fc6341ef8f_800x800.jpeg?1668269633
22011879-1-82-/-190,"Матрак ALOE SPRING, двулицев - 82 / 190","Матракът Aloe Spring от колекцията на TED Bed е матрак, който съчетава в едно - удивителен комфорт и изключителна опора . Благодарение на мемори пяна и екстракти от популярното и много полезно растение &bdquo;Алое Вера&ldquo; , матракът Aloe Spring ще ви изненада с неподправен комфорт по време на сън. Този уникален матрак е изработен от множество индивидуално опаковани многопластови пружинки и има 500 независими опорни точки на квадратен метър, които осигуряват не само по-добра опора , но и правилна ортопедична поддръжка на гръбначния стълб. Висококачественият текстил е обогатен с екстракт от Алое Вера , известен с отличното си успокояващо действие върху кожата. Това невероятно растение освен, че осигурява антибактериална, антимикробна и антисептична защита , има функцията да успокоява кожата благодарение на подмладяващите си свойства. По този начин човек може да се събуди сутрин освежен и много спокоен. Повърхността на матрака Aloe Spring е луксозно прошита с мемори частици и влакна , които дават усещане за въздушна мекота . Разположена непосредствено до тялото термо-чувствителната пяна се адаптира изцяло по силуета на спящия . Насладете се на уникалните ползи на Алое Вера с този специално проектиран матрак от колекцията на TED BED!",Матраци,1,241.33,181.00,100,https://cdncloudcart.com/28510/products/images/1586/matrak-aloe-spring-637096b29cce6_1280x1280.png?1668323015|https://cdncloudcart.com/28510/products/images/1586/matrak-aloe-spring-636fcecf7b8db_1920x1920.jpeg?1668322999|https://cdncloudcart.com/28510/products/images/1586/matrak-aloe-spring-636fceceeddca_1280x1280.png?1668322999|https://cdncloudcart.com/28510/products/images/1586/matrak-aloe-spring-636fcece42c54_800x800.jpeg?1668322999
22011879-1-90-/-190,"Матрак ALOE SPRING, двулицев - 90 / 190","Матракът Aloe Spring от колекцията на TED Bed е матрак, който съчетава в едно - удивителен комфорт и изключителна опора . Благодарение на мемори пяна и екстракти от популярното и много полезно растение &bdquo;Алое Вера&ldquo; , матракът Aloe Spring ще ви изненада с неподправен комфорт по време на сън. Този уникален матрак е изработен от множество индивидуално опаковани многопластови пружинки и има 500 независими опорни точки на квадратен метър, които осигуряват не само по-добра опора , но и правилна ортопедична поддръжка на гръбначния стълб. Висококачественият текстил е обогатен с екстракт от Алое Вера , известен с отличното си успокояващо действие върху кожата. Това невероятно растение освен, че осигурява антибактериална, антимикробна и антисептична защита , има функцията да успокоява кожата благодарение на подмладяващите си свойства. По този начин човек може да се събуди сутрин освежен и много спокоен. Повърхността на матрака Aloe Spring е луксозно прошита с мемори частици и влакна , които дават усещане за въздушна мекота . Разположена непосредствено до тялото термо-чувствителната пяна се адаптира изцяло по силуета на спящия . Насладете се на уникалните ползи на Алое Вера с този специално проектиран матрак от колекцията на TED BED!",Матраци,1,253.09,189.82,100,https://cdncloudcart.com/28510/products/images/1586/matrak-aloe-spring-637096b29cce6_1280x1280.png?1668323015|https://cdncloudcart.com/28510/products/images/1586/matrak-aloe-spring-636fcecf7b8db_1920x1920.jpeg?1668322999|https://cdncloudcart.com/28510/products/images/1586/matrak-aloe-spring-636fceceeddca_1280x1280.png?1668322999|https://cdncloudcart.com/28510/products/images/1586/matrak-aloe-spring-636fcece42c54_800x800.jpeg?1668322999
22011879-1-90-/-200,"Матрак ALOE SPRING, двулицев - 90 / 200","Матракът Aloe Spring от колекцията на TED Bed е матрак, който съчетава в едно - удивителен комфорт и изключителна опора . Благодарение на мемори пяна и екстракти от популярното и много полезно растение &bdquo;Алое Вера&ldquo; , матракът Aloe Spring ще ви изненада с неподправен комфорт по време на сън. Този уникален матрак е изработен от множество индивидуално опаковани многопластови пружинки и има 500 независими опорни точки на квадратен метър, които осигуряват не само по-добра опора , но и правилна ортопедична поддръжка на гръбначния стълб. Висококачественият текстил е обогатен с екстракт от Алое Вера , известен с отличното си успокояващо действие върху кожата. Това невероятно растение освен, че осигурява антибактериална, антимикробна и антисептична защита , има функцията да успокоява кожата благодарение на подмладяващите си свойства. По този начин човек може да се събуди сутрин освежен и много спокоен. Повърхността на матрака Aloe Spring е луксозно прошита с мемори частици и влакна , които дават усещане за въздушна мекота . Разположена непосредствено до тялото термо-чувствителната пяна се адаптира изцяло по силуета на спящия . Насладете се на уникалните ползи на Алое Вера с този специално проектиран матрак от колекцията на TED BED!",Матраци,1,255.13,191.35,100,https://cdncloudcart.com/28510/products/images/1586/matrak-aloe-spring-637096b29cce6_1280x1280.png?1668323015|https://cdncloudcart.com/28510/products/images/1586/matrak-aloe-spring-636fcecf7b8db_1920x1920.jpeg?1668322999|https://cdncloudcart.com/28510/products/images/1586/matrak-aloe-spring-636fceceeddca_1280x1280.png?1668322999|https://cdncloudcart.com/28510/products/images/1586/matrak-aloe-spring-636fcece42c54_800x800.jpeg?1668322999
22011879-1-120-/-190,"Матрак ALOE SPRING, двулицев - 120 / 190","Матракът Aloe Spring от колекцията на TED Bed е матрак, който съчетава в едно - удивителен комфорт и изключителна опора . Благодарение на мемори пяна и екстракти от популярното и много полезно растение &bdquo;Алое Вера&ldquo; , матракът Aloe Spring ще ви изненада с неподправен комфорт по време на сън. Този уникален матрак е изработен от множество индивидуално опаковани многопластови пружинки и има 500 независими опорни точки на квадратен метър, които осигуряват не само по-добра опора , но и правилна ортопедична поддръжка на гръбначния стълб. Висококачественият текстил е обогатен с екстракт от Алое Вера , известен с отличното си успокояващо действие върху кожата. Това невероятно растение освен, че осигурява антибактериална, антимикробна и антисептична защита , има функцията да успокоява кожата благодарение на подмладяващите си свойства. По този начин човек може да се събуди сутрин освежен и много спокоен. Повърхността на матрака Aloe Spring е луксозно прошита с мемори частици и влакна , които дават усещане за въздушна мекота . Разположена непосредствено до тялото термо-чувствителната пяна се адаптира изцяло по силуета на спящия . Насладете се на уникалните ползи на Алое Вера с този специално проектиран матрак от колекцията на TED BED!",Матраци,1,324.16,243.12,100,https://cdncloudcart.com/28510/products/images/1586/matrak-aloe-spring-637096b29cce6_1280x1280.png?1668323015|https://cdncloudcart.com/28510/products/images/1586/matrak-aloe-spring-636fcecf7b8db_1920x1920.jpeg?1668322999|https://cdncloudcart.com/28510/products/images/1586/matrak-aloe-spring-636fceceeddca_1280x1280.png?1668322999|https://cdncloudcart.com/28510/products/images/1586/matrak-aloe-spring-636fcece42c54_800x800.jpeg?1668322999
22011879-1-144-/-190,"Матрак ALOE SPRING, двулицев - 144 / 190","Матракът Aloe Spring от колекцията на TED Bed е матрак, който съчетава в едно - удивителен комфорт и изключителна опора . Благодарение на мемори пяна и екстракти от популярното и много полезно растение &bdquo;Алое Вера&ldquo; , матракът Aloe Spring ще ви изненада с неподправен комфорт по време на сън. Този уникален матрак е изработен от множество индивидуално опаковани многопластови пружинки и има 500 независими опорни точки на квадратен метър, които осигуряват не само по-добра опора , но и правилна ортопедична поддръжка на гръбначния стълб. Висококачественият текстил е обогатен с екстракт от Алое Вера , известен с отличното си успокояващо действие върху кожата. Това невероятно растение освен, че осигурява антибактериална, антимикробна и антисептична защита , има функцията да успокоява кожата благодарение на подмладяващите си свойства. По този начин човек може да се събуди сутрин освежен и много спокоен. Повърхността на матрака Aloe Spring е луксозно прошита с мемори частици и влакна , които дават усещане за въздушна мекота . Разположена непосредствено до тялото термо-чувствителната пяна се адаптира изцяло по силуета на спящия . Насладете се на уникалните ползи на Алое Вера с този специално проектиран матрак от колекцията на TED BED!",Матраци,1,365.57,274.18,100,https://cdncloudcart.com/28510/products/images/1586/matrak-aloe-spring-637096b29cce6_1280x1280.png?1668323015|https://cdncloudcart.com/28510/products/images/1586/matrak-aloe-spring-636fcecf7b8db_1920x1920.jpeg?1668322999|https://cdncloudcart.com/28510/products/images/1586/matrak-aloe-spring-636fceceeddca_1280x1280.png?1668322999|https://cdncloudcart.com/28510/products/images/1586/matrak-aloe-spring-636fcece42c54_800x800.jpeg?1668322999
22011879-1-160-/-200,"Матрак ALOE SPRING, двулицев - 160 / 200","Матракът Aloe Spring от колекцията на TED Bed е матрак, който съчетава в едно - удивителен комфорт и изключителна опора . Благодарение на мемори пяна и екстракти от популярното и много полезно растение &bdquo;Алое Вера&ldquo; , матракът Aloe Spring ще ви изненада с неподправен комфорт по време на сън. Този уникален матрак е изработен от множество индивидуално опаковани многопластови пружинки и има 500 независими опорни точки на квадратен метър, които осигуряват не само по-добра опора , но и правилна ортопедична поддръжка на гръбначния стълб. Висококачественият текстил е обогатен с екстракт от Алое Вера , известен с отличното си успокояващо действие върху кожата. Това невероятно растение освен, че осигурява антибактериална, антимикробна и антисептична защита , има функцията да успокоява кожата благодарение на подмладяващите си свойства. По този начин човек може да се събуди сутрин освежен и много спокоен. Повърхността на матрака Aloe Spring е луксозно прошита с мемори частици и влакна , които дават усещане за въздушна мекота . Разположена непосредствено до тялото термо-чувствителната пяна се адаптира изцяло по силуета на спящия . Насладете се на уникалните ползи на Алое Вера с този специално проектиран матрак от колекцията на TED BED!",Матраци,1,445.85,334.39,100,https://cdncloudcart.com/28510/products/images/1586/matrak-aloe-spring-637096b29cce6_1280x1280.png?1668323015|https://cdncloudcart.com/28510/products/images/1586/matrak-aloe-spring-636fcecf7b8db_1920x1920.jpeg?1668322999|https://cdncloudcart.com/28510/products/images/1586/matrak-aloe-spring-636fceceeddca_1280x1280.png?1668322999|https://cdncloudcart.com/28510/products/images/1586/matrak-aloe-spring-636fcece42c54_800x800.jpeg?1668322999
22011879-1-164-/-190,"Матрак ALOE SPRING, двулицев - 164 / 190","Матракът Aloe Spring от колекцията на TED Bed е матрак, който съчетава в едно - удивителен комфорт и изключителна опора . Благодарение на мемори пяна и екстракти от популярното и много полезно растение &bdquo;Алое Вера&ldquo; , матракът Aloe Spring ще ви изненада с неподправен комфорт по време на сън. Този уникален матрак е изработен от множество индивидуално опаковани многопластови пружинки и има 500 независими опорни точки на квадратен метър, които осигуряват не само по-добра опора , но и правилна ортопедична поддръжка на гръбначния стълб. Висококачественият текстил е обогатен с екстракт от Алое Вера , известен с отличното си успокояващо действие върху кожата. Това невероятно растение освен, че осигурява антибактериална, антимикробна и антисептична защита , има функцията да успокоява кожата благодарение на подмладяващите си свойства. По този начин човек може да се събуди сутрин освежен и много спокоен. Повърхността на матрака Aloe Spring е луксозно прошита с мемори частици и влакна , които дават усещане за въздушна мекота . Разположена непосредствено до тялото термо-чувствителната пяна се адаптира изцяло по силуета на спящия . Насладете се на уникалните ползи на Алое Вера с този специално проектиран матрак от колекцията на TED BED!",Матраци,1,415.68,311.76,100,https://cdncloudcart.com/28510/products/images/1586/matrak-aloe-spring-637096b29cce6_1280x1280.png?1668323015|https://cdncloudcart.com/28510/products/images/1586/matrak-aloe-spring-636fcecf7b8db_1920x1920.jpeg?1668322999|https://cdncloudcart.com/28510/products/images/1586/matrak-aloe-spring-636fceceeddca_1280x1280.png?1668322999|https://cdncloudcart.com/28510/products/images/1586/matrak-aloe-spring-636fcece42c54_800x800.jpeg?1668322999
22011879-1-120-/-200,"Матрак ALOE SPRING, двулицев - 120 / 200","Матракът Aloe Spring от колекцията на TED Bed е матрак, който съчетава в едно - удивителен комфорт и изключителна опора . Благодарение на мемори пяна и екстракти от популярното и много полезно растение &bdquo;Алое Вера&ldquo; , матракът Aloe Spring ще ви изненада с неподправен комфорт по време на сън. Този уникален матрак е изработен от множество индивидуално опаковани многопластови пружинки и има 500 независими опорни точки на квадратен метър, които осигуряват не само по-добра опора , но и правилна ортопедична поддръжка на гръбначния стълб. Висококачественият текстил е обогатен с екстракт от Алое Вера , известен с отличното си успокояващо действие върху кожата. Това невероятно растение освен, че осигурява антибактериална, антимикробна и антисептична защита , има функцията да успокоява кожата благодарение на подмладяващите си свойства. По този начин човек може да се събуди сутрин освежен и много спокоен. Повърхността на матрака Aloe Spring е луксозно прошита с мемори частици и влакна , които дават усещане за въздушна мекота . Разположена непосредствено до тялото термо-чувствителната пяна се адаптира изцяло по силуета на спящия . Насладете се на уникалните ползи на Алое Вера с този специално проектиран матрак от колекцията на TED BED!",Матраци,1,330.29,247.72,100,https://cdncloudcart.com/28510/products/images/1586/matrak-aloe-spring-637096b29cce6_1280x1280.png?1668323015|https://cdncloudcart.com/28510/products/images/1586/matrak-aloe-spring-636fcecf7b8db_1920x1920.jpeg?1668322999|https://cdncloudcart.com/28510/products/images/1586/matrak-aloe-spring-636fceceeddca_1280x1280.png?1668322999|https://cdncloudcart.com/28510/products/images/1586/matrak-aloe-spring-636fcece42c54_800x800.jpeg?1668322999
22011879-1-180-/-200,"Матрак ALOE SPRING, двулицев - 180 / 200","Матракът Aloe Spring от колекцията на TED Bed е матрак, който съчетава в едно - удивителен комфорт и изключителна опора . Благодарение на мемори пяна и екстракти от популярното и много полезно растение &bdquo;Алое Вера&ldquo; , матракът Aloe Spring ще ви изненада с неподправен комфорт по време на сън. Този уникален матрак е изработен от множество индивидуално опаковани многопластови пружинки и има 500 независими опорни точки на квадратен метър, които осигуряват не само по-добра опора , но и правилна ортопедична поддръжка на гръбначния стълб. Висококачественият текстил е обогатен с екстракт от Алое Вера , известен с отличното си успокояващо действие върху кожата. Това невероятно растение освен, че осигурява антибактериална, антимикробна и антисептична защита , има функцията да успокоява кожата благодарение на подмладяващите си свойства. По този начин човек може да се събуди сутрин освежен и много спокоен. Повърхността на матрака Aloe Spring е луксозно прошита с мемори частици и влакна , които дават усещане за въздушна мекота . Разположена непосредствено до тялото термо-чувствителната пяна се адаптира изцяло по силуета на спящия . Насладете се на уникалните ползи на Алое Вера с този специално проектиран матрак от колекцията на TED BED!",Матраци,1,480.10,360.08,100,https://cdncloudcart.com/28510/products/images/1586/matrak-aloe-spring-637096b29cce6_1280x1280.png?1668323015|https://cdncloudcart.com/28510/products/images/1586/matrak-aloe-spring-636fcecf7b8db_1920x1920.jpeg?1668322999|https://cdncloudcart.com/28510/products/images/1586/matrak-aloe-spring-636fceceeddca_1280x1280.png?1668322999|https://cdncloudcart.com/28510/products/images/1586/matrak-aloe-spring-636fcece42c54_800x800.jpeg?1668322999
21021964-1-82-/-190,"Матрак CASHMERE DREAM, еднолицев - 82 / 190","Любов от пръв допир Покани лукса в спалнята с нежната кашмирена мекота на матрак Cashmere Dream. Ето как постигнахме балансирана твърдост и нежна мекота: ✓ Полиуретанова пяна BodyCare материал с добра плътност, но едновременно и с добра еластичност. Оказва стабилна поддръжка, без да създава точки на напрежение. Пенополиуретанът е лесен за профилиране, което му придава допълнителни анатомични свойства. ✓ Мемори пяна изключително адаптивен и чувствителен към температурата материал. Реагира на топлината на тялото и заема неговата точна форма, запомняйки всяко движение. Подобрява комфорта и създава усещане за мекота. За кого е подходящ матрак Cashmere Dream? За ценителите на лукса, елегантния дизайн и нежните естествени материи. Матракът е произведен в България, луксозен клас, който ти осигурява 5 години гаранция, спокойствие и удовлетвореност.",Матраци,1,225.48,169.11,100,https://cdncloudcart.com/28510/products/images/1587/ednolicev-matrak-cashmere-dream-6370adc692af0_1920x1920.png?1668328936|https://cdncloudcart.com/28510/products/images/1587/ednolicev-matrak-cashmere-dream-6370adc7b7f8b_1920x1920.png?1668328946|https://cdncloudcart.com/28510/products/images/1587/ednolicev-matrak-cashmere-dream-636fd232db3a3_800x800.png?1668328936
21021964-1-90-/-190,"Матрак CASHMERE DREAM, еднолицев - 90 / 190","Любов от пръв допир Покани лукса в спалнята с нежната кашмирена мекота на матрак Cashmere Dream. Ето как постигнахме балансирана твърдост и нежна мекота: ✓ Полиуретанова пяна BodyCare материал с добра плътност, но едновременно и с добра еластичност. Оказва стабилна поддръжка, без да създава точки на напрежение. Пенополиуретанът е лесен за профилиране, което му придава допълнителни анатомични свойства. ✓ Мемори пяна изключително адаптивен и чувствителен към температурата материал. Реагира на топлината на тялото и заема неговата точна форма, запомняйки всяко движение. Подобрява комфорта и създава усещане за мекота. За кого е подходящ матрак Cashmere Dream? За ценителите на лукса, елегантния дизайн и нежните естествени материи. Матракът е произведен в България, луксозен клас, който ти осигурява 5 години гаранция, спокойствие и удовлетвореност.",Матраци,1,247.47,185.60,100,https://cdncloudcart.com/28510/products/images/1587/ednolicev-matrak-cashmere-dream-6370adc692af0_1920x1920.png?1668328936|https://cdncloudcart.com/28510/products/images/1587/ednolicev-matrak-cashmere-dream-6370adc7b7f8b_1920x1920.png?1668328946|https://cdncloudcart.com/28510/products/images/1587/ednolicev-matrak-cashmere-dream-636fd232db3a3_800x800.png?1668328936
21021964-1-90-/-200,"Матрак CASHMERE DREAM, еднолицев - 90 / 200","Любов от пръв допир Покани лукса в спалнята с нежната кашмирена мекота на матрак Cashmere Dream. Ето как постигнахме балансирана твърдост и нежна мекота: ✓ Полиуретанова пяна BodyCare материал с добра плътност, но едновременно и с добра еластичност. Оказва стабилна поддръжка, без да създава точки на напрежение. Пенополиуретанът е лесен за профилиране, което му придава допълнителни анатомични свойства. ✓ Мемори пяна изключително адаптивен и чувствителен към температурата материал. Реагира на топлината на тялото и заема неговата точна форма, запомняйки всяко движение. Подобрява комфорта и създава усещане за мекота. За кого е подходящ матрак Cashmere Dream? За ценителите на лукса, елегантния дизайн и нежните естествени материи. Матракът е произведен в България, луксозен клас, който ти осигурява 5 години гаранция, спокойствие и удовлетвореност.",Матраци,1,260.76,195.57,100,https://cdncloudcart.com/28510/products/images/1587/ednolicev-matrak-cashmere-dream-6370adc692af0_1920x1920.png?1668328936|https://cdncloudcart.com/28510/products/images/1587/ednolicev-matrak-cashmere-dream-6370adc7b7f8b_1920x1920.png?1668328946|https://cdncloudcart.com/28510/products/images/1587/ednolicev-matrak-cashmere-dream-636fd232db3a3_800x800.png?1668328936
21021964-1-114-/-190,"Матрак CASHMERE DREAM, еднолицев - 114 / 190","Любов от пръв допир Покани лукса в спалнята с нежната кашмирена мекота на матрак Cashmere Dream. Ето как постигнахме балансирана твърдост и нежна мекота: ✓ Полиуретанова пяна BodyCare материал с добра плътност, но едновременно и с добра еластичност. Оказва стабилна поддръжка, без да създава точки на напрежение. Пенополиуретанът е лесен за профилиране, което му придава допълнителни анатомични свойства. ✓ Мемори пяна изключително адаптивен и чувствителен към температурата материал. Реагира на топлината на тялото и заема неговата точна форма, запомняйки всяко движение. Подобрява комфорта и създава усещане за мекота. За кого е подходящ матрак Cashmere Dream? За ценителите на лукса, елегантния дизайн и нежните естествени материи. Матракът е произведен в България, луксозен клас, който ти осигурява 5 години гаранция, спокойствие и удовлетвореност.",Матраци,1,313.42,235.06,100,https://cdncloudcart.com/28510/products/images/1587/ednolicev-matrak-cashmere-dream-6370adc692af0_1920x1920.png?1668328936|https://cdncloudcart.com/28510/products/images/1587/ednolicev-matrak-cashmere-dream-6370adc7b7f8b_1920x1920.png?1668328946|https://cdncloudcart.com/28510/products/images/1587/ednolicev-matrak-cashmere-dream-636fd232db3a3_800x800.png?1668328936
21021964-1-120-/-190,"Матрак CASHMERE DREAM, еднолицев - 120 / 190","Любов от пръв допир Покани лукса в спалнята с нежната кашмирена мекота на матрак Cashmere Dream. Ето как постигнахме балансирана твърдост и нежна мекота: ✓ Полиуретанова пяна BodyCare материал с добра плътност, но едновременно и с добра еластичност. Оказва стабилна поддръжка, без да създава точки на напрежение. Пенополиуретанът е лесен за профилиране, което му придава допълнителни анатомични свойства. ✓ Мемори пяна изключително адаптивен и чувствителен към температурата материал. Реагира на топлината на тялото и заема неговата точна форма, запомняйки всяко движение. Подобрява комфорта и създава усещане за мекота. За кого е подходящ матрак Cashmere Dream? За ценителите на лукса, елегантния дизайн и нежните естествени материи. Матракът е произведен в България, луксозен клас, който ти осигурява 5 години гаранция, спокойствие и удовлетвореност.",Матраци,1,329.78,247.33,100,https://cdncloudcart.com/28510/products/images/1587/ednolicev-matrak-cashmere-dream-6370adc692af0_1920x1920.png?1668328936|https://cdncloudcart.com/28510/products/images/1587/ednolicev-matrak-cashmere-dream-6370adc7b7f8b_1920x1920.png?1668328946|https://cdncloudcart.com/28510/products/images/1587/ednolicev-matrak-cashmere-dream-636fd232db3a3_800x800.png?1668328936
21021964-1-144-/-190,"Матрак CASHMERE DREAM, еднолицев - 144 / 190","Любов от пръв допир Покани лукса в спалнята с нежната кашмирена мекота на матрак Cashmere Dream. Ето как постигнахме балансирана твърдост и нежна мекота: ✓ Полиуретанова пяна BodyCare материал с добра плътност, но едновременно и с добра еластичност. Оказва стабилна поддръжка, без да създава точки на напрежение. Пенополиуретанът е лесен за профилиране, което му придава допълнителни анатомични свойства. ✓ Мемори пяна изключително адаптивен и чувствителен към температурата материал. Реагира на топлината на тялото и заема неговата точна форма, запомняйки всяко движение. Подобрява комфорта и създава усещане за мекота. За кого е подходящ матрак Cashmere Dream? За ценителите на лукса, елегантния дизайн и нежните естествени материи. Матракът е произведен в България, луксозен клас, който ти осигурява 5 години гаранция, спокойствие и удовлетвореност.",Матраци,1,349.21,261.91,100,https://cdncloudcart.com/28510/products/images/1587/ednolicev-matrak-cashmere-dream-6370adc692af0_1920x1920.png?1668328936|https://cdncloudcart.com/28510/products/images/1587/ednolicev-matrak-cashmere-dream-6370adc7b7f8b_1920x1920.png?1668328946|https://cdncloudcart.com/28510/products/images/1587/ednolicev-matrak-cashmere-dream-636fd232db3a3_800x800.png?1668328936
21021964-1-160-/-200,"Матрак CASHMERE DREAM, еднолицев - 160 / 200","Любов от пръв допир Покани лукса в спалнята с нежната кашмирена мекота на матрак Cashmere Dream. Ето как постигнахме балансирана твърдост и нежна мекота: ✓ Полиуретанова пяна BodyCare материал с добра плътност, но едновременно и с добра еластичност. Оказва стабилна поддръжка, без да създава точки на напрежение. Пенополиуретанът е лесен за профилиране, което му придава допълнителни анатомични свойства. ✓ Мемори пяна изключително адаптивен и чувствителен към температурата материал. Реагира на топлината на тялото и заема неговата точна форма, запомняйки всяко движение. Подобрява комфорта и създава усещане за мекота. За кого е подходящ матрак Cashmere Dream? За ценителите на лукса, елегантния дизайн и нежните естествени материи. Матракът е произведен в България, луксозен клас, който ти осигурява 5 години гаранция, спокойствие и удовлетвореност.",Матраци,1,419.77,314.83,100,https://cdncloudcart.com/28510/products/images/1587/ednolicev-matrak-cashmere-dream-6370adc692af0_1920x1920.png?1668328936|https://cdncloudcart.com/28510/products/images/1587/ednolicev-matrak-cashmere-dream-6370adc7b7f8b_1920x1920.png?1668328946|https://cdncloudcart.com/28510/products/images/1587/ednolicev-matrak-cashmere-dream-636fd232db3a3_800x800.png?1668328936
21021964-1-82-/-186,"Матрак CASHMERE DREAM, еднолицев - 82 / 186","Любов от пръв допир Покани лукса в спалнята с нежната кашмирена мекота на матрак Cashmere Dream. Ето как постигнахме балансирана твърдост и нежна мекота: ✓ Полиуретанова пяна BodyCare материал с добра плътност, но едновременно и с добра еластичност. Оказва стабилна поддръжка, без да създава точки на напрежение. Пенополиуретанът е лесен за профилиране, което му придава допълнителни анатомични свойства. ✓ Мемори пяна изключително адаптивен и чувствителен към температурата материал. Реагира на топлината на тялото и заема неговата точна форма, запомняйки всяко движение. Подобрява комфорта и създава усещане за мекота. За кого е подходящ матрак Cashmere Dream? За ценителите на лукса, елегантния дизайн и нежните естествени материи. Матракът е произведен в България, луксозен клас, който ти осигурява 5 години гаранция, спокойствие и удовлетвореност.",Матраци,1,225.48,169.11,100,https://cdncloudcart.com/28510/products/images/1587/ednolicev-matrak-cashmere-dream-6370adc692af0_1920x1920.png?1668328936|https://cdncloudcart.com/28510/products/images/1587/ednolicev-matrak-cashmere-dream-6370adc7b7f8b_1920x1920.png?1668328946|https://cdncloudcart.com/28510/products/images/1587/ednolicev-matrak-cashmere-dream-636fd232db3a3_800x800.png?1668328936
21021964-1-164-/-200,"Матрак CASHMERE DREAM, еднолицев - 164 / 200","Любов от пръв допир Покани лукса в спалнята с нежната кашмирена мекота на матрак Cashmere Dream. Ето как постигнахме балансирана твърдост и нежна мекота: ✓ Полиуретанова пяна BodyCare материал с добра плътност, но едновременно и с добра еластичност. Оказва стабилна поддръжка, без да създава точки на напрежение. Пенополиуретанът е лесен за профилиране, което му придава допълнителни анатомични свойства. ✓ Мемори пяна изключително адаптивен и чувствителен към температурата материал. Реагира на топлината на тялото и заема неговата точна форма, запомняйки всяко движение. Подобрява комфорта и създава усещане за мекота. За кого е подходящ матрак Cashmere Dream? За ценителите на лукса, елегантния дизайн и нежните естествени материи. Матракът е произведен в България, луксозен клас, който ти осигурява 5 години гаранция, спокойствие и удовлетвореност.",Матраци,1,419.77,314.83,100,https://cdncloudcart.com/28510/products/images/1587/ednolicev-matrak-cashmere-dream-6370adc692af0_1920x1920.png?1668328936|https://cdncloudcart.com/28510/products/images/1587/ednolicev-matrak-cashmere-dream-6370adc7b7f8b_1920x1920.png?1668328946|https://cdncloudcart.com/28510/products/images/1587/ednolicev-matrak-cashmere-dream-636fd232db3a3_800x800.png?1668328936
21021964-1-180-/-200,"Матрак CASHMERE DREAM, еднолицев - 180 / 200","Любов от пръв допир Покани лукса в спалнята с нежната кашмирена мекота на матрак Cashmere Dream. Ето как постигнахме балансирана твърдост и нежна мекота: ✓ Полиуретанова пяна BodyCare материал с добра плътност, но едновременно и с добра еластичност. Оказва стабилна поддръжка, без да създава точки на напрежение. Пенополиуретанът е лесен за профилиране, което му придава допълнителни анатомични свойства. ✓ Мемори пяна изключително адаптивен и чувствителен към температурата материал. Реагира на топлината на тялото и заема неговата точна форма, запомняйки всяко движение. Подобрява комфорта и създава усещане за мекота. За кого е подходящ матрак Cashmere Dream? За ценителите на лукса, елегантния дизайн и нежните естествени материи. Матракът е произведен в България, луксозен клас, който ти осигурява 5 години гаранция, спокойствие и удовлетвореност.",Матраци,1,472.43,354.32,100,https://cdncloudcart.com/28510/products/images/1587/ednolicev-matrak-cashmere-dream-6370adc692af0_1920x1920.png?1668328936|https://cdncloudcart.com/28510/products/images/1587/ednolicev-matrak-cashmere-dream-6370adc7b7f8b_1920x1920.png?1668328946|https://cdncloudcart.com/28510/products/images/1587/ednolicev-matrak-cashmere-dream-636fd232db3a3_800x800.png?1668328936
21021964-1-80-/-200,"Матрак CASHMERE DREAM, еднолицев - 80 / 200","Любов от пръв допир Покани лукса в спалнята с нежната кашмирена мекота на матрак Cashmere Dream. Ето как постигнахме балансирана твърдост и нежна мекота: ✓ Полиуретанова пяна BodyCare материал с добра плътност, но едновременно и с добра еластичност. Оказва стабилна поддръжка, без да създава точки на напрежение. Пенополиуретанът е лесен за профилиране, което му придава допълнителни анатомични свойства. ✓ Мемори пяна изключително адаптивен и чувствителен към температурата материал. Реагира на топлината на тялото и заема неговата точна форма, запомняйки всяко движение. Подобрява комфорта и създава усещане за мекота. За кого е подходящ матрак Cashmere Dream? За ценителите на лукса, елегантния дизайн и нежните естествени материи. Матракът е произведен в България, луксозен клас, който ти осигурява 5 години гаранция, спокойствие и удовлетвореност.",Матраци,1,231.62,173.72,100,https://cdncloudcart.com/28510/products/images/1587/ednolicev-matrak-cashmere-dream-6370adc692af0_1920x1920.png?1668328936|https://cdncloudcart.com/28510/products/images/1587/ednolicev-matrak-cashmere-dream-6370adc7b7f8b_1920x1920.png?1668328946|https://cdncloudcart.com/28510/products/images/1587/ednolicev-matrak-cashmere-dream-636fd232db3a3_800x800.png?1668328936
21021964-1-164-/-190,"Матрак CASHMERE DREAM, еднолицев - 164 / 190","Любов от пръв допир Покани лукса в спалнята с нежната кашмирена мекота на матрак Cashmere Dream. Ето как постигнахме балансирана твърдост и нежна мекота: ✓ Полиуретанова пяна BodyCare материал с добра плътност, но едновременно и с добра еластичност. Оказва стабилна поддръжка, без да създава точки на напрежение. Пенополиуретанът е лесен за профилиране, което му придава допълнителни анатомични свойства. ✓ Мемори пяна изключително адаптивен и чувствителен към температурата материал. Реагира на топлината на тялото и заема неговата точна форма, запомняйки всяко движение. Подобрява комфорта и създава усещане за мекота. За кого е подходящ матрак Cashmere Dream? За ценителите на лукса, елегантния дизайн и нежните естествени материи. Матракът е произведен в България, луксозен клас, който ти осигурява 5 години гаранция, спокойствие и удовлетвореност.",Матраци,1,398.81,299.11,100,https://cdncloudcart.com/28510/products/images/1587/ednolicev-matrak-cashmere-dream-6370adc692af0_1920x1920.png?1668328936|https://cdncloudcart.com/28510/products/images/1587/ednolicev-matrak-cashmere-dream-6370adc7b7f8b_1920x1920.png?1668328946|https://cdncloudcart.com/28510/products/images/1587/ednolicev-matrak-cashmere-dream-636fd232db3a3_800x800.png?1668328936
21018773-1-82-/-190,"Матрак FAVOURITE NOVA, еднолицев - 82 / 190","Матрак за магични сънища Искате ли да разбереш какво ще сънуваш? Отпусни се по омекотената повърхност и просто се наслаждавай. Почувствай ортопедичната опора и релаксирай. Еднолицевият модел матрак Favourite комбинира най-добрата система за спане &ndash; мултипокет със стабилна дървена рамка. Еднолицевият модел матрак Favourite Nova комбинира най-добрата система за спане &ndash; мултипокет със стабилна дървена рамка. Независимите пружинки се адаптират към всяко движение, като осигуряват равномерна опора през целия живот на матрака. Матракът е с идеална твърдост и е перфектен избор за всеки от вас. Луксозно завършен с висококачественият текстил TED Balance е кулминацията, за която всеки мечтае. Ако ти се налага да прекараш по-дълго време в леглото, този модел е подходящия избор, тъй като има допълнителният слой мемори пяна, който намалява до минимум неблагоприятните ефекти върху тялото и осигурява необходимия комфорт. Нека ти разкажем малко повече за тази идеална комбинация: ✓ 7-зонова мултипокет система Система от индивидуално пакетирани пружинки с повече опорни точки &ndash; над 500 бр. на кв.м. за още по-добра стабилност и реагираща повърхност, която не оказва съпротивление при смяна в позицията на спящия. 7-зоновото анатомично зониране на системата осигурява правилна позиция на гръбнака и равномерно разпределение на тежестта на тялото. ✓ Полиуретанова Body Care &trade; пяна Материал с добра плътност, който поддържа тялото и предотвратява създаването на изолирани зони на тежест и дискомфорт. Полиуретановата пяна е лесна за профилиране, което ѝ придава допълнителни анатомични свойства. ✓ Мемори пяна Мемори пяна, която реагира на топлина и се адаптира лесно към извивките на тялото, запомняйки всяко негово движение. Подобрява комфорта и създава усещане за мекота. Опияняващ лукс, който веднага ще почувствате. ✓ Филц Използва се като разделителен слой върху пружинените пакети за стабилизиране на структурата и равномерно разпределение на товара по цялата площ на матрака. ✓ Дървена иглолистна рамка ✓ Луксозен текстил Висококачествен текстил TED Balance. За кого е подходящ еднолицев матрак Favourite Nova? Матрак Favourite Nova е с ортопедична поддръжка, което го прави добро решение за хора, които прекарват дълги часове в леглото. Специалната омекотена повърхност ти гарантира правилно разпределение на тялото и несравнимо удобство. Еднолицевият матрак е произведен в България, и го получаваш с 5 години гаранция.",Матраци,1,229.57,172.18,100,https://cdncloudcart.com/28510/products/images/1588/ednolicev-matrak-favourite-nova-636fd38dd7375_1280x1280.png?1668273070|https://cdncloudcart.com/28510/products/images/1588/ednolicev-matrak-favourite-nova-636fd518b39d3_800x800.jpeg?1668273443|https://cdncloudcart.com/28510/products/images/1588/ednolicev-matrak-favourite-nova-636fd38ea8355_1280x1280.png?1668273436|https://cdncloudcart.com/28510/products/images/1588/ednolicev-matrak-favourite-nova-636fd38f34c70_1280x1280.png?1668273436|https://cdncloudcart.com/28510/products/images/1588/ednolicev-matrak-favourite-nova-636fd38fa2605_1920x1920.jpeg?1668273436|https://cdncloudcart.com/28510/products/images/1588/ednolicev-matrak-favourite-nova-636fd3904f367_1280x1280.jpeg?1668273436
21018773-1-90-/-190,"Матрак FAVOURITE NOVA, еднолицев - 90 / 190","Матрак за магични сънища Искате ли да разбереш какво ще сънуваш? Отпусни се по омекотената повърхност и просто се наслаждавай. Почувствай ортопедичната опора и релаксирай. Еднолицевият модел матрак Favourite комбинира най-добрата система за спане &ndash; мултипокет със стабилна дървена рамка. Еднолицевият модел матрак Favourite Nova комбинира най-добрата система за спане &ndash; мултипокет със стабилна дървена рамка. Независимите пружинки се адаптират към всяко движение, като осигуряват равномерна опора през целия живот на матрака. Матракът е с идеална твърдост и е перфектен избор за всеки от вас. Луксозно завършен с висококачественият текстил TED Balance е кулминацията, за която всеки мечтае. Ако ти се налага да прекараш по-дълго време в леглото, този модел е подходящия избор, тъй като има допълнителният слой мемори пяна, който намалява до минимум неблагоприятните ефекти върху тялото и осигурява необходимия комфорт. Нека ти разкажем малко повече за тази идеална комбинация: ✓ 7-зонова мултипокет система Система от индивидуално пакетирани пружинки с повече опорни точки &ndash; над 500 бр. на кв.м. за още по-добра стабилност и реагираща повърхност, която не оказва съпротивление при смяна в позицията на спящия. 7-зоновото анатомично зониране на системата осигурява правилна позиция на гръбнака и равномерно разпределение на тежестта на тялото. ✓ Полиуретанова Body Care &trade; пяна Материал с добра плътност, който поддържа тялото и предотвратява създаването на изолирани зони на тежест и дискомфорт. Полиуретановата пяна е лесна за профилиране, което ѝ придава допълнителни анатомични свойства. ✓ Мемори пяна Мемори пяна, която реагира на топлина и се адаптира лесно към извивките на тялото, запомняйки всяко негово движение. Подобрява комфорта и създава усещане за мекота. Опияняващ лукс, който веднага ще почувствате. ✓ Филц Използва се като разделителен слой върху пружинените пакети за стабилизиране на структурата и равномерно разпределение на товара по цялата площ на матрака. ✓ Дървена иглолистна рамка ✓ Луксозен текстил Висококачествен текстил TED Balance. За кого е подходящ еднолицев матрак Favourite Nova? Матрак Favourite Nova е с ортопедична поддръжка, което го прави добро решение за хора, които прекарват дълги часове в леглото. Специалната омекотена повърхност ти гарантира правилно разпределение на тялото и несравнимо удобство. Еднолицевият матрак е произведен в България, и го получаваш с 5 години гаранция.",Матраци,1,244.91,183.68,100,https://cdncloudcart.com/28510/products/images/1588/ednolicev-matrak-favourite-nova-636fd38dd7375_1280x1280.png?1668273070|https://cdncloudcart.com/28510/products/images/1588/ednolicev-matrak-favourite-nova-636fd518b39d3_800x800.jpeg?1668273443|https://cdncloudcart.com/28510/products/images/1588/ednolicev-matrak-favourite-nova-636fd38ea8355_1280x1280.png?1668273436|https://cdncloudcart.com/28510/products/images/1588/ednolicev-matrak-favourite-nova-636fd38f34c70_1280x1280.png?1668273436|https://cdncloudcart.com/28510/products/images/1588/ednolicev-matrak-favourite-nova-636fd38fa2605_1920x1920.jpeg?1668273436|https://cdncloudcart.com/28510/products/images/1588/ednolicev-matrak-favourite-nova-636fd3904f367_1280x1280.jpeg?1668273436
21018773-1-90-/-200,"Матрак FAVOURITE NOVA, еднолицев - 90 / 200","Матрак за магични сънища Искате ли да разбереш какво ще сънуваш? Отпусни се по омекотената повърхност и просто се наслаждавай. Почувствай ортопедичната опора и релаксирай. Еднолицевият модел матрак Favourite комбинира най-добрата система за спане &ndash; мултипокет със стабилна дървена рамка. Еднолицевият модел матрак Favourite Nova комбинира най-добрата система за спане &ndash; мултипокет със стабилна дървена рамка. Независимите пружинки се адаптират към всяко движение, като осигуряват равномерна опора през целия живот на матрака. Матракът е с идеална твърдост и е перфектен избор за всеки от вас. Луксозно завършен с висококачественият текстил TED Balance е кулминацията, за която всеки мечтае. Ако ти се налага да прекараш по-дълго време в леглото, този модел е подходящия избор, тъй като има допълнителният слой мемори пяна, който намалява до минимум неблагоприятните ефекти върху тялото и осигурява необходимия комфорт. Нека ти разкажем малко повече за тази идеална комбинация: ✓ 7-зонова мултипокет система Система от индивидуално пакетирани пружинки с повече опорни точки &ndash; над 500 бр. на кв.м. за още по-добра стабилност и реагираща повърхност, която не оказва съпротивление при смяна в позицията на спящия. 7-зоновото анатомично зониране на системата осигурява правилна позиция на гръбнака и равномерно разпределение на тежестта на тялото. ✓ Полиуретанова Body Care &trade; пяна Материал с добра плътност, който поддържа тялото и предотвратява създаването на изолирани зони на тежест и дискомфорт. Полиуретановата пяна е лесна за профилиране, което ѝ придава допълнителни анатомични свойства. ✓ Мемори пяна Мемори пяна, която реагира на топлина и се адаптира лесно към извивките на тялото, запомняйки всяко негово движение. Подобрява комфорта и създава усещане за мекота. Опияняващ лукс, който веднага ще почувствате. ✓ Филц Използва се като разделителен слой върху пружинените пакети за стабилизиране на структурата и равномерно разпределение на товара по цялата площ на матрака. ✓ Дървена иглолистна рамка ✓ Луксозен текстил Висококачествен текстил TED Balance. За кого е подходящ еднолицев матрак Favourite Nova? Матрак Favourite Nova е с ортопедична поддръжка, което го прави добро решение за хора, които прекарват дълги часове в леглото. Специалната омекотена повърхност ти гарантира правилно разпределение на тялото и несравнимо удобство. Еднолицевият матрак е произведен в България, и го получаваш с 5 години гаранция.",Матраци,1,257.18,192.88,100,https://cdncloudcart.com/28510/products/images/1588/ednolicev-matrak-favourite-nova-636fd38dd7375_1280x1280.png?1668273070|https://cdncloudcart.com/28510/products/images/1588/ednolicev-matrak-favourite-nova-636fd518b39d3_800x800.jpeg?1668273443|https://cdncloudcart.com/28510/products/images/1588/ednolicev-matrak-favourite-nova-636fd38ea8355_1280x1280.png?1668273436|https://cdncloudcart.com/28510/products/images/1588/ednolicev-matrak-favourite-nova-636fd38f34c70_1280x1280.png?1668273436|https://cdncloudcart.com/28510/products/images/1588/ednolicev-matrak-favourite-nova-636fd38fa2605_1920x1920.jpeg?1668273436|https://cdncloudcart.com/28510/products/images/1588/ednolicev-matrak-favourite-nova-636fd3904f367_1280x1280.jpeg?1668273436
21018773-1-114-/-190,"Матрак FAVOURITE NOVA, еднолицев - 114 / 190","Матрак за магични сънища Искате ли да разбереш какво ще сънуваш? Отпусни се по омекотената повърхност и просто се наслаждавай. Почувствай ортопедичната опора и релаксирай. Еднолицевият модел матрак Favourite комбинира най-добрата система за спане &ndash; мултипокет със стабилна дървена рамка. Еднолицевият модел матрак Favourite Nova комбинира най-добрата система за спане &ndash; мултипокет със стабилна дървена рамка. Независимите пружинки се адаптират към всяко движение, като осигуряват равномерна опора през целия живот на матрака. Матракът е с идеална твърдост и е перфектен избор за всеки от вас. Луксозно завършен с висококачественият текстил TED Balance е кулминацията, за която всеки мечтае. Ако ти се налага да прекараш по-дълго време в леглото, този модел е подходящия избор, тъй като има допълнителният слой мемори пяна, който намалява до минимум неблагоприятните ефекти върху тялото и осигурява необходимия комфорт. Нека ти разкажем малко повече за тази идеална комбинация: ✓ 7-зонова мултипокет система Система от индивидуално пакетирани пружинки с повече опорни точки &ndash; над 500 бр. на кв.м. за още по-добра стабилност и реагираща повърхност, която не оказва съпротивление при смяна в позицията на спящия. 7-зоновото анатомично зониране на системата осигурява правилна позиция на гръбнака и равномерно разпределение на тежестта на тялото. ✓ Полиуретанова Body Care &trade; пяна Материал с добра плътност, който поддържа тялото и предотвратява създаването на изолирани зони на тежест и дискомфорт. Полиуретановата пяна е лесна за профилиране, което ѝ придава допълнителни анатомични свойства. ✓ Мемори пяна Мемори пяна, която реагира на топлина и се адаптира лесно към извивките на тялото, запомняйки всяко негово движение. Подобрява комфорта и създава усещане за мекота. Опияняващ лукс, който веднага ще почувствате. ✓ Филц Използва се като разделителен слой върху пружинените пакети за стабилизиране на структурата и равномерно разпределение на товара по цялата площ на матрака. ✓ Дървена иглолистна рамка ✓ Луксозен текстил Висококачествен текстил TED Balance. За кого е подходящ еднолицев матрак Favourite Nova? Матрак Favourite Nova е с ортопедична поддръжка, което го прави добро решение за хора, които прекарват дълги часове в леглото. Специалната омекотена повърхност ти гарантира правилно разпределение на тялото и несравнимо удобство. Еднолицевият матрак е произведен в България, и го получаваш с 5 години гаранция.",Матраци,1,303.71,227.78,100,https://cdncloudcart.com/28510/products/images/1588/ednolicev-matrak-favourite-nova-636fd38dd7375_1280x1280.png?1668273070|https://cdncloudcart.com/28510/products/images/1588/ednolicev-matrak-favourite-nova-636fd518b39d3_800x800.jpeg?1668273443|https://cdncloudcart.com/28510/products/images/1588/ednolicev-matrak-favourite-nova-636fd38ea8355_1280x1280.png?1668273436|https://cdncloudcart.com/28510/products/images/1588/ednolicev-matrak-favourite-nova-636fd38f34c70_1280x1280.png?1668273436|https://cdncloudcart.com/28510/products/images/1588/ednolicev-matrak-favourite-nova-636fd38fa2605_1920x1920.jpeg?1668273436|https://cdncloudcart.com/28510/products/images/1588/ednolicev-matrak-favourite-nova-636fd3904f367_1280x1280.jpeg?1668273436
21018773-1-120-/-190,"Матрак FAVOURITE NOVA, еднолицев - 120 / 190","Матрак за магични сънища Искате ли да разбереш какво ще сънуваш? Отпусни се по омекотената повърхност и просто се наслаждавай. Почувствай ортопедичната опора и релаксирай. Еднолицевият модел матрак Favourite комбинира най-добрата система за спане &ndash; мултипокет със стабилна дървена рамка. Еднолицевият модел матрак Favourite Nova комбинира най-добрата система за спане &ndash; мултипокет със стабилна дървена рамка. Независимите пружинки се адаптират към всяко движение, като осигуряват равномерна опора през целия живот на матрака. Матракът е с идеална твърдост и е перфектен избор за всеки от вас. Луксозно завършен с висококачественият текстил TED Balance е кулминацията, за която всеки мечтае. Ако ти се налага да прекараш по-дълго време в леглото, този модел е подходящия избор, тъй като има допълнителният слой мемори пяна, който намалява до минимум неблагоприятните ефекти върху тялото и осигурява необходимия комфорт. Нека ти разкажем малко повече за тази идеална комбинация: ✓ 7-зонова мултипокет система Система от индивидуално пакетирани пружинки с повече опорни точки &ndash; над 500 бр. на кв.м. за още по-добра стабилност и реагираща повърхност, която не оказва съпротивление при смяна в позицията на спящия. 7-зоновото анатомично зониране на системата осигурява правилна позиция на гръбнака и равномерно разпределение на тежестта на тялото. ✓ Полиуретанова Body Care &trade; пяна Материал с добра плътност, който поддържа тялото и предотвратява създаването на изолирани зони на тежест и дискомфорт. Полиуретановата пяна е лесна за профилиране, което ѝ придава допълнителни анатомични свойства. ✓ Мемори пяна Мемори пяна, която реагира на топлина и се адаптира лесно към извивките на тялото, запомняйки всяко негово движение. Подобрява комфорта и създава усещане за мекота. Опияняващ лукс, който веднага ще почувствате. ✓ Филц Използва се като разделителен слой върху пружинените пакети за стабилизиране на структурата и равномерно разпределение на товара по цялата площ на матрака. ✓ Дървена иглолистна рамка ✓ Луксозен текстил Висококачествен текстил TED Balance. За кого е подходящ еднолицев матрак Favourite Nova? Матрак Favourite Nova е с ортопедична поддръжка, което го прави добро решение за хора, които прекарват дълги часове в леглото. Специалната омекотена повърхност ти гарантира правилно разпределение на тялото и несравнимо удобство. Еднолицевият матрак е произведен в България, и го получаваш с 5 години гаранция.",Матраци,1,320.58,240.44,100,https://cdncloudcart.com/28510/products/images/1588/ednolicev-matrak-favourite-nova-636fd38dd7375_1280x1280.png?1668273070|https://cdncloudcart.com/28510/products/images/1588/ednolicev-matrak-favourite-nova-636fd518b39d3_800x800.jpeg?1668273443|https://cdncloudcart.com/28510/products/images/1588/ednolicev-matrak-favourite-nova-636fd38ea8355_1280x1280.png?1668273436|https://cdncloudcart.com/28510/products/images/1588/ednolicev-matrak-favourite-nova-636fd38f34c70_1280x1280.png?1668273436|https://cdncloudcart.com/28510/products/images/1588/ednolicev-matrak-favourite-nova-636fd38fa2605_1920x1920.jpeg?1668273436|https://cdncloudcart.com/28510/products/images/1588/ednolicev-matrak-favourite-nova-636fd3904f367_1280x1280.jpeg?1668273436
21018773-1-140-/-200,"Матрак FAVOURITE NOVA, еднолицев - 140 / 200","Матрак за магични сънища Искате ли да разбереш какво ще сънуваш? Отпусни се по омекотената повърхност и просто се наслаждавай. Почувствай ортопедичната опора и релаксирай. Еднолицевият модел матрак Favourite комбинира най-добрата система за спане &ndash; мултипокет със стабилна дървена рамка. Еднолицевият модел матрак Favourite Nova комбинира най-добрата система за спане &ndash; мултипокет със стабилна дървена рамка. Независимите пружинки се адаптират към всяко движение, като осигуряват равномерна опора през целия живот на матрака. Матракът е с идеална твърдост и е перфектен избор за всеки от вас. Луксозно завършен с висококачественият текстил TED Balance е кулминацията, за която всеки мечтае. Ако ти се налага да прекараш по-дълго време в леглото, този модел е подходящия избор, тъй като има допълнителният слой мемори пяна, който намалява до минимум неблагоприятните ефекти върху тялото и осигурява необходимия комфорт. Нека ти разкажем малко повече за тази идеална комбинация: ✓ 7-зонова мултипокет система Система от индивидуално пакетирани пружинки с повече опорни точки &ndash; над 500 бр. на кв.м. за още по-добра стабилност и реагираща повърхност, която не оказва съпротивление при смяна в позицията на спящия. 7-зоновото анатомично зониране на системата осигурява правилна позиция на гръбнака и равномерно разпределение на тежестта на тялото. ✓ Полиуретанова Body Care &trade; пяна Материал с добра плътност, който поддържа тялото и предотвратява създаването на изолирани зони на тежест и дискомфорт. Полиуретановата пяна е лесна за профилиране, което ѝ придава допълнителни анатомични свойства. ✓ Мемори пяна Мемори пяна, която реагира на топлина и се адаптира лесно към извивките на тялото, запомняйки всяко негово движение. Подобрява комфорта и създава усещане за мекота. Опияняващ лукс, който веднага ще почувствате. ✓ Филц Използва се като разделителен слой върху пружинените пакети за стабилизиране на структурата и равномерно разпределение на товара по цялата площ на матрака. ✓ Дървена иглолистна рамка ✓ Луксозен текстил Висококачествен текстил TED Balance. За кого е подходящ еднолицев матрак Favourite Nova? Матрак Favourite Nova е с ортопедична поддръжка, което го прави добро решение за хора, които прекарват дълги часове в леглото. Специалната омекотена повърхност ти гарантира правилно разпределение на тялото и несравнимо удобство. Еднолицевият матрак е произведен в България, и го получаваш с 5 години гаранция.",Матраци,1,388.58,291.44,100,https://cdncloudcart.com/28510/products/images/1588/ednolicev-matrak-favourite-nova-636fd38dd7375_1280x1280.png?1668273070|https://cdncloudcart.com/28510/products/images/1588/ednolicev-matrak-favourite-nova-636fd518b39d3_800x800.jpeg?1668273443|https://cdncloudcart.com/28510/products/images/1588/ednolicev-matrak-favourite-nova-636fd38ea8355_1280x1280.png?1668273436|https://cdncloudcart.com/28510/products/images/1588/ednolicev-matrak-favourite-nova-636fd38f34c70_1280x1280.png?1668273436|https://cdncloudcart.com/28510/products/images/1588/ednolicev-matrak-favourite-nova-636fd38fa2605_1920x1920.jpeg?1668273436|https://cdncloudcart.com/28510/products/images/1588/ednolicev-matrak-favourite-nova-636fd3904f367_1280x1280.jpeg?1668273436
21018773-1-144-/-190,"Матрак FAVOURITE NOVA, еднолицев - 144 / 190","Матрак за магични сънища Искате ли да разбереш какво ще сънуваш? Отпусни се по омекотената повърхност и просто се наслаждавай. Почувствай ортопедичната опора и релаксирай. Еднолицевият модел матрак Favourite комбинира най-добрата система за спане &ndash; мултипокет със стабилна дървена рамка. Еднолицевият модел матрак Favourite Nova комбинира най-добрата система за спане &ndash; мултипокет със стабилна дървена рамка. Независимите пружинки се адаптират към всяко движение, като осигуряват равномерна опора през целия живот на матрака. Матракът е с идеална твърдост и е перфектен избор за всеки от вас. Луксозно завършен с висококачественият текстил TED Balance е кулминацията, за която всеки мечтае. Ако ти се налага да прекараш по-дълго време в леглото, този модел е подходящия избор, тъй като има допълнителният слой мемори пяна, който намалява до минимум неблагоприятните ефекти върху тялото и осигурява необходимия комфорт. Нека ти разкажем малко повече за тази идеална комбинация: ✓ 7-зонова мултипокет система Система от индивидуално пакетирани пружинки с повече опорни точки &ndash; над 500 бр. на кв.м. за още по-добра стабилност и реагираща повърхност, която не оказва съпротивление при смяна в позицията на спящия. 7-зоновото анатомично зониране на системата осигурява правилна позиция на гръбнака и равномерно разпределение на тежестта на тялото. ✓ Полиуретанова Body Care &trade; пяна Материал с добра плътност, който поддържа тялото и предотвратява създаването на изолирани зони на тежест и дискомфорт. Полиуретановата пяна е лесна за профилиране, което ѝ придава допълнителни анатомични свойства. ✓ Мемори пяна Мемори пяна, която реагира на топлина и се адаптира лесно към извивките на тялото, запомняйки всяко негово движение. Подобрява комфорта и създава усещане за мекота. Опияняващ лукс, който веднага ще почувствате. ✓ Филц Използва се като разделителен слой върху пружинените пакети за стабилизиране на структурата и равномерно разпределение на товара по цялата площ на матрака. ✓ Дървена иглолистна рамка ✓ Луксозен текстил Висококачествен текстил TED Balance. За кого е подходящ еднолицев матрак Favourite Nova? Матрак Favourite Nova е с ортопедична поддръжка, което го прави добро решение за хора, които прекарват дълги часове в леглото. Специалната омекотена повърхност ти гарантира правилно разпределение на тялото и несравнимо удобство. Еднолицевият матрак е произведен в България, и го получаваш с 5 години гаранция.",Матраци,1,377.84,283.38,100,https://cdncloudcart.com/28510/products/images/1588/ednolicev-matrak-favourite-nova-636fd38dd7375_1280x1280.png?1668273070|https://cdncloudcart.com/28510/products/images/1588/ednolicev-matrak-favourite-nova-636fd518b39d3_800x800.jpeg?1668273443|https://cdncloudcart.com/28510/products/images/1588/ednolicev-matrak-favourite-nova-636fd38ea8355_1280x1280.png?1668273436|https://cdncloudcart.com/28510/products/images/1588/ednolicev-matrak-favourite-nova-636fd38f34c70_1280x1280.png?1668273436|https://cdncloudcart.com/28510/products/images/1588/ednolicev-matrak-favourite-nova-636fd38fa2605_1920x1920.jpeg?1668273436|https://cdncloudcart.com/28510/products/images/1588/ednolicev-matrak-favourite-nova-636fd3904f367_1280x1280.jpeg?1668273436
21018773-1-160-/-200,"Матрак FAVOURITE NOVA, еднолицев - 160 / 200","Матрак за магични сънища Искате ли да разбереш какво ще сънуваш? Отпусни се по омекотената повърхност и просто се наслаждавай. Почувствай ортопедичната опора и релаксирай. Еднолицевият модел матрак Favourite комбинира най-добрата система за спане &ndash; мултипокет със стабилна дървена рамка. Еднолицевият модел матрак Favourite Nova комбинира най-добрата система за спане &ndash; мултипокет със стабилна дървена рамка. Независимите пружинки се адаптират към всяко движение, като осигуряват равномерна опора през целия живот на матрака. Матракът е с идеална твърдост и е перфектен избор за всеки от вас. Луксозно завършен с висококачественият текстил TED Balance е кулминацията, за която всеки мечтае. Ако ти се налага да прекараш по-дълго време в леглото, този модел е подходящия избор, тъй като има допълнителният слой мемори пяна, който намалява до минимум неблагоприятните ефекти върху тялото и осигурява необходимия комфорт. Нека ти разкажем малко повече за тази идеална комбинация: ✓ 7-зонова мултипокет система Система от индивидуално пакетирани пружинки с повече опорни точки &ndash; над 500 бр. на кв.м. за още по-добра стабилност и реагираща повърхност, която не оказва съпротивление при смяна в позицията на спящия. 7-зоновото анатомично зониране на системата осигурява правилна позиция на гръбнака и равномерно разпределение на тежестта на тялото. ✓ Полиуретанова Body Care &trade; пяна Материал с добра плътност, който поддържа тялото и предотвратява създаването на изолирани зони на тежест и дискомфорт. Полиуретановата пяна е лесна за профилиране, което ѝ придава допълнителни анатомични свойства. ✓ Мемори пяна Мемори пяна, която реагира на топлина и се адаптира лесно към извивките на тялото, запомняйки всяко негово движение. Подобрява комфорта и създава усещане за мекота. Опияняващ лукс, който веднага ще почувствате. ✓ Филц Използва се като разделителен слой върху пружинените пакети за стабилизиране на структурата и равномерно разпределение на товара по цялата площ на матрака. ✓ Дървена иглолистна рамка ✓ Луксозен текстил Висококачествен текстил TED Balance. За кого е подходящ еднолицев матрак Favourite Nova? Матрак Favourite Nova е с ортопедична поддръжка, което го прави добро решение за хора, които прекарват дълги часове в леглото. Специалната омекотена повърхност ти гарантира правилно разпределение на тялото и несравнимо удобство. Еднолицевият матрак е произведен в България, и го получаваш с 5 години гаранция.",Матраци,1,431.53,323.65,100,https://cdncloudcart.com/28510/products/images/1588/ednolicev-matrak-favourite-nova-636fd38dd7375_1280x1280.png?1668273070|https://cdncloudcart.com/28510/products/images/1588/ednolicev-matrak-favourite-nova-636fd518b39d3_800x800.jpeg?1668273443|https://cdncloudcart.com/28510/products/images/1588/ednolicev-matrak-favourite-nova-636fd38ea8355_1280x1280.png?1668273436|https://cdncloudcart.com/28510/products/images/1588/ednolicev-matrak-favourite-nova-636fd38f34c70_1280x1280.png?1668273436|https://cdncloudcart.com/28510/products/images/1588/ednolicev-matrak-favourite-nova-636fd38fa2605_1920x1920.jpeg?1668273436|https://cdncloudcart.com/28510/products/images/1588/ednolicev-matrak-favourite-nova-636fd3904f367_1280x1280.jpeg?1668273436
21018773-1-164-/-190,"Матрак FAVOURITE NOVA, еднолицев - 164 / 190","Матрак за магични сънища Искате ли да разбереш какво ще сънуваш? Отпусни се по омекотената повърхност и просто се наслаждавай. Почувствай ортопедичната опора и релаксирай. Еднолицевият модел матрак Favourite комбинира най-добрата система за спане &ndash; мултипокет със стабилна дървена рамка. Еднолицевият модел матрак Favourite Nova комбинира най-добрата система за спане &ndash; мултипокет със стабилна дървена рамка. Независимите пружинки се адаптират към всяко движение, като осигуряват равномерна опора през целия живот на матрака. Матракът е с идеална твърдост и е перфектен избор за всеки от вас. Луксозно завършен с висококачественият текстил TED Balance е кулминацията, за която всеки мечтае. Ако ти се налага да прекараш по-дълго време в леглото, този модел е подходящия избор, тъй като има допълнителният слой мемори пяна, който намалява до минимум неблагоприятните ефекти върху тялото и осигурява необходимия комфорт. Нека ти разкажем малко повече за тази идеална комбинация: ✓ 7-зонова мултипокет система Система от индивидуално пакетирани пружинки с повече опорни точки &ndash; над 500 бр. на кв.м. за още по-добра стабилност и реагираща повърхност, която не оказва съпротивление при смяна в позицията на спящия. 7-зоновото анатомично зониране на системата осигурява правилна позиция на гръбнака и равномерно разпределение на тежестта на тялото. ✓ Полиуретанова Body Care &trade; пяна Материал с добра плътност, който поддържа тялото и предотвратява създаването на изолирани зони на тежест и дискомфорт. Полиуретановата пяна е лесна за профилиране, което ѝ придава допълнителни анатомични свойства. ✓ Мемори пяна Мемори пяна, която реагира на топлина и се адаптира лесно към извивките на тялото, запомняйки всяко негово движение. Подобрява комфорта и създава усещане за мекота. Опияняващ лукс, който веднага ще почувствате. ✓ Филц Използва се като разделителен слой върху пружинените пакети за стабилизиране на структурата и равномерно разпределение на товара по цялата площ на матрака. ✓ Дървена иглолистна рамка ✓ Луксозен текстил Висококачествен текстил TED Balance. За кого е подходящ еднолицев матрак Favourite Nova? Матрак Favourite Nova е с ортопедична поддръжка, което го прави добро решение за хора, които прекарват дълги часове в леглото. Специалната омекотена повърхност ти гарантира правилно разпределение на тялото и несравнимо удобство. Еднолицевият матрак е произведен в България, и го получаваш с 5 години гаранция.",Матраци,1,432.04,324.03,100,https://cdncloudcart.com/28510/products/images/1588/ednolicev-matrak-favourite-nova-636fd38dd7375_1280x1280.png?1668273070|https://cdncloudcart.com/28510/products/images/1588/ednolicev-matrak-favourite-nova-636fd518b39d3_800x800.jpeg?1668273443|https://cdncloudcart.com/28510/products/images/1588/ednolicev-matrak-favourite-nova-636fd38ea8355_1280x1280.png?1668273436|https://cdncloudcart.com/28510/products/images/1588/ednolicev-matrak-favourite-nova-636fd38f34c70_1280x1280.png?1668273436|https://cdncloudcart.com/28510/products/images/1588/ednolicev-matrak-favourite-nova-636fd38fa2605_1920x1920.jpeg?1668273436|https://cdncloudcart.com/28510/products/images/1588/ednolicev-matrak-favourite-nova-636fd3904f367_1280x1280.jpeg?1668273436
21018773-1-164-/-200,"Матрак FAVOURITE NOVA, еднолицев - 164 / 200","Матрак за магични сънища Искате ли да разбереш какво ще сънуваш? Отпусни се по омекотената повърхност и просто се наслаждавай. Почувствай ортопедичната опора и релаксирай. Еднолицевият модел матрак Favourite комбинира най-добрата система за спане &ndash; мултипокет със стабилна дървена рамка. Еднолицевият модел матрак Favourite Nova комбинира най-добрата система за спане &ndash; мултипокет със стабилна дървена рамка. Независимите пружинки се адаптират към всяко движение, като осигуряват равномерна опора през целия живот на матрака. Матракът е с идеална твърдост и е перфектен избор за всеки от вас. Луксозно завършен с висококачественият текстил TED Balance е кулминацията, за която всеки мечтае. Ако ти се налага да прекараш по-дълго време в леглото, този модел е подходящия избор, тъй като има допълнителният слой мемори пяна, който намалява до минимум неблагоприятните ефекти върху тялото и осигурява необходимия комфорт. Нека ти разкажем малко повече за тази идеална комбинация: ✓ 7-зонова мултипокет система Система от индивидуално пакетирани пружинки с повече опорни точки &ndash; над 500 бр. на кв.м. за още по-добра стабилност и реагираща повърхност, която не оказва съпротивление при смяна в позицията на спящия. 7-зоновото анатомично зониране на системата осигурява правилна позиция на гръбнака и равномерно разпределение на тежестта на тялото. ✓ Полиуретанова Body Care &trade; пяна Материал с добра плътност, който поддържа тялото и предотвратява създаването на изолирани зони на тежест и дискомфорт. Полиуретановата пяна е лесна за профилиране, което ѝ придава допълнителни анатомични свойства. ✓ Мемори пяна Мемори пяна, която реагира на топлина и се адаптира лесно към извивките на тялото, запомняйки всяко негово движение. Подобрява комфорта и създава усещане за мекота. Опияняващ лукс, който веднага ще почувствате. ✓ Филц Използва се като разделителен слой върху пружинените пакети за стабилизиране на структурата и равномерно разпределение на товара по цялата площ на матрака. ✓ Дървена иглолистна рамка ✓ Луксозен текстил Висококачествен текстил TED Balance. За кого е подходящ еднолицев матрак Favourite Nova? Матрак Favourite Nova е с ортопедична поддръжка, което го прави добро решение за хора, които прекарват дълги часове в леглото. Специалната омекотена повърхност ти гарантира правилно разпределение на тялото и несравнимо удобство. Еднолицевият матрак е произведен в България, и го получаваш с 5 години гаранция.",Матраци,1,452.49,339.37,100,https://cdncloudcart.com/28510/products/images/1588/ednolicev-matrak-favourite-nova-636fd38dd7375_1280x1280.png?1668273070|https://cdncloudcart.com/28510/products/images/1588/ednolicev-matrak-favourite-nova-636fd518b39d3_800x800.jpeg?1668273443|https://cdncloudcart.com/28510/products/images/1588/ednolicev-matrak-favourite-nova-636fd38ea8355_1280x1280.png?1668273436|https://cdncloudcart.com/28510/products/images/1588/ednolicev-matrak-favourite-nova-636fd38f34c70_1280x1280.png?1668273436|https://cdncloudcart.com/28510/products/images/1588/ednolicev-matrak-favourite-nova-636fd38fa2605_1920x1920.jpeg?1668273436|https://cdncloudcart.com/28510/products/images/1588/ednolicev-matrak-favourite-nova-636fd3904f367_1280x1280.jpeg?1668273436
21018773-1-180-/-200,"Матрак FAVOURITE NOVA, еднолицев - 180 / 200","Матрак за магични сънища Искате ли да разбереш какво ще сънуваш? Отпусни се по омекотената повърхност и просто се наслаждавай. Почувствай ортопедичната опора и релаксирай. Еднолицевият модел матрак Favourite комбинира най-добрата система за спане &ndash; мултипокет със стабилна дървена рамка. Еднолицевият модел матрак Favourite Nova комбинира най-добрата система за спане &ndash; мултипокет със стабилна дървена рамка. Независимите пружинки се адаптират към всяко движение, като осигуряват равномерна опора през целия живот на матрака. Матракът е с идеална твърдост и е перфектен избор за всеки от вас. Луксозно завършен с висококачественият текстил TED Balance е кулминацията, за която всеки мечтае. Ако ти се налага да прекараш по-дълго време в леглото, този модел е подходящия избор, тъй като има допълнителният слой мемори пяна, който намалява до минимум неблагоприятните ефекти върху тялото и осигурява необходимия комфорт. Нека ти разкажем малко повече за тази идеална комбинация: ✓ 7-зонова мултипокет система Система от индивидуално пакетирани пружинки с повече опорни точки &ndash; над 500 бр. на кв.м. за още по-добра стабилност и реагираща повърхност, която не оказва съпротивление при смяна в позицията на спящия. 7-зоновото анатомично зониране на системата осигурява правилна позиция на гръбнака и равномерно разпределение на тежестта на тялото. ✓ Полиуретанова Body Care &trade; пяна Материал с добра плътност, който поддържа тялото и предотвратява създаването на изолирани зони на тежест и дискомфорт. Полиуретановата пяна е лесна за профилиране, което ѝ придава допълнителни анатомични свойства. ✓ Мемори пяна Мемори пяна, която реагира на топлина и се адаптира лесно към извивките на тялото, запомняйки всяко негово движение. Подобрява комфорта и създава усещане за мекота. Опияняващ лукс, който веднага ще почувствате. ✓ Филц Използва се като разделителен слой върху пружинените пакети за стабилизиране на структурата и равномерно разпределение на товара по цялата площ на матрака. ✓ Дървена иглолистна рамка ✓ Луксозен текстил Висококачествен текстил TED Balance. За кого е подходящ еднолицев матрак Favourite Nova? Матрак Favourite Nova е с ортопедична поддръжка, което го прави добро решение за хора, които прекарват дълги часове в леглото. Специалната омекотена повърхност ти гарантира правилно разпределение на тялото и несравнимо удобство. Еднолицевият матрак е произведен в България, и го получаваш с 5 години гаранция.",Матраци,1,502.09,376.57,100,https://cdncloudcart.com/28510/products/images/1588/ednolicev-matrak-favourite-nova-636fd38dd7375_1280x1280.png?1668273070|https://cdncloudcart.com/28510/products/images/1588/ednolicev-matrak-favourite-nova-636fd518b39d3_800x800.jpeg?1668273443|https://cdncloudcart.com/28510/products/images/1588/ednolicev-matrak-favourite-nova-636fd38ea8355_1280x1280.png?1668273436|https://cdncloudcart.com/28510/products/images/1588/ednolicev-matrak-favourite-nova-636fd38f34c70_1280x1280.png?1668273436|https://cdncloudcart.com/28510/products/images/1588/ednolicev-matrak-favourite-nova-636fd38fa2605_1920x1920.jpeg?1668273436|https://cdncloudcart.com/28510/products/images/1588/ednolicev-matrak-favourite-nova-636fd3904f367_1280x1280.jpeg?1668273436
21018773-1-100-/-200,"Матрак FAVOURITE NOVA, еднолицев - 100 / 200","Матрак за магични сънища Искате ли да разбереш какво ще сънуваш? Отпусни се по омекотената повърхност и просто се наслаждавай. Почувствай ортопедичната опора и релаксирай. Еднолицевият модел матрак Favourite комбинира най-добрата система за спане &ndash; мултипокет със стабилна дървена рамка. Еднолицевият модел матрак Favourite Nova комбинира най-добрата система за спане &ndash; мултипокет със стабилна дървена рамка. Независимите пружинки се адаптират към всяко движение, като осигуряват равномерна опора през целия живот на матрака. Матракът е с идеална твърдост и е перфектен избор за всеки от вас. Луксозно завършен с висококачественият текстил TED Balance е кулминацията, за която всеки мечтае. Ако ти се налага да прекараш по-дълго време в леглото, този модел е подходящия избор, тъй като има допълнителният слой мемори пяна, който намалява до минимум неблагоприятните ефекти върху тялото и осигурява необходимия комфорт. Нека ти разкажем малко повече за тази идеална комбинация: ✓ 7-зонова мултипокет система Система от индивидуално пакетирани пружинки с повече опорни точки &ndash; над 500 бр. на кв.м. за още по-добра стабилност и реагираща повърхност, която не оказва съпротивление при смяна в позицията на спящия. 7-зоновото анатомично зониране на системата осигурява правилна позиция на гръбнака и равномерно разпределение на тежестта на тялото. ✓ Полиуретанова Body Care &trade; пяна Материал с добра плътност, който поддържа тялото и предотвратява създаването на изолирани зони на тежест и дискомфорт. Полиуретановата пяна е лесна за профилиране, което ѝ придава допълнителни анатомични свойства. ✓ Мемори пяна Мемори пяна, която реагира на топлина и се адаптира лесно към извивките на тялото, запомняйки всяко негово движение. Подобрява комфорта и създава усещане за мекота. Опияняващ лукс, който веднага ще почувствате. ✓ Филц Използва се като разделителен слой върху пружинените пакети за стабилизиране на структурата и равномерно разпределение на товара по цялата площ на матрака. ✓ Дървена иглолистна рамка ✓ Луксозен текстил Висококачествен текстил TED Balance. За кого е подходящ еднолицев матрак Favourite Nova? Матрак Favourite Nova е с ортопедична поддръжка, което го прави добро решение за хора, които прекарват дълги часове в леглото. Специалната омекотена повърхност ти гарантира правилно разпределение на тялото и несравнимо удобство. Еднолицевият матрак е произведен в България, и го получаваш с 5 години гаранция.",Матраци,1,284.28,213.21,100,https://cdncloudcart.com/28510/products/images/1588/ednolicev-matrak-favourite-nova-636fd38dd7375_1280x1280.png?1668273070|https://cdncloudcart.com/28510/products/images/1588/ednolicev-matrak-favourite-nova-636fd518b39d3_800x800.jpeg?1668273443|https://cdncloudcart.com/28510/products/images/1588/ednolicev-matrak-favourite-nova-636fd38ea8355_1280x1280.png?1668273436|https://cdncloudcart.com/28510/products/images/1588/ednolicev-matrak-favourite-nova-636fd38f34c70_1280x1280.png?1668273436|https://cdncloudcart.com/28510/products/images/1588/ednolicev-matrak-favourite-nova-636fd38fa2605_1920x1920.jpeg?1668273436|https://cdncloudcart.com/28510/products/images/1588/ednolicev-matrak-favourite-nova-636fd3904f367_1280x1280.jpeg?1668273436
21018773-1-140-/-190,"Матрак FAVOURITE NOVA, еднолицев - 140 / 190","Матрак за магични сънища Искате ли да разбереш какво ще сънуваш? Отпусни се по омекотената повърхност и просто се наслаждавай. Почувствай ортопедичната опора и релаксирай. Еднолицевият модел матрак Favourite комбинира най-добрата система за спане &ndash; мултипокет със стабилна дървена рамка. Еднолицевият модел матрак Favourite Nova комбинира най-добрата система за спане &ndash; мултипокет със стабилна дървена рамка. Независимите пружинки се адаптират към всяко движение, като осигуряват равномерна опора през целия живот на матрака. Матракът е с идеална твърдост и е перфектен избор за всеки от вас. Луксозно завършен с висококачественият текстил TED Balance е кулминацията, за която всеки мечтае. Ако ти се налага да прекараш по-дълго време в леглото, този модел е подходящия избор, тъй като има допълнителният слой мемори пяна, който намалява до минимум неблагоприятните ефекти върху тялото и осигурява необходимия комфорт. Нека ти разкажем малко повече за тази идеална комбинация: ✓ 7-зонова мултипокет система Система от индивидуално пакетирани пружинки с повече опорни точки &ndash; над 500 бр. на кв.м. за още по-добра стабилност и реагираща повърхност, която не оказва съпротивление при смяна в позицията на спящия. 7-зоновото анатомично зониране на системата осигурява правилна позиция на гръбнака и равномерно разпределение на тежестта на тялото. ✓ Полиуретанова Body Care &trade; пяна Материал с добра плътност, който поддържа тялото и предотвратява създаването на изолирани зони на тежест и дискомфорт. Полиуретановата пяна е лесна за профилиране, което ѝ придава допълнителни анатомични свойства. ✓ Мемори пяна Мемори пяна, която реагира на топлина и се адаптира лесно към извивките на тялото, запомняйки всяко негово движение. Подобрява комфорта и създава усещане за мекота. Опияняващ лукс, който веднага ще почувствате. ✓ Филц Използва се като разделителен слой върху пружинените пакети за стабилизиране на структурата и равномерно разпределение на товара по цялата площ на матрака. ✓ Дървена иглолистна рамка ✓ Луксозен текстил Висококачествен текстил TED Balance. За кого е подходящ еднолицев матрак Favourite Nova? Матрак Favourite Nova е с ортопедична поддръжка, което го прави добро решение за хора, които прекарват дълги часове в леглото. Специалната омекотена повърхност ти гарантира правилно разпределение на тялото и несравнимо удобство. Еднолицевият матрак е произведен в България, и го получаваш с 5 години гаранция.",Матраци,1,367.11,275.33,100,https://cdncloudcart.com/28510/products/images/1588/ednolicev-matrak-favourite-nova-636fd38dd7375_1280x1280.png?1668273070|https://cdncloudcart.com/28510/products/images/1588/ednolicev-matrak-favourite-nova-636fd518b39d3_800x800.jpeg?1668273443|https://cdncloudcart.com/28510/products/images/1588/ednolicev-matrak-favourite-nova-636fd38ea8355_1280x1280.png?1668273436|https://cdncloudcart.com/28510/products/images/1588/ednolicev-matrak-favourite-nova-636fd38f34c70_1280x1280.png?1668273436|https://cdncloudcart.com/28510/products/images/1588/ednolicev-matrak-favourite-nova-636fd38fa2605_1920x1920.jpeg?1668273436|https://cdncloudcart.com/28510/products/images/1588/ednolicev-matrak-favourite-nova-636fd3904f367_1280x1280.jpeg?1668273436
21018773-1-160-/-190,"Матрак FAVOURITE NOVA, еднолицев - 160 / 190","Матрак за магични сънища Искате ли да разбереш какво ще сънуваш? Отпусни се по омекотената повърхност и просто се наслаждавай. Почувствай ортопедичната опора и релаксирай. Еднолицевият модел матрак Favourite комбинира най-добрата система за спане &ndash; мултипокет със стабилна дървена рамка. Еднолицевият модел матрак Favourite Nova комбинира най-добрата система за спане &ndash; мултипокет със стабилна дървена рамка. Независимите пружинки се адаптират към всяко движение, като осигуряват равномерна опора през целия живот на матрака. Матракът е с идеална твърдост и е перфектен избор за всеки от вас. Луксозно завършен с висококачественият текстил TED Balance е кулминацията, за която всеки мечтае. Ако ти се налага да прекараш по-дълго време в леглото, този модел е подходящия избор, тъй като има допълнителният слой мемори пяна, който намалява до минимум неблагоприятните ефекти върху тялото и осигурява необходимия комфорт. Нека ти разкажем малко повече за тази идеална комбинация: ✓ 7-зонова мултипокет система Система от индивидуално пакетирани пружинки с повече опорни точки &ndash; над 500 бр. на кв.м. за още по-добра стабилност и реагираща повърхност, която не оказва съпротивление при смяна в позицията на спящия. 7-зоновото анатомично зониране на системата осигурява правилна позиция на гръбнака и равномерно разпределение на тежестта на тялото. ✓ Полиуретанова Body Care &trade; пяна Материал с добра плътност, който поддържа тялото и предотвратява създаването на изолирани зони на тежест и дискомфорт. Полиуретановата пяна е лесна за профилиране, което ѝ придава допълнителни анатомични свойства. ✓ Мемори пяна Мемори пяна, която реагира на топлина и се адаптира лесно към извивките на тялото, запомняйки всяко негово движение. Подобрява комфорта и създава усещане за мекота. Опияняващ лукс, който веднага ще почувствате. ✓ Филц Използва се като разделителен слой върху пружинените пакети за стабилизиране на структурата и равномерно разпределение на товара по цялата площ на матрака. ✓ Дървена иглолистна рамка ✓ Луксозен текстил Висококачествен текстил TED Balance. За кого е подходящ еднолицев матрак Favourite Nova? Матрак Favourite Nova е с ортопедична поддръжка, което го прави добро решение за хора, които прекарват дълги часове в леглото. Специалната омекотена повърхност ти гарантира правилно разпределение на тялото и несравнимо удобство. Еднолицевият матрак е произведен в България, и го получаваш с 5 години гаранция.",Матраци,1,415.17,311.38,100,https://cdncloudcart.com/28510/products/images/1588/ednolicev-matrak-favourite-nova-636fd38dd7375_1280x1280.png?1668273070|https://cdncloudcart.com/28510/products/images/1588/ednolicev-matrak-favourite-nova-636fd518b39d3_800x800.jpeg?1668273443|https://cdncloudcart.com/28510/products/images/1588/ednolicev-matrak-favourite-nova-636fd38ea8355_1280x1280.png?1668273436|https://cdncloudcart.com/28510/products/images/1588/ednolicev-matrak-favourite-nova-636fd38f34c70_1280x1280.png?1668273436|https://cdncloudcart.com/28510/products/images/1588/ednolicev-matrak-favourite-nova-636fd38fa2605_1920x1920.jpeg?1668273436|https://cdncloudcart.com/28510/products/images/1588/ednolicev-matrak-favourite-nova-636fd3904f367_1280x1280.jpeg?1668273436
22011044-1-80-/-200,"Матрак SILVER EXCLUSIVE, двулицев - 80 / 200","Silver exclusive - сребърно вълшебство в спалнята Матракът се използва с подматрачна рамка Висококачественият матрак е от хит колекция Silver Collection и е с уникални по рода си ортопедични свойства. Пренеси сребърното вълшебство в спалнята с помощта на текстилни материи, с които лесно да се предпазиш от бактерии и акари, като едновременно се радваш на добро здраве и ежедневни усмивки. Silver Exclusive е висококласен матрак, който ти гарантира правилното позициониране на гръбначния стълб по време на сън. За разлика от обикновените пружинни пакети, специално създаденото от мултипокет ядро осигурява динамична поддръжка, посредством два пъти повече опорни точки, които дават нужната подкрепа на тялото. Двулицевият матрак Silver Exclusive е покрит с луксозна тъкан, ушита със сребърни влакна, изключително мека при допир с кожата. Благодарение на естествените антибактериални свойства на среброто, се потиска образуването на бактерии и задържането на неприятни миризми, което от своя страна гарантира хигиенична среда по време на сън. Частиците допринасят изключително много и за добрата циркулация на тялото. С този модел матрак ще усетиш лукса и комфорта по време на сън! Как постигнахме като резултат това сребърно изящество? ✓ 7-зонов мултипокет Система от индивидуално пакетирани пружинки с повече опорни точки &ndash; над 500 бр. на кв.м. за още по-добра стабилност и реагираща повърхност, която не оказва съпротивление при смяна в позицията на спящия. 7-зоновото анатомично зониране на системата осигурява правилна позиция на гръбнака и равномерно разпределение на тежестта на тялото. ✓ Полиуретанова Body Care &trade; пяна Много добра плътност и еластичност. Стабилна опора и поддръжка, точки на напрежение. Пенополиуретанът е лесен за профилиране, което му придава допълнителни анатомични свойства. ✓ Обезшумяващ слой ✓ Луксозен текстил Висококачествен текстил със сребърни нишки. За кого е подходящ матрак Silver Exclusive? Двулицев матрак Silver Exclusive задоволява нуждите за стабилна ортопедична опора и борбата срещу бактериите и акарите. Матракът е произведен в България, стандартен TED клас, който ти осигурява 8 годишно спокойствие.",Матраци,1,182.02,136.52,100,https://cdncloudcart.com/28510/products/images/1589/ednolicev-matrak-silver-exclusive-636fd5ddb8cb1_1280x1280.png?1668273698|https://cdncloudcart.com/28510/products/images/1589/ednolicev-matrak-silver-exclusive-636fd5dd2377a_1920x1920.png?1668273657|https://cdncloudcart.com/28510/products/images/1589/ednolicev-matrak-silver-exclusive-636fd5de457ec_1280x1280.png?1668273676|https://cdncloudcart.com/28510/products/images/1589/ednolicev-matrak-silver-exclusive-636fd5debbe26_1280x1280.png?1668273691|https://cdncloudcart.com/28510/products/images/1589/ednolicev-matrak-silver-exclusive-636fd5df5537a_1920x1920.jpeg?1668273700|https://cdncloudcart.com/28510/products/images/1589/ednolicev-matrak-silver-exclusive-636fd5dfbc108_800x800.png?1668273665
22011044-1-82-/-190,"Матрак SILVER EXCLUSIVE, двулицев - 82 / 190","Silver exclusive - сребърно вълшебство в спалнята Матракът се използва с подматрачна рамка Висококачественият матрак е от хит колекция Silver Collection и е с уникални по рода си ортопедични свойства. Пренеси сребърното вълшебство в спалнята с помощта на текстилни материи, с които лесно да се предпазиш от бактерии и акари, като едновременно се радваш на добро здраве и ежедневни усмивки. Silver Exclusive е висококласен матрак, който ти гарантира правилното позициониране на гръбначния стълб по време на сън. За разлика от обикновените пружинни пакети, специално създаденото от мултипокет ядро осигурява динамична поддръжка, посредством два пъти повече опорни точки, които дават нужната подкрепа на тялото. Двулицевият матрак Silver Exclusive е покрит с луксозна тъкан, ушита със сребърни влакна, изключително мека при допир с кожата. Благодарение на естествените антибактериални свойства на среброто, се потиска образуването на бактерии и задържането на неприятни миризми, което от своя страна гарантира хигиенична среда по време на сън. Частиците допринасят изключително много и за добрата циркулация на тялото. С този модел матрак ще усетиш лукса и комфорта по време на сън! Как постигнахме като резултат това сребърно изящество? ✓ 7-зонов мултипокет Система от индивидуално пакетирани пружинки с повече опорни точки &ndash; над 500 бр. на кв.м. за още по-добра стабилност и реагираща повърхност, която не оказва съпротивление при смяна в позицията на спящия. 7-зоновото анатомично зониране на системата осигурява правилна позиция на гръбнака и равномерно разпределение на тежестта на тялото. ✓ Полиуретанова Body Care &trade; пяна Много добра плътност и еластичност. Стабилна опора и поддръжка, точки на напрежение. Пенополиуретанът е лесен за профилиране, което му придава допълнителни анатомични свойства. ✓ Обезшумяващ слой ✓ Луксозен текстил Висококачествен текстил със сребърни нишки. За кого е подходящ матрак Silver Exclusive? Двулицев матрак Silver Exclusive задоволява нуждите за стабилна ортопедична опора и борбата срещу бактериите и акарите. Матракът е произведен в България, стандартен TED клас, който ти осигурява 8 годишно спокойствие.",Матраци,1,183.55,137.66,100,https://cdncloudcart.com/28510/products/images/1589/ednolicev-matrak-silver-exclusive-636fd5ddb8cb1_1280x1280.png?1668273698|https://cdncloudcart.com/28510/products/images/1589/ednolicev-matrak-silver-exclusive-636fd5dd2377a_1920x1920.png?1668273657|https://cdncloudcart.com/28510/products/images/1589/ednolicev-matrak-silver-exclusive-636fd5de457ec_1280x1280.png?1668273676|https://cdncloudcart.com/28510/products/images/1589/ednolicev-matrak-silver-exclusive-636fd5debbe26_1280x1280.png?1668273691|https://cdncloudcart.com/28510/products/images/1589/ednolicev-matrak-silver-exclusive-636fd5df5537a_1920x1920.jpeg?1668273700|https://cdncloudcart.com/28510/products/images/1589/ednolicev-matrak-silver-exclusive-636fd5dfbc108_800x800.png?1668273665
22011044-1-90-/-190,"Матрак SILVER EXCLUSIVE, двулицев - 90 / 190","Silver exclusive - сребърно вълшебство в спалнята Матракът се използва с подматрачна рамка Висококачественият матрак е от хит колекция Silver Collection и е с уникални по рода си ортопедични свойства. Пренеси сребърното вълшебство в спалнята с помощта на текстилни материи, с които лесно да се предпазиш от бактерии и акари, като едновременно се радваш на добро здраве и ежедневни усмивки. Silver Exclusive е висококласен матрак, който ти гарантира правилното позициониране на гръбначния стълб по време на сън. За разлика от обикновените пружинни пакети, специално създаденото от мултипокет ядро осигурява динамична поддръжка, посредством два пъти повече опорни точки, които дават нужната подкрепа на тялото. Двулицевият матрак Silver Exclusive е покрит с луксозна тъкан, ушита със сребърни влакна, изключително мека при допир с кожата. Благодарение на естествените антибактериални свойства на среброто, се потиска образуването на бактерии и задържането на неприятни миризми, което от своя страна гарантира хигиенична среда по време на сън. Частиците допринасят изключително много и за добрата циркулация на тялото. С този модел матрак ще усетиш лукса и комфорта по време на сън! Как постигнахме като резултат това сребърно изящество? ✓ 7-зонов мултипокет Система от индивидуално пакетирани пружинки с повече опорни точки &ndash; над 500 бр. на кв.м. за още по-добра стабилност и реагираща повърхност, която не оказва съпротивление при смяна в позицията на спящия. 7-зоновото анатомично зониране на системата осигурява правилна позиция на гръбнака и равномерно разпределение на тежестта на тялото. ✓ Полиуретанова Body Care &trade; пяна Много добра плътност и еластичност. Стабилна опора и поддръжка, точки на напрежение. Пенополиуретанът е лесен за профилиране, което му придава допълнителни анатомични свойства. ✓ Обезшумяващ слой ✓ Луксозен текстил Висококачествен текстил със сребърни нишки. За кого е подходящ матрак Silver Exclusive? Двулицев матрак Silver Exclusive задоволява нуждите за стабилна ортопедична опора и борбата срещу бактериите и акарите. Матракът е произведен в България, стандартен TED клас, който ти осигурява 8 годишно спокойствие.",Матраци,1,197.87,148.40,100,https://cdncloudcart.com/28510/products/images/1589/ednolicev-matrak-silver-exclusive-636fd5ddb8cb1_1280x1280.png?1668273698|https://cdncloudcart.com/28510/products/images/1589/ednolicev-matrak-silver-exclusive-636fd5dd2377a_1920x1920.png?1668273657|https://cdncloudcart.com/28510/products/images/1589/ednolicev-matrak-silver-exclusive-636fd5de457ec_1280x1280.png?1668273676|https://cdncloudcart.com/28510/products/images/1589/ednolicev-matrak-silver-exclusive-636fd5debbe26_1280x1280.png?1668273691|https://cdncloudcart.com/28510/products/images/1589/ednolicev-matrak-silver-exclusive-636fd5df5537a_1920x1920.jpeg?1668273700|https://cdncloudcart.com/28510/products/images/1589/ednolicev-matrak-silver-exclusive-636fd5dfbc108_800x800.png?1668273665
22011044-1-90-/-200,"Матрак SILVER EXCLUSIVE, двулицев - 90 / 200","Silver exclusive - сребърно вълшебство в спалнята Матракът се използва с подматрачна рамка Висококачественият матрак е от хит колекция Silver Collection и е с уникални по рода си ортопедични свойства. Пренеси сребърното вълшебство в спалнята с помощта на текстилни материи, с които лесно да се предпазиш от бактерии и акари, като едновременно се радваш на добро здраве и ежедневни усмивки. Silver Exclusive е висококласен матрак, който ти гарантира правилното позициониране на гръбначния стълб по време на сън. За разлика от обикновените пружинни пакети, специално създаденото от мултипокет ядро осигурява динамична поддръжка, посредством два пъти повече опорни точки, които дават нужната подкрепа на тялото. Двулицевият матрак Silver Exclusive е покрит с луксозна тъкан, ушита със сребърни влакна, изключително мека при допир с кожата. Благодарение на естествените антибактериални свойства на среброто, се потиска образуването на бактерии и задържането на неприятни миризми, което от своя страна гарантира хигиенична среда по време на сън. Частиците допринасят изключително много и за добрата циркулация на тялото. С този модел матрак ще усетиш лукса и комфорта по време на сън! Как постигнахме като резултат това сребърно изящество? ✓ 7-зонов мултипокет Система от индивидуално пакетирани пружинки с повече опорни точки &ndash; над 500 бр. на кв.м. за още по-добра стабилност и реагираща повърхност, която не оказва съпротивление при смяна в позицията на спящия. 7-зоновото анатомично зониране на системата осигурява правилна позиция на гръбнака и равномерно разпределение на тежестта на тялото. ✓ Полиуретанова Body Care &trade; пяна Много добра плътност и еластичност. Стабилна опора и поддръжка, точки на напрежение. Пенополиуретанът е лесен за профилиране, което му придава допълнителни анатомични свойства. ✓ Обезшумяващ слой ✓ Луксозен текстил Висококачествен текстил със сребърни нишки. За кого е подходящ матрак Silver Exclusive? Двулицев матрак Silver Exclusive задоволява нуждите за стабилна ортопедична опора и борбата срещу бактериите и акарите. Матракът е произведен в България, стандартен TED клас, който ти осигурява 8 годишно спокойствие.",Матраци,1,204.52,153.39,100,https://cdncloudcart.com/28510/products/images/1589/ednolicev-matrak-silver-exclusive-636fd5ddb8cb1_1280x1280.png?1668273698|https://cdncloudcart.com/28510/products/images/1589/ednolicev-matrak-silver-exclusive-636fd5dd2377a_1920x1920.png?1668273657|https://cdncloudcart.com/28510/products/images/1589/ednolicev-matrak-silver-exclusive-636fd5de457ec_1280x1280.png?1668273676|https://cdncloudcart.com/28510/products/images/1589/ednolicev-matrak-silver-exclusive-636fd5debbe26_1280x1280.png?1668273691|https://cdncloudcart.com/28510/products/images/1589/ednolicev-matrak-silver-exclusive-636fd5df5537a_1920x1920.jpeg?1668273700|https://cdncloudcart.com/28510/products/images/1589/ednolicev-matrak-silver-exclusive-636fd5dfbc108_800x800.png?1668273665
22011044-1-100-/-200,"Матрак SILVER EXCLUSIVE, двулицев - 100 / 200","Silver exclusive - сребърно вълшебство в спалнята Матракът се използва с подматрачна рамка Висококачественият матрак е от хит колекция Silver Collection и е с уникални по рода си ортопедични свойства. Пренеси сребърното вълшебство в спалнята с помощта на текстилни материи, с които лесно да се предпазиш от бактерии и акари, като едновременно се радваш на добро здраве и ежедневни усмивки. Silver Exclusive е висококласен матрак, който ти гарантира правилното позициониране на гръбначния стълб по време на сън. За разлика от обикновените пружинни пакети, специално създаденото от мултипокет ядро осигурява динамична поддръжка, посредством два пъти повече опорни точки, които дават нужната подкрепа на тялото. Двулицевият матрак Silver Exclusive е покрит с луксозна тъкан, ушита със сребърни влакна, изключително мека при допир с кожата. Благодарение на естествените антибактериални свойства на среброто, се потиска образуването на бактерии и задържането на неприятни миризми, което от своя страна гарантира хигиенична среда по време на сън. Частиците допринасят изключително много и за добрата циркулация на тялото. С този модел матрак ще усетиш лукса и комфорта по време на сън! Как постигнахме като резултат това сребърно изящество? ✓ 7-зонов мултипокет Система от индивидуално пакетирани пружинки с повече опорни точки &ndash; над 500 бр. на кв.м. за още по-добра стабилност и реагираща повърхност, която не оказва съпротивление при смяна в позицията на спящия. 7-зоновото анатомично зониране на системата осигурява правилна позиция на гръбнака и равномерно разпределение на тежестта на тялото. ✓ Полиуретанова Body Care &trade; пяна Много добра плътност и еластичност. Стабилна опора и поддръжка, точки на напрежение. Пенополиуретанът е лесен за профилиране, което му придава допълнителни анатомични свойства. ✓ Обезшумяващ слой ✓ Луксозен текстил Висококачествен текстил със сребърни нишки. За кого е подходящ матрак Silver Exclusive? Двулицев матрак Silver Exclusive задоволява нуждите за стабилна ортопедична опора и борбата срещу бактериите и акарите. Матракът е произведен в България, стандартен TED клас, който ти осигурява 8 годишно спокойствие.",Матраци,1,225.99,169.49,100,https://cdncloudcart.com/28510/products/images/1589/ednolicev-matrak-silver-exclusive-636fd5ddb8cb1_1280x1280.png?1668273698|https://cdncloudcart.com/28510/products/images/1589/ednolicev-matrak-silver-exclusive-636fd5dd2377a_1920x1920.png?1668273657|https://cdncloudcart.com/28510/products/images/1589/ednolicev-matrak-silver-exclusive-636fd5de457ec_1280x1280.png?1668273676|https://cdncloudcart.com/28510/products/images/1589/ednolicev-matrak-silver-exclusive-636fd5debbe26_1280x1280.png?1668273691|https://cdncloudcart.com/28510/products/images/1589/ednolicev-matrak-silver-exclusive-636fd5df5537a_1920x1920.jpeg?1668273700|https://cdncloudcart.com/28510/products/images/1589/ednolicev-matrak-silver-exclusive-636fd5dfbc108_800x800.png?1668273665
22011044-1-114-/-190,"Матрак SILVER EXCLUSIVE, двулицев - 114 / 190","Silver exclusive - сребърно вълшебство в спалнята Матракът се използва с подматрачна рамка Висококачественият матрак е от хит колекция Silver Collection и е с уникални по рода си ортопедични свойства. Пренеси сребърното вълшебство в спалнята с помощта на текстилни материи, с които лесно да се предпазиш от бактерии и акари, като едновременно се радваш на добро здраве и ежедневни усмивки. Silver Exclusive е висококласен матрак, който ти гарантира правилното позициониране на гръбначния стълб по време на сън. За разлика от обикновените пружинни пакети, специално създаденото от мултипокет ядро осигурява динамична поддръжка, посредством два пъти повече опорни точки, които дават нужната подкрепа на тялото. Двулицевият матрак Silver Exclusive е покрит с луксозна тъкан, ушита със сребърни влакна, изключително мека при допир с кожата. Благодарение на естествените антибактериални свойства на среброто, се потиска образуването на бактерии и задържането на неприятни миризми, което от своя страна гарантира хигиенична среда по време на сън. Частиците допринасят изключително много и за добрата циркулация на тялото. С този модел матрак ще усетиш лукса и комфорта по време на сън! Как постигнахме като резултат това сребърно изящество? ✓ 7-зонов мултипокет Система от индивидуално пакетирани пружинки с повече опорни точки &ndash; над 500 бр. на кв.м. за още по-добра стабилност и реагираща повърхност, която не оказва съпротивление при смяна в позицията на спящия. 7-зоновото анатомично зониране на системата осигурява правилна позиция на гръбнака и равномерно разпределение на тежестта на тялото. ✓ Полиуретанова Body Care &trade; пяна Много добра плътност и еластичност. Стабилна опора и поддръжка, точки на напрежение. Пенополиуретанът е лесен за профилиране, което му придава допълнителни анатомични свойства. ✓ Обезшумяващ слой ✓ Луксозен текстил Висококачествен текстил със сребърни нишки. За кого е подходящ матрак Silver Exclusive? Двулицев матрак Silver Exclusive задоволява нуждите за стабилна ортопедична опора и борбата срещу бактериите и акарите. Матракът е произведен в България, стандартен TED клас, който ти осигурява 8 годишно спокойствие.",Матраци,1,242.35,181.76,100,https://cdncloudcart.com/28510/products/images/1589/ednolicev-matrak-silver-exclusive-636fd5ddb8cb1_1280x1280.png?1668273698|https://cdncloudcart.com/28510/products/images/1589/ednolicev-matrak-silver-exclusive-636fd5dd2377a_1920x1920.png?1668273657|https://cdncloudcart.com/28510/products/images/1589/ednolicev-matrak-silver-exclusive-636fd5de457ec_1280x1280.png?1668273676|https://cdncloudcart.com/28510/products/images/1589/ednolicev-matrak-silver-exclusive-636fd5debbe26_1280x1280.png?1668273691|https://cdncloudcart.com/28510/products/images/1589/ednolicev-matrak-silver-exclusive-636fd5df5537a_1920x1920.jpeg?1668273700|https://cdncloudcart.com/28510/products/images/1589/ednolicev-matrak-silver-exclusive-636fd5dfbc108_800x800.png?1668273665
22011044-1-120-/-190,"Матрак SILVER EXCLUSIVE, двулицев - 120 / 190","Silver exclusive - сребърно вълшебство в спалнята Матракът се използва с подматрачна рамка Висококачественият матрак е от хит колекция Silver Collection и е с уникални по рода си ортопедични свойства. Пренеси сребърното вълшебство в спалнята с помощта на текстилни материи, с които лесно да се предпазиш от бактерии и акари, като едновременно се радваш на добро здраве и ежедневни усмивки. Silver Exclusive е висококласен матрак, който ти гарантира правилното позициониране на гръбначния стълб по време на сън. За разлика от обикновените пружинни пакети, специално създаденото от мултипокет ядро осигурява динамична поддръжка, посредством два пъти повече опорни точки, които дават нужната подкрепа на тялото. Двулицевият матрак Silver Exclusive е покрит с луксозна тъкан, ушита със сребърни влакна, изключително мека при допир с кожата. Благодарение на естествените антибактериални свойства на среброто, се потиска образуването на бактерии и задържането на неприятни миризми, което от своя страна гарантира хигиенична среда по време на сън. Частиците допринасят изключително много и за добрата циркулация на тялото. С този модел матрак ще усетиш лукса и комфорта по време на сън! Как постигнахме като резултат това сребърно изящество? ✓ 7-зонов мултипокет Система от индивидуално пакетирани пружинки с повече опорни точки &ndash; над 500 бр. на кв.м. за още по-добра стабилност и реагираща повърхност, която не оказва съпротивление при смяна в позицията на спящия. 7-зоновото анатомично зониране на системата осигурява правилна позиция на гръбнака и равномерно разпределение на тежестта на тялото. ✓ Полиуретанова Body Care &trade; пяна Много добра плътност и еластичност. Стабилна опора и поддръжка, точки на напрежение. Пенополиуретанът е лесен за профилиране, което му придава допълнителни анатомични свойства. ✓ Обезшумяващ слой ✓ Луксозен текстил Висококачествен текстил със сребърни нишки. За кого е подходящ матрак Silver Exclusive? Двулицев матрак Silver Exclusive задоволява нуждите за стабилна ортопедична опора и борбата срещу бактериите и акарите. Матракът е произведен в България, стандартен TED клас, който ти осигурява 8 годишно спокойствие.",Матраци,1,253.60,190.20,100,https://cdncloudcart.com/28510/products/images/1589/ednolicev-matrak-silver-exclusive-636fd5ddb8cb1_1280x1280.png?1668273698|https://cdncloudcart.com/28510/products/images/1589/ednolicev-matrak-silver-exclusive-636fd5dd2377a_1920x1920.png?1668273657|https://cdncloudcart.com/28510/products/images/1589/ednolicev-matrak-silver-exclusive-636fd5de457ec_1280x1280.png?1668273676|https://cdncloudcart.com/28510/products/images/1589/ednolicev-matrak-silver-exclusive-636fd5debbe26_1280x1280.png?1668273691|https://cdncloudcart.com/28510/products/images/1589/ednolicev-matrak-silver-exclusive-636fd5df5537a_1920x1920.jpeg?1668273700|https://cdncloudcart.com/28510/products/images/1589/ednolicev-matrak-silver-exclusive-636fd5dfbc108_800x800.png?1668273665
22011044-1-120-/-200,"Матрак SILVER EXCLUSIVE, двулицев - 120 / 200","Silver exclusive - сребърно вълшебство в спалнята Матракът се използва с подматрачна рамка Висококачественият матрак е от хит колекция Silver Collection и е с уникални по рода си ортопедични свойства. Пренеси сребърното вълшебство в спалнята с помощта на текстилни материи, с които лесно да се предпазиш от бактерии и акари, като едновременно се радваш на добро здраве и ежедневни усмивки. Silver Exclusive е висококласен матрак, който ти гарантира правилното позициониране на гръбначния стълб по време на сън. За разлика от обикновените пружинни пакети, специално създаденото от мултипокет ядро осигурява динамична поддръжка, посредством два пъти повече опорни точки, които дават нужната подкрепа на тялото. Двулицевият матрак Silver Exclusive е покрит с луксозна тъкан, ушита със сребърни влакна, изключително мека при допир с кожата. Благодарение на естествените антибактериални свойства на среброто, се потиска образуването на бактерии и задържането на неприятни миризми, което от своя страна гарантира хигиенична среда по време на сън. Частиците допринасят изключително много и за добрата циркулация на тялото. С този модел матрак ще усетиш лукса и комфорта по време на сън! Как постигнахме като резултат това сребърно изящество? ✓ 7-зонов мултипокет Система от индивидуално пакетирани пружинки с повече опорни точки &ndash; над 500 бр. на кв.м. за още по-добра стабилност и реагираща повърхност, която не оказва съпротивление при смяна в позицията на спящия. 7-зоновото анатомично зониране на системата осигурява правилна позиция на гръбнака и равномерно разпределение на тежестта на тялото. ✓ Полиуретанова Body Care &trade; пяна Много добра плътност и еластичност. Стабилна опора и поддръжка, точки на напрежение. Пенополиуретанът е лесен за профилиране, което му придава допълнителни анатомични свойства. ✓ Обезшумяващ слой ✓ Луксозен текстил Висококачествен текстил със сребърни нишки. За кого е подходящ матрак Silver Exclusive? Двулицев матрак Silver Exclusive задоволява нуждите за стабилна ортопедична опора и борбата срещу бактериите и акарите. Матракът е произведен в България, стандартен TED клас, който ти осигурява 8 годишно спокойствие.",Матраци,1,262.29,196.72,100,https://cdncloudcart.com/28510/products/images/1589/ednolicev-matrak-silver-exclusive-636fd5ddb8cb1_1280x1280.png?1668273698|https://cdncloudcart.com/28510/products/images/1589/ednolicev-matrak-silver-exclusive-636fd5dd2377a_1920x1920.png?1668273657|https://cdncloudcart.com/28510/products/images/1589/ednolicev-matrak-silver-exclusive-636fd5de457ec_1280x1280.png?1668273676|https://cdncloudcart.com/28510/products/images/1589/ednolicev-matrak-silver-exclusive-636fd5debbe26_1280x1280.png?1668273691|https://cdncloudcart.com/28510/products/images/1589/ednolicev-matrak-silver-exclusive-636fd5df5537a_1920x1920.jpeg?1668273700|https://cdncloudcart.com/28510/products/images/1589/ednolicev-matrak-silver-exclusive-636fd5dfbc108_800x800.png?1668273665
22011044-1-140-/-190,"Матрак SILVER EXCLUSIVE, двулицев - 140 / 190","Silver exclusive - сребърно вълшебство в спалнята Матракът се използва с подматрачна рамка Висококачественият матрак е от хит колекция Silver Collection и е с уникални по рода си ортопедични свойства. Пренеси сребърното вълшебство в спалнята с помощта на текстилни материи, с които лесно да се предпазиш от бактерии и акари, като едновременно се радваш на добро здраве и ежедневни усмивки. Silver Exclusive е висококласен матрак, който ти гарантира правилното позициониране на гръбначния стълб по време на сън. За разлика от обикновените пружинни пакети, специално създаденото от мултипокет ядро осигурява динамична поддръжка, посредством два пъти повече опорни точки, които дават нужната подкрепа на тялото. Двулицевият матрак Silver Exclusive е покрит с луксозна тъкан, ушита със сребърни влакна, изключително мека при допир с кожата. Благодарение на естествените антибактериални свойства на среброто, се потиска образуването на бактерии и задържането на неприятни миризми, което от своя страна гарантира хигиенична среда по време на сън. Частиците допринасят изключително много и за добрата циркулация на тялото. С този модел матрак ще усетиш лукса и комфорта по време на сън! Как постигнахме като резултат това сребърно изящество? ✓ 7-зонов мултипокет Система от индивидуално пакетирани пружинки с повече опорни точки &ndash; над 500 бр. на кв.м. за още по-добра стабилност и реагираща повърхност, която не оказва съпротивление при смяна в позицията на спящия. 7-зоновото анатомично зониране на системата осигурява правилна позиция на гръбнака и равномерно разпределение на тежестта на тялото. ✓ Полиуретанова Body Care &trade; пяна Много добра плътност и еластичност. Стабилна опора и поддръжка, точки на напрежение. Пенополиуретанът е лесен за профилиране, което му придава допълнителни анатомични свойства. ✓ Обезшумяващ слой ✓ Луксозен текстил Висококачествен текстил със сребърни нишки. За кого е подходящ матрак Silver Exclusive? Двулицев матрак Silver Exclusive задоволява нуждите за стабилна ортопедична опора и борбата срещу бактериите и акарите. Матракът е произведен в България, стандартен TED клас, който ти осигурява 8 годишно спокойствие.",Матраци,1,296.04,222.03,100,https://cdncloudcart.com/28510/products/images/1589/ednolicev-matrak-silver-exclusive-636fd5ddb8cb1_1280x1280.png?1668273698|https://cdncloudcart.com/28510/products/images/1589/ednolicev-matrak-silver-exclusive-636fd5dd2377a_1920x1920.png?1668273657|https://cdncloudcart.com/28510/products/images/1589/ednolicev-matrak-silver-exclusive-636fd5de457ec_1280x1280.png?1668273676|https://cdncloudcart.com/28510/products/images/1589/ednolicev-matrak-silver-exclusive-636fd5debbe26_1280x1280.png?1668273691|https://cdncloudcart.com/28510/products/images/1589/ednolicev-matrak-silver-exclusive-636fd5df5537a_1920x1920.jpeg?1668273700|https://cdncloudcart.com/28510/products/images/1589/ednolicev-matrak-silver-exclusive-636fd5dfbc108_800x800.png?1668273665
22011044-1-144-/-190,"Матрак SILVER EXCLUSIVE, двулицев - 144 / 190","Silver exclusive - сребърно вълшебство в спалнята Матракът се използва с подматрачна рамка Висококачественият матрак е от хит колекция Silver Collection и е с уникални по рода си ортопедични свойства. Пренеси сребърното вълшебство в спалнята с помощта на текстилни материи, с които лесно да се предпазиш от бактерии и акари, като едновременно се радваш на добро здраве и ежедневни усмивки. Silver Exclusive е висококласен матрак, който ти гарантира правилното позициониране на гръбначния стълб по време на сън. За разлика от обикновените пружинни пакети, специално създаденото от мултипокет ядро осигурява динамична поддръжка, посредством два пъти повече опорни точки, които дават нужната подкрепа на тялото. Двулицевият матрак Silver Exclusive е покрит с луксозна тъкан, ушита със сребърни влакна, изключително мека при допир с кожата. Благодарение на естествените антибактериални свойства на среброто, се потиска образуването на бактерии и задържането на неприятни миризми, което от своя страна гарантира хигиенична среда по време на сън. Частиците допринасят изключително много и за добрата циркулация на тялото. С този модел матрак ще усетиш лукса и комфорта по време на сън! Как постигнахме като резултат това сребърно изящество? ✓ 7-зонов мултипокет Система от индивидуално пакетирани пружинки с повече опорни точки &ndash; над 500 бр. на кв.м. за още по-добра стабилност и реагираща повърхност, която не оказва съпротивление при смяна в позицията на спящия. 7-зоновото анатомично зониране на системата осигурява правилна позиция на гръбнака и равномерно разпределение на тежестта на тялото. ✓ Полиуретанова Body Care &trade; пяна Много добра плътност и еластичност. Стабилна опора и поддръжка, точки на напрежение. Пенополиуретанът е лесен за профилиране, което му придава допълнителни анатомични свойства. ✓ Обезшумяващ слой ✓ Луксозен текстил Висококачествен текстил със сребърни нишки. За кого е подходящ матрак Silver Exclusive? Двулицев матрак Silver Exclusive задоволява нуждите за стабилна ортопедична опора и борбата срещу бактериите и акарите. Матракът е произведен в България, стандартен TED клас, който ти осигурява 8 годишно спокойствие.",Матраци,1,299.62,224.72,100,https://cdncloudcart.com/28510/products/images/1589/ednolicev-matrak-silver-exclusive-636fd5ddb8cb1_1280x1280.png?1668273698|https://cdncloudcart.com/28510/products/images/1589/ednolicev-matrak-silver-exclusive-636fd5dd2377a_1920x1920.png?1668273657|https://cdncloudcart.com/28510/products/images/1589/ednolicev-matrak-silver-exclusive-636fd5de457ec_1280x1280.png?1668273676|https://cdncloudcart.com/28510/products/images/1589/ednolicev-matrak-silver-exclusive-636fd5debbe26_1280x1280.png?1668273691|https://cdncloudcart.com/28510/products/images/1589/ednolicev-matrak-silver-exclusive-636fd5df5537a_1920x1920.jpeg?1668273700|https://cdncloudcart.com/28510/products/images/1589/ednolicev-matrak-silver-exclusive-636fd5dfbc108_800x800.png?1668273665
22011044-1-160-/-190,"Матрак SILVER EXCLUSIVE, двулицев - 160 / 190","Silver exclusive - сребърно вълшебство в спалнята Матракът се използва с подматрачна рамка Висококачественият матрак е от хит колекция Silver Collection и е с уникални по рода си ортопедични свойства. Пренеси сребърното вълшебство в спалнята с помощта на текстилни материи, с които лесно да се предпазиш от бактерии и акари, като едновременно се радваш на добро здраве и ежедневни усмивки. Silver Exclusive е висококласен матрак, който ти гарантира правилното позициониране на гръбначния стълб по време на сън. За разлика от обикновените пружинни пакети, специално създаденото от мултипокет ядро осигурява динамична поддръжка, посредством два пъти повече опорни точки, които дават нужната подкрепа на тялото. Двулицевият матрак Silver Exclusive е покрит с луксозна тъкан, ушита със сребърни влакна, изключително мека при допир с кожата. Благодарение на естествените антибактериални свойства на среброто, се потиска образуването на бактерии и задържането на неприятни миризми, което от своя страна гарантира хигиенична среда по време на сън. Частиците допринасят изключително много и за добрата циркулация на тялото. С този модел матрак ще усетиш лукса и комфорта по време на сън! Как постигнахме като резултат това сребърно изящество? ✓ 7-зонов мултипокет Система от индивидуално пакетирани пружинки с повече опорни точки &ndash; над 500 бр. на кв.м. за още по-добра стабилност и реагираща повърхност, която не оказва съпротивление при смяна в позицията на спящия. 7-зоновото анатомично зониране на системата осигурява правилна позиция на гръбнака и равномерно разпределение на тежестта на тялото. ✓ Полиуретанова Body Care &trade; пяна Много добра плътност и еластичност. Стабилна опора и поддръжка, точки на напрежение. Пенополиуретанът е лесен за профилиране, което му придава допълнителни анатомични свойства. ✓ Обезшумяващ слой ✓ Луксозен текстил Висококачествен текстил със сребърни нишки. За кого е подходящ матрак Silver Exclusive? Двулицев матрак Silver Exclusive задоволява нуждите за стабилна ортопедична опора и борбата срещу бактериите и акарите. Матракът е произведен в България, стандартен TED клас, който ти осигурява 8 годишно спокойствие.",Матраци,1,332.85,249.64,100,https://cdncloudcart.com/28510/products/images/1589/ednolicev-matrak-silver-exclusive-636fd5ddb8cb1_1280x1280.png?1668273698|https://cdncloudcart.com/28510/products/images/1589/ednolicev-matrak-silver-exclusive-636fd5dd2377a_1920x1920.png?1668273657|https://cdncloudcart.com/28510/products/images/1589/ednolicev-matrak-silver-exclusive-636fd5de457ec_1280x1280.png?1668273676|https://cdncloudcart.com/28510/products/images/1589/ednolicev-matrak-silver-exclusive-636fd5debbe26_1280x1280.png?1668273691|https://cdncloudcart.com/28510/products/images/1589/ednolicev-matrak-silver-exclusive-636fd5df5537a_1920x1920.jpeg?1668273700|https://cdncloudcart.com/28510/products/images/1589/ednolicev-matrak-silver-exclusive-636fd5dfbc108_800x800.png?1668273665
22011044-1-160-/-200,"Матрак SILVER EXCLUSIVE, двулицев - 160 / 200","Silver exclusive - сребърно вълшебство в спалнята Матракът се използва с подматрачна рамка Висококачественият матрак е от хит колекция Silver Collection и е с уникални по рода си ортопедични свойства. Пренеси сребърното вълшебство в спалнята с помощта на текстилни материи, с които лесно да се предпазиш от бактерии и акари, като едновременно се радваш на добро здраве и ежедневни усмивки. Silver Exclusive е висококласен матрак, който ти гарантира правилното позициониране на гръбначния стълб по време на сън. За разлика от обикновените пружинни пакети, специално създаденото от мултипокет ядро осигурява динамична поддръжка, посредством два пъти повече опорни точки, които дават нужната подкрепа на тялото. Двулицевият матрак Silver Exclusive е покрит с луксозна тъкан, ушита със сребърни влакна, изключително мека при допир с кожата. Благодарение на естествените антибактериални свойства на среброто, се потиска образуването на бактерии и задържането на неприятни миризми, което от своя страна гарантира хигиенична среда по време на сън. Частиците допринасят изключително много и за добрата циркулация на тялото. С този модел матрак ще усетиш лукса и комфорта по време на сън! Как постигнахме като резултат това сребърно изящество? ✓ 7-зонов мултипокет Система от индивидуално пакетирани пружинки с повече опорни точки &ndash; над 500 бр. на кв.м. за още по-добра стабилност и реагираща повърхност, която не оказва съпротивление при смяна в позицията на спящия. 7-зоновото анатомично зониране на системата осигурява правилна позиция на гръбнака и равномерно разпределение на тежестта на тялото. ✓ Полиуретанова Body Care &trade; пяна Много добра плътност и еластичност. Стабилна опора и поддръжка, точки на напрежение. Пенополиуретанът е лесен за профилиране, което му придава допълнителни анатомични свойства. ✓ Обезшумяващ слой ✓ Луксозен текстил Висококачествен текстил със сребърни нишки. За кого е подходящ матрак Silver Exclusive? Двулицев матрак Silver Exclusive задоволява нуждите за стабилна ортопедична опора и борбата срещу бактериите и акарите. Матракът е произведен в България, стандартен TED клас, който ти осигурява 8 годишно спокойствие.",Матраци,1,346.66,260.00,100,https://cdncloudcart.com/28510/products/images/1589/ednolicev-matrak-silver-exclusive-636fd5ddb8cb1_1280x1280.png?1668273698|https://cdncloudcart.com/28510/products/images/1589/ednolicev-matrak-silver-exclusive-636fd5dd2377a_1920x1920.png?1668273657|https://cdncloudcart.com/28510/products/images/1589/ednolicev-matrak-silver-exclusive-636fd5de457ec_1280x1280.png?1668273676|https://cdncloudcart.com/28510/products/images/1589/ednolicev-matrak-silver-exclusive-636fd5debbe26_1280x1280.png?1668273691|https://cdncloudcart.com/28510/products/images/1589/ednolicev-matrak-silver-exclusive-636fd5df5537a_1920x1920.jpeg?1668273700|https://cdncloudcart.com/28510/products/images/1589/ednolicev-matrak-silver-exclusive-636fd5dfbc108_800x800.png?1668273665
22011044-1-164-/-190,"Матрак SILVER EXCLUSIVE, двулицев - 164 / 190","Silver exclusive - сребърно вълшебство в спалнята Матракът се използва с подматрачна рамка Висококачественият матрак е от хит колекция Silver Collection и е с уникални по рода си ортопедични свойства. Пренеси сребърното вълшебство в спалнята с помощта на текстилни материи, с които лесно да се предпазиш от бактерии и акари, като едновременно се радваш на добро здраве и ежедневни усмивки. Silver Exclusive е висококласен матрак, който ти гарантира правилното позициониране на гръбначния стълб по време на сън. За разлика от обикновените пружинни пакети, специално създаденото от мултипокет ядро осигурява динамична поддръжка, посредством два пъти повече опорни точки, които дават нужната подкрепа на тялото. Двулицевият матрак Silver Exclusive е покрит с луксозна тъкан, ушита със сребърни влакна, изключително мека при допир с кожата. Благодарение на естествените антибактериални свойства на среброто, се потиска образуването на бактерии и задържането на неприятни миризми, което от своя страна гарантира хигиенична среда по време на сън. Частиците допринасят изключително много и за добрата циркулация на тялото. С този модел матрак ще усетиш лукса и комфорта по време на сън! Как постигнахме като резултат това сребърно изящество? ✓ 7-зонов мултипокет Система от индивидуално пакетирани пружинки с повече опорни точки &ndash; над 500 бр. на кв.м. за още по-добра стабилност и реагираща повърхност, която не оказва съпротивление при смяна в позицията на спящия. 7-зоновото анатомично зониране на системата осигурява правилна позиция на гръбнака и равномерно разпределение на тежестта на тялото. ✓ Полиуретанова Body Care &trade; пяна Много добра плътност и еластичност. Стабилна опора и поддръжка, точки на напрежение. Пенополиуретанът е лесен за профилиране, което му придава допълнителни анатомични свойства. ✓ Обезшумяващ слой ✓ Луксозен текстил Висококачествен текстил със сребърни нишки. За кого е подходящ матрак Silver Exclusive? Двулицев матрак Silver Exclusive задоволява нуждите за стабилна ортопедична опора и борбата срещу бактериите и акарите. Матракът е произведен в България, стандартен TED клас, който ти осигурява 8 годишно спокойствие.",Матраци,1,332.85,249.64,100,https://cdncloudcart.com/28510/products/images/1589/ednolicev-matrak-silver-exclusive-636fd5ddb8cb1_1280x1280.png?1668273698|https://cdncloudcart.com/28510/products/images/1589/ednolicev-matrak-silver-exclusive-636fd5dd2377a_1920x1920.png?1668273657|https://cdncloudcart.com/28510/products/images/1589/ednolicev-matrak-silver-exclusive-636fd5de457ec_1280x1280.png?1668273676|https://cdncloudcart.com/28510/products/images/1589/ednolicev-matrak-silver-exclusive-636fd5debbe26_1280x1280.png?1668273691|https://cdncloudcart.com/28510/products/images/1589/ednolicev-matrak-silver-exclusive-636fd5df5537a_1920x1920.jpeg?1668273700|https://cdncloudcart.com/28510/products/images/1589/ednolicev-matrak-silver-exclusive-636fd5dfbc108_800x800.png?1668273665
22011044-1-164-/-200,"Матрак SILVER EXCLUSIVE, двулицев - 164 / 200","Silver exclusive - сребърно вълшебство в спалнята Матракът се използва с подматрачна рамка Висококачественият матрак е от хит колекция Silver Collection и е с уникални по рода си ортопедични свойства. Пренеси сребърното вълшебство в спалнята с помощта на текстилни материи, с които лесно да се предпазиш от бактерии и акари, като едновременно се радваш на добро здраве и ежедневни усмивки. Silver Exclusive е висококласен матрак, който ти гарантира правилното позициониране на гръбначния стълб по време на сън. За разлика от обикновените пружинни пакети, специално създаденото от мултипокет ядро осигурява динамична поддръжка, посредством два пъти повече опорни точки, които дават нужната подкрепа на тялото. Двулицевият матрак Silver Exclusive е покрит с луксозна тъкан, ушита със сребърни влакна, изключително мека при допир с кожата. Благодарение на естествените антибактериални свойства на среброто, се потиска образуването на бактерии и задържането на неприятни миризми, което от своя страна гарантира хигиенична среда по време на сън. Частиците допринасят изключително много и за добрата циркулация на тялото. С този модел матрак ще усетиш лукса и комфорта по време на сън! Как постигнахме като резултат това сребърно изящество? ✓ 7-зонов мултипокет Система от индивидуално пакетирани пружинки с повече опорни точки &ndash; над 500 бр. на кв.м. за още по-добра стабилност и реагираща повърхност, която не оказва съпротивление при смяна в позицията на спящия. 7-зоновото анатомично зониране на системата осигурява правилна позиция на гръбнака и равномерно разпределение на тежестта на тялото. ✓ Полиуретанова Body Care &trade; пяна Много добра плътност и еластичност. Стабилна опора и поддръжка, точки на напрежение. Пенополиуретанът е лесен за профилиране, което му придава допълнителни анатомични свойства. ✓ Обезшумяващ слой ✓ Луксозен текстил Висококачествен текстил със сребърни нишки. За кого е подходящ матрак Silver Exclusive? Двулицев матрак Silver Exclusive задоволява нуждите за стабилна ортопедична опора и борбата срещу бактериите и акарите. Матракът е произведен в България, стандартен TED клас, който ти осигурява 8 годишно спокойствие.",Матраци,1,346.66,260.00,100,https://cdncloudcart.com/28510/products/images/1589/ednolicev-matrak-silver-exclusive-636fd5ddb8cb1_1280x1280.png?1668273698|https://cdncloudcart.com/28510/products/images/1589/ednolicev-matrak-silver-exclusive-636fd5dd2377a_1920x1920.png?1668273657|https://cdncloudcart.com/28510/products/images/1589/ednolicev-matrak-silver-exclusive-636fd5de457ec_1280x1280.png?1668273676|https://cdncloudcart.com/28510/products/images/1589/ednolicev-matrak-silver-exclusive-636fd5debbe26_1280x1280.png?1668273691|https://cdncloudcart.com/28510/products/images/1589/ednolicev-matrak-silver-exclusive-636fd5df5537a_1920x1920.jpeg?1668273700|https://cdncloudcart.com/28510/products/images/1589/ednolicev-matrak-silver-exclusive-636fd5dfbc108_800x800.png?1668273665
22011044-1-180-/-200,"Матрак SILVER EXCLUSIVE, двулицев - 180 / 200","Silver exclusive - сребърно вълшебство в спалнята Матракът се използва с подматрачна рамка Висококачественият матрак е от хит колекция Silver Collection и е с уникални по рода си ортопедични свойства. Пренеси сребърното вълшебство в спалнята с помощта на текстилни материи, с които лесно да се предпазиш от бактерии и акари, като едновременно се радваш на добро здраве и ежедневни усмивки. Silver Exclusive е висококласен матрак, който ти гарантира правилното позициониране на гръбначния стълб по време на сън. За разлика от обикновените пружинни пакети, специално създаденото от мултипокет ядро осигурява динамична поддръжка, посредством два пъти повече опорни точки, които дават нужната подкрепа на тялото. Двулицевият матрак Silver Exclusive е покрит с луксозна тъкан, ушита със сребърни влакна, изключително мека при допир с кожата. Благодарение на естествените антибактериални свойства на среброто, се потиска образуването на бактерии и задържането на неприятни миризми, което от своя страна гарантира хигиенична среда по време на сън. Частиците допринасят изключително много и за добрата циркулация на тялото. С този модел матрак ще усетиш лукса и комфорта по време на сън! Как постигнахме като резултат това сребърно изящество? ✓ 7-зонов мултипокет Система от индивидуално пакетирани пружинки с повече опорни точки &ndash; над 500 бр. на кв.м. за още по-добра стабилност и реагираща повърхност, която не оказва съпротивление при смяна в позицията на спящия. 7-зоновото анатомично зониране на системата осигурява правилна позиция на гръбнака и равномерно разпределение на тежестта на тялото. ✓ Полиуретанова Body Care &trade; пяна Много добра плътност и еластичност. Стабилна опора и поддръжка, точки на напрежение. Пенополиуретанът е лесен за профилиране, което му придава допълнителни анатомични свойства. ✓ Обезшумяващ слой ✓ Луксозен текстил Висококачествен текстил със сребърни нишки. За кого е подходящ матрак Silver Exclusive? Двулицев матрак Silver Exclusive задоволява нуждите за стабилна ортопедична опора и борбата срещу бактериите и акарите. Матракът е произведен в България, стандартен TED клас, който ти осигурява 8 годишно спокойствие.",Матраци,1,371.20,278.40,100,https://cdncloudcart.com/28510/products/images/1589/ednolicev-matrak-silver-exclusive-636fd5ddb8cb1_1280x1280.png?1668273698|https://cdncloudcart.com/28510/products/images/1589/ednolicev-matrak-silver-exclusive-636fd5dd2377a_1920x1920.png?1668273657|https://cdncloudcart.com/28510/products/images/1589/ednolicev-matrak-silver-exclusive-636fd5de457ec_1280x1280.png?1668273676|https://cdncloudcart.com/28510/products/images/1589/ednolicev-matrak-silver-exclusive-636fd5debbe26_1280x1280.png?1668273691|https://cdncloudcart.com/28510/products/images/1589/ednolicev-matrak-silver-exclusive-636fd5df5537a_1920x1920.jpeg?1668273700|https://cdncloudcart.com/28510/products/images/1589/ednolicev-matrak-silver-exclusive-636fd5dfbc108_800x800.png?1668273665
22011044-1-72-/-190,"Матрак SILVER EXCLUSIVE, двулицев - 72 / 190","Silver exclusive - сребърно вълшебство в спалнята Матракът се използва с подматрачна рамка Висококачественият матрак е от хит колекция Silver Collection и е с уникални по рода си ортопедични свойства. Пренеси сребърното вълшебство в спалнята с помощта на текстилни материи, с които лесно да се предпазиш от бактерии и акари, като едновременно се радваш на добро здраве и ежедневни усмивки. Silver Exclusive е висококласен матрак, който ти гарантира правилното позициониране на гръбначния стълб по време на сън. За разлика от обикновените пружинни пакети, специално създаденото от мултипокет ядро осигурява динамична поддръжка, посредством два пъти повече опорни точки, които дават нужната подкрепа на тялото. Двулицевият матрак Silver Exclusive е покрит с луксозна тъкан, ушита със сребърни влакна, изключително мека при допир с кожата. Благодарение на естествените антибактериални свойства на среброто, се потиска образуването на бактерии и задържането на неприятни миризми, което от своя страна гарантира хигиенична среда по време на сън. Частиците допринасят изключително много и за добрата циркулация на тялото. С този модел матрак ще усетиш лукса и комфорта по време на сън! Как постигнахме като резултат това сребърно изящество? ✓ 7-зонов мултипокет Система от индивидуално пакетирани пружинки с повече опорни точки &ndash; над 500 бр. на кв.м. за още по-добра стабилност и реагираща повърхност, която не оказва съпротивление при смяна в позицията на спящия. 7-зоновото анатомично зониране на системата осигурява правилна позиция на гръбнака и равномерно разпределение на тежестта на тялото. ✓ Полиуретанова Body Care &trade; пяна Много добра плътност и еластичност. Стабилна опора и поддръжка, точки на напрежение. Пенополиуретанът е лесен за профилиране, което му придава допълнителни анатомични свойства. ✓ Обезшумяващ слой ✓ Луксозен текстил Висококачествен текстил със сребърни нишки. За кого е подходящ матрак Silver Exclusive? Двулицев матрак Silver Exclusive задоволява нуждите за стабилна ортопедична опора и борбата срещу бактериите и акарите. Матракът е произведен в България, стандартен TED клас, който ти осигурява 8 годишно спокойствие.",Матраци,1,160.55,120.41,100,https://cdncloudcart.com/28510/products/images/1589/ednolicev-matrak-silver-exclusive-636fd5ddb8cb1_1280x1280.png?1668273698|https://cdncloudcart.com/28510/products/images/1589/ednolicev-matrak-silver-exclusive-636fd5dd2377a_1920x1920.png?1668273657|https://cdncloudcart.com/28510/products/images/1589/ednolicev-matrak-silver-exclusive-636fd5de457ec_1280x1280.png?1668273676|https://cdncloudcart.com/28510/products/images/1589/ednolicev-matrak-silver-exclusive-636fd5debbe26_1280x1280.png?1668273691|https://cdncloudcart.com/28510/products/images/1589/ednolicev-matrak-silver-exclusive-636fd5df5537a_1920x1920.jpeg?1668273700|https://cdncloudcart.com/28510/products/images/1589/ednolicev-matrak-silver-exclusive-636fd5dfbc108_800x800.png?1668273665
22011044-1-144-/-200,"Матрак SILVER EXCLUSIVE, двулицев - 144 / 200","Silver exclusive - сребърно вълшебство в спалнята Матракът се използва с подматрачна рамка Висококачественият матрак е от хит колекция Silver Collection и е с уникални по рода си ортопедични свойства. Пренеси сребърното вълшебство в спалнята с помощта на текстилни материи, с които лесно да се предпазиш от бактерии и акари, като едновременно се радваш на добро здраве и ежедневни усмивки. Silver Exclusive е висококласен матрак, който ти гарантира правилното позициониране на гръбначния стълб по време на сън. За разлика от обикновените пружинни пакети, специално създаденото от мултипокет ядро осигурява динамична поддръжка, посредством два пъти повече опорни точки, които дават нужната подкрепа на тялото. Двулицевият матрак Silver Exclusive е покрит с луксозна тъкан, ушита със сребърни влакна, изключително мека при допир с кожата. Благодарение на естествените антибактериални свойства на среброто, се потиска образуването на бактерии и задържането на неприятни миризми, което от своя страна гарантира хигиенична среда по време на сън. Частиците допринасят изключително много и за добрата циркулация на тялото. С този модел матрак ще усетиш лукса и комфорта по време на сън! Как постигнахме като резултат това сребърно изящество? ✓ 7-зонов мултипокет Система от индивидуално пакетирани пружинки с повече опорни точки &ndash; над 500 бр. на кв.м. за още по-добра стабилност и реагираща повърхност, която не оказва съпротивление при смяна в позицията на спящия. 7-зоновото анатомично зониране на системата осигурява правилна позиция на гръбнака и равномерно разпределение на тежестта на тялото. ✓ Полиуретанова Body Care &trade; пяна Много добра плътност и еластичност. Стабилна опора и поддръжка, точки на напрежение. Пенополиуретанът е лесен за профилиране, което му придава допълнителни анатомични свойства. ✓ Обезшумяващ слой ✓ Луксозен текстил Висококачествен текстил със сребърни нишки. За кого е подходящ матрак Silver Exclusive? Двулицев матрак Silver Exclusive задоволява нуждите за стабилна ортопедична опора и борбата срещу бактериите и акарите. Матракът е произведен в България, стандартен TED клас, който ти осигурява 8 годишно спокойствие.",Матраци,1,311.38,233.53,100,https://cdncloudcart.com/28510/products/images/1589/ednolicev-matrak-silver-exclusive-636fd5ddb8cb1_1280x1280.png?1668273698|https://cdncloudcart.com/28510/products/images/1589/ednolicev-matrak-silver-exclusive-636fd5dd2377a_1920x1920.png?1668273657|https://cdncloudcart.com/28510/products/images/1589/ednolicev-matrak-silver-exclusive-636fd5de457ec_1280x1280.png?1668273676|https://cdncloudcart.com/28510/products/images/1589/ednolicev-matrak-silver-exclusive-636fd5debbe26_1280x1280.png?1668273691|https://cdncloudcart.com/28510/products/images/1589/ednolicev-matrak-silver-exclusive-636fd5df5537a_1920x1920.jpeg?1668273700|https://cdncloudcart.com/28510/products/images/1589/ednolicev-matrak-silver-exclusive-636fd5dfbc108_800x800.png?1668273665
22000257-1-120-/-200,"Луксозен матрак MATTERRA, двулицев - 120 / 200","матрак MATTERRA - Регистриран полезен модел Двулицев матрак Matterra е тук, за да осигури на теб и твоето семейство една напълно защитена среда на сън. Почувствай се в безопасност в дома си и се предпази от вредните влияния на заобикалящия свят. В търсенето на истински ободряващ и зареждащ сън, се появи хибриден модел Matterra. Основаната ни цел беше да създадем една безопасна зона по време на сън. Пружинен матрак Matterra e предпочитано допълнение към всяка модерна спалня. Как го направихме? Вградихме специален неутрализатор, който се да бори срещу геопатогенните влияния на заобикалящия ни свят. Вграденият погасител разпръсква от повърхността на матрака в концентрична зависимост вредните геомагнитни вълни. Матракът е лабораторно тестван в център за квантова медицина, има патент за полезен модел и притежава сертификат за качество от водещата лаборатория T&Uuml;V Rheinland в Германия. Благодарение на подсиления покет пружинен пакет със стотици опорни точки, поддръжката на тялото и стабилността е напълно гарантирана. С помощта на добавените слоеве от Body Care&trade; и комфортна мемори пяна, която лесно се адаптира към контурите на тялото, осигуряват необходимата анатомична подкрепа, като елиминират точките на напрежение. Матракът е завършен с деликатен и изключително нежен към кожата текстил с двойна обемна прошивка. Наслади се на безупречен комфорт и обгръщаща мекота. Предлагаме две изразени страни: лятна и зимна. Любителите на AirFlex технологията, могат да потънат в нежната мемори пяна, от която е създаден горния слой. Тя се адаптира към силуета на тялото с такава лекота, че щом усетиш допира, умът ти мигновено се изчиства от мисли за околния свят. Това е матрак от изключително високо качество и последния щрих беше не по-малко важен за нас. Покрихме матрака с висококласен плетен текстил, а пренасянето му улеснихме като добавихме и удобни дръжки. Ето как постигнахме неустоимата комбинация от мекота и нужната поддръжка: ✓ Пружинен покет с двоен укрепващ механизъм Вътрешността на матрак Matterra e съставена от подсилена покет система със стотици опорни точки, които осигуряват отлична поддръжка и стабилност на модела. Благодарение на тях формата и тежестта на тялото се разпределя равномерно. ✓ Полиуретанова пяна Плътен материал, осигуряващ добра поддръжка на тялото и предотвратяващ създаването на изолирани зони на тежест и дискомфорт. Полиуретановата пяна е лесна за профилиране, което ѝ придава допълнителни анатомични свойства. ✓ Мемори пяна Изключително адаптивен и чувствителен към температурата материал. Реагира на топлината на тялото и заема неговата точна форма, запомняйки всяко движение. Подобрява комфорта и създава усещане за мекота. ✓ Луксозен текстил Калъфът на Matterra е изработен от висококачествен плетен текстил, истинско удоволствие за вашето тяло. За кого е подходящ двулицев матрак Matterra? Луксозен матрак Matterra е предпочитан избор на хора, търсещи качество, модерен стил, здраве и лукс. Възползвай се от многобройните предимства на един от най-популярните ни премиум матраци и се наслади на 10 годишна гаранция, носеща най-важното - спокойствието.",Матраци,1,791.48,593.61,100,https://cdncloudcart.com/28510/products/images/1590/luksozen-matrak-matterra-636fdaf2c093f_1280x1280.png?1668274957|https://cdncloudcart.com/28510/products/images/1590/luksozen-matrak-matterra-63709adcabe83_1280x1280.png?1668324087|https://cdncloudcart.com/28510/products/images/1590/luksozen-matrak-matterra-636fdaf0085f5_1920x1920.jpeg?1668324065|https://cdncloudcart.com/28510/products/images/1590/luksozen-matrak-matterra-636fdaf16d058_1280x1280.png?1668324065|https://cdncloudcart.com/28510/products/images/1590/luksozen-matrak-matterra-636fdaf2213c9_1920x1920.jpeg?1668324065|https://cdncloudcart.com/28510/products/images/1590/luksozen-matrak-matterra-636fdaf352ff2_1920x1920.jpeg?1668324065|https://cdncloudcart.com/28510/products/images/1590/luksozen-matrak-matterra-636fdaf3cceb4_1920x1920.jpeg?1668324065|https://cdncloudcart.com/28510/products/images/1590/luksozen-matrak-matterra-636fdaf4438d8_1920x1920.jpeg?1668324065
22000257-1-140-/-200,"Луксозен матрак MATTERRA, двулицев - 140 / 200","матрак MATTERRA - Регистриран полезен модел Двулицев матрак Matterra е тук, за да осигури на теб и твоето семейство една напълно защитена среда на сън. Почувствай се в безопасност в дома си и се предпази от вредните влияния на заобикалящия свят. В търсенето на истински ободряващ и зареждащ сън, се появи хибриден модел Matterra. Основаната ни цел беше да създадем една безопасна зона по време на сън. Пружинен матрак Matterra e предпочитано допълнение към всяка модерна спалня. Как го направихме? Вградихме специален неутрализатор, който се да бори срещу геопатогенните влияния на заобикалящия ни свят. Вграденият погасител разпръсква от повърхността на матрака в концентрична зависимост вредните геомагнитни вълни. Матракът е лабораторно тестван в център за квантова медицина, има патент за полезен модел и притежава сертификат за качество от водещата лаборатория T&Uuml;V Rheinland в Германия. Благодарение на подсиления покет пружинен пакет със стотици опорни точки, поддръжката на тялото и стабилността е напълно гарантирана. С помощта на добавените слоеве от Body Care&trade; и комфортна мемори пяна, която лесно се адаптира към контурите на тялото, осигуряват необходимата анатомична подкрепа, като елиминират точките на напрежение. Матракът е завършен с деликатен и изключително нежен към кожата текстил с двойна обемна прошивка. Наслади се на безупречен комфорт и обгръщаща мекота. Предлагаме две изразени страни: лятна и зимна. Любителите на AirFlex технологията, могат да потънат в нежната мемори пяна, от която е създаден горния слой. Тя се адаптира към силуета на тялото с такава лекота, че щом усетиш допира, умът ти мигновено се изчиства от мисли за околния свят. Това е матрак от изключително високо качество и последния щрих беше не по-малко важен за нас. Покрихме матрака с висококласен плетен текстил, а пренасянето му улеснихме като добавихме и удобни дръжки. Ето как постигнахме неустоимата комбинация от мекота и нужната поддръжка: ✓ Пружинен покет с двоен укрепващ механизъм Вътрешността на матрак Matterra e съставена от подсилена покет система със стотици опорни точки, които осигуряват отлична поддръжка и стабилност на модела. Благодарение на тях формата и тежестта на тялото се разпределя равномерно. ✓ Полиуретанова пяна Плътен материал, осигуряващ добра поддръжка на тялото и предотвратяващ създаването на изолирани зони на тежест и дискомфорт. Полиуретановата пяна е лесна за профилиране, което ѝ придава допълнителни анатомични свойства. ✓ Мемори пяна Изключително адаптивен и чувствителен към температурата материал. Реагира на топлината на тялото и заема неговата точна форма, запомняйки всяко движение. Подобрява комфорта и създава усещане за мекота. ✓ Луксозен текстил Калъфът на Matterra е изработен от висококачествен плетен текстил, истинско удоволствие за вашето тяло. За кого е подходящ двулицев матрак Matterra? Луксозен матрак Matterra е предпочитан избор на хора, търсещи качество, модерен стил, здраве и лукс. Възползвай се от многобройните предимства на един от най-популярните ни премиум матраци и се наслади на 10 годишна гаранция, носеща най-важното - спокойствието.",Матраци,1,909.08,681.81,100,https://cdncloudcart.com/28510/products/images/1590/luksozen-matrak-matterra-636fdaf2c093f_1280x1280.png?1668274957|https://cdncloudcart.com/28510/products/images/1590/luksozen-matrak-matterra-63709adcabe83_1280x1280.png?1668324087|https://cdncloudcart.com/28510/products/images/1590/luksozen-matrak-matterra-636fdaf0085f5_1920x1920.jpeg?1668324065|https://cdncloudcart.com/28510/products/images/1590/luksozen-matrak-matterra-636fdaf16d058_1280x1280.png?1668324065|https://cdncloudcart.com/28510/products/images/1590/luksozen-matrak-matterra-636fdaf2213c9_1920x1920.jpeg?1668324065|https://cdncloudcart.com/28510/products/images/1590/luksozen-matrak-matterra-636fdaf352ff2_1920x1920.jpeg?1668324065|https://cdncloudcart.com/28510/products/images/1590/luksozen-matrak-matterra-636fdaf3cceb4_1920x1920.jpeg?1668324065|https://cdncloudcart.com/28510/products/images/1590/luksozen-matrak-matterra-636fdaf4438d8_1920x1920.jpeg?1668324065
22000257-1-144-/-190,"Луксозен матрак MATTERRA, двулицев - 144 / 190","матрак MATTERRA - Регистриран полезен модел Двулицев матрак Matterra е тук, за да осигури на теб и твоето семейство една напълно защитена среда на сън. Почувствай се в безопасност в дома си и се предпази от вредните влияния на заобикалящия свят. В търсенето на истински ободряващ и зареждащ сън, се появи хибриден модел Matterra. Основаната ни цел беше да създадем една безопасна зона по време на сън. Пружинен матрак Matterra e предпочитано допълнение към всяка модерна спалня. Как го направихме? Вградихме специален неутрализатор, който се да бори срещу геопатогенните влияния на заобикалящия ни свят. Вграденият погасител разпръсква от повърхността на матрака в концентрична зависимост вредните геомагнитни вълни. Матракът е лабораторно тестван в център за квантова медицина, има патент за полезен модел и притежава сертификат за качество от водещата лаборатория T&Uuml;V Rheinland в Германия. Благодарение на подсиления покет пружинен пакет със стотици опорни точки, поддръжката на тялото и стабилността е напълно гарантирана. С помощта на добавените слоеве от Body Care&trade; и комфортна мемори пяна, която лесно се адаптира към контурите на тялото, осигуряват необходимата анатомична подкрепа, като елиминират точките на напрежение. Матракът е завършен с деликатен и изключително нежен към кожата текстил с двойна обемна прошивка. Наслади се на безупречен комфорт и обгръщаща мекота. Предлагаме две изразени страни: лятна и зимна. Любителите на AirFlex технологията, могат да потънат в нежната мемори пяна, от която е създаден горния слой. Тя се адаптира към силуета на тялото с такава лекота, че щом усетиш допира, умът ти мигновено се изчиства от мисли за околния свят. Това е матрак от изключително високо качество и последния щрих беше не по-малко важен за нас. Покрихме матрака с висококласен плетен текстил, а пренасянето му улеснихме като добавихме и удобни дръжки. Ето как постигнахме неустоимата комбинация от мекота и нужната поддръжка: ✓ Пружинен покет с двоен укрепващ механизъм Вътрешността на матрак Matterra e съставена от подсилена покет система със стотици опорни точки, които осигуряват отлична поддръжка и стабилност на модела. Благодарение на тях формата и тежестта на тялото се разпределя равномерно. ✓ Полиуретанова пяна Плътен материал, осигуряващ добра поддръжка на тялото и предотвратяващ създаването на изолирани зони на тежест и дискомфорт. Полиуретановата пяна е лесна за профилиране, което ѝ придава допълнителни анатомични свойства. ✓ Мемори пяна Изключително адаптивен и чувствителен към температурата материал. Реагира на топлината на тялото и заема неговата точна форма, запомняйки всяко движение. Подобрява комфорта и създава усещане за мекота. ✓ Луксозен текстил Калъфът на Matterra е изработен от висококачествен плетен текстил, истинско удоволствие за вашето тяло. За кого е подходящ двулицев матрак Matterra? Луксозен матрак Matterra е предпочитан избор на хора, търсещи качество, модерен стил, здраве и лукс. Възползвай се от многобройните предимства на един от най-популярните ни премиум матраци и се наслади на 10 годишна гаранция, носеща най-важното - спокойствието.",Матраци,1,870.22,652.66,100,https://cdncloudcart.com/28510/products/images/1590/luksozen-matrak-matterra-636fdaf2c093f_1280x1280.png?1668274957|https://cdncloudcart.com/28510/products/images/1590/luksozen-matrak-matterra-63709adcabe83_1280x1280.png?1668324087|https://cdncloudcart.com/28510/products/images/1590/luksozen-matrak-matterra-636fdaf0085f5_1920x1920.jpeg?1668324065|https://cdncloudcart.com/28510/products/images/1590/luksozen-matrak-matterra-636fdaf16d058_1280x1280.png?1668324065|https://cdncloudcart.com/28510/products/images/1590/luksozen-matrak-matterra-636fdaf2213c9_1920x1920.jpeg?1668324065|https://cdncloudcart.com/28510/products/images/1590/luksozen-matrak-matterra-636fdaf352ff2_1920x1920.jpeg?1668324065|https://cdncloudcart.com/28510/products/images/1590/luksozen-matrak-matterra-636fdaf3cceb4_1920x1920.jpeg?1668324065|https://cdncloudcart.com/28510/products/images/1590/luksozen-matrak-matterra-636fdaf4438d8_1920x1920.jpeg?1668324065
22000257-1-160-/-200,"Луксозен матрак MATTERRA, двулицев - 160 / 200","матрак MATTERRA - Регистриран полезен модел Двулицев матрак Matterra е тук, за да осигури на теб и твоето семейство една напълно защитена среда на сън. Почувствай се в безопасност в дома си и се предпази от вредните влияния на заобикалящия свят. В търсенето на истински ободряващ и зареждащ сън, се появи хибриден модел Matterra. Основаната ни цел беше да създадем една безопасна зона по време на сън. Пружинен матрак Matterra e предпочитано допълнение към всяка модерна спалня. Как го направихме? Вградихме специален неутрализатор, който се да бори срещу геопатогенните влияния на заобикалящия ни свят. Вграденият погасител разпръсква от повърхността на матрака в концентрична зависимост вредните геомагнитни вълни. Матракът е лабораторно тестван в център за квантова медицина, има патент за полезен модел и притежава сертификат за качество от водещата лаборатория T&Uuml;V Rheinland в Германия. Благодарение на подсиления покет пружинен пакет със стотици опорни точки, поддръжката на тялото и стабилността е напълно гарантирана. С помощта на добавените слоеве от Body Care&trade; и комфортна мемори пяна, която лесно се адаптира към контурите на тялото, осигуряват необходимата анатомична подкрепа, като елиминират точките на напрежение. Матракът е завършен с деликатен и изключително нежен към кожата текстил с двойна обемна прошивка. Наслади се на безупречен комфорт и обгръщаща мекота. Предлагаме две изразени страни: лятна и зимна. Любителите на AirFlex технологията, могат да потънат в нежната мемори пяна, от която е създаден горния слой. Тя се адаптира към силуета на тялото с такава лекота, че щом усетиш допира, умът ти мигновено се изчиства от мисли за околния свят. Това е матрак от изключително високо качество и последния щрих беше не по-малко важен за нас. Покрихме матрака с висококласен плетен текстил, а пренасянето му улеснихме като добавихме и удобни дръжки. Ето как постигнахме неустоимата комбинация от мекота и нужната поддръжка: ✓ Пружинен покет с двоен укрепващ механизъм Вътрешността на матрак Matterra e съставена от подсилена покет система със стотици опорни точки, които осигуряват отлична поддръжка и стабилност на модела. Благодарение на тях формата и тежестта на тялото се разпределя равномерно. ✓ Полиуретанова пяна Плътен материал, осигуряващ добра поддръжка на тялото и предотвратяващ създаването на изолирани зони на тежест и дискомфорт. Полиуретановата пяна е лесна за профилиране, което ѝ придава допълнителни анатомични свойства. ✓ Мемори пяна Изключително адаптивен и чувствителен към температурата материал. Реагира на топлината на тялото и заема неговата точна форма, запомняйки всяко движение. Подобрява комфорта и създава усещане за мекота. ✓ Луксозен текстил Калъфът на Matterra е изработен от висококачествен плетен текстил, истинско удоволствие за вашето тяло. За кого е подходящ двулицев матрак Matterra? Луксозен матрак Matterra е предпочитан избор на хора, търсещи качество, модерен стил, здраве и лукс. Възползвай се от многобройните предимства на един от най-популярните ни премиум матраци и се наслади на 10 годишна гаранция, носеща най-важното - спокойствието.",Матраци,1,970.43,727.82,100,https://cdncloudcart.com/28510/products/images/1590/luksozen-matrak-matterra-636fdaf2c093f_1280x1280.png?1668274957|https://cdncloudcart.com/28510/products/images/1590/luksozen-matrak-matterra-63709adcabe83_1280x1280.png?1668324087|https://cdncloudcart.com/28510/products/images/1590/luksozen-matrak-matterra-636fdaf0085f5_1920x1920.jpeg?1668324065|https://cdncloudcart.com/28510/products/images/1590/luksozen-matrak-matterra-636fdaf16d058_1280x1280.png?1668324065|https://cdncloudcart.com/28510/products/images/1590/luksozen-matrak-matterra-636fdaf2213c9_1920x1920.jpeg?1668324065|https://cdncloudcart.com/28510/products/images/1590/luksozen-matrak-matterra-636fdaf352ff2_1920x1920.jpeg?1668324065|https://cdncloudcart.com/28510/products/images/1590/luksozen-matrak-matterra-636fdaf3cceb4_1920x1920.jpeg?1668324065|https://cdncloudcart.com/28510/products/images/1590/luksozen-matrak-matterra-636fdaf4438d8_1920x1920.jpeg?1668324065
22000257-1-164-/-190,"Луксозен матрак MATTERRA, двулицев - 164 / 190","матрак MATTERRA - Регистриран полезен модел Двулицев матрак Matterra е тук, за да осигури на теб и твоето семейство една напълно защитена среда на сън. Почувствай се в безопасност в дома си и се предпази от вредните влияния на заобикалящия свят. В търсенето на истински ободряващ и зареждащ сън, се появи хибриден модел Matterra. Основаната ни цел беше да създадем една безопасна зона по време на сън. Пружинен матрак Matterra e предпочитано допълнение към всяка модерна спалня. Как го направихме? Вградихме специален неутрализатор, който се да бори срещу геопатогенните влияния на заобикалящия ни свят. Вграденият погасител разпръсква от повърхността на матрака в концентрична зависимост вредните геомагнитни вълни. Матракът е лабораторно тестван в център за квантова медицина, има патент за полезен модел и притежава сертификат за качество от водещата лаборатория T&Uuml;V Rheinland в Германия. Благодарение на подсиления покет пружинен пакет със стотици опорни точки, поддръжката на тялото и стабилността е напълно гарантирана. С помощта на добавените слоеве от Body Care&trade; и комфортна мемори пяна, която лесно се адаптира към контурите на тялото, осигуряват необходимата анатомична подкрепа, като елиминират точките на напрежение. Матракът е завършен с деликатен и изключително нежен към кожата текстил с двойна обемна прошивка. Наслади се на безупречен комфорт и обгръщаща мекота. Предлагаме две изразени страни: лятна и зимна. Любителите на AirFlex технологията, могат да потънат в нежната мемори пяна, от която е създаден горния слой. Тя се адаптира към силуета на тялото с такава лекота, че щом усетиш допира, умът ти мигновено се изчиства от мисли за околния свят. Това е матрак от изключително високо качество и последния щрих беше не по-малко важен за нас. Покрихме матрака с висококласен плетен текстил, а пренасянето му улеснихме като добавихме и удобни дръжки. Ето как постигнахме неустоимата комбинация от мекота и нужната поддръжка: ✓ Пружинен покет с двоен укрепващ механизъм Вътрешността на матрак Matterra e съставена от подсилена покет система със стотици опорни точки, които осигуряват отлична поддръжка и стабилност на модела. Благодарение на тях формата и тежестта на тялото се разпределя равномерно. ✓ Полиуретанова пяна Плътен материал, осигуряващ добра поддръжка на тялото и предотвратяващ създаването на изолирани зони на тежест и дискомфорт. Полиуретановата пяна е лесна за профилиране, което ѝ придава допълнителни анатомични свойства. ✓ Мемори пяна Изключително адаптивен и чувствителен към температурата материал. Реагира на топлината на тялото и заема неговата точна форма, запомняйки всяко движение. Подобрява комфорта и създава усещане за мекота. ✓ Луксозен текстил Калъфът на Matterra е изработен от висококачествен плетен текстил, истинско удоволствие за вашето тяло. За кого е подходящ двулицев матрак Matterra? Луксозен матрак Matterra е предпочитан избор на хора, търсещи качество, модерен стил, здраве и лукс. Възползвай се от многобройните предимства на един от най-популярните ни премиум матраци и се наслади на 10 годишна гаранция, носеща най-важното - спокойствието.",Матраци,1,960.21,720.16,100,https://cdncloudcart.com/28510/products/images/1590/luksozen-matrak-matterra-636fdaf2c093f_1280x1280.png?1668274957|https://cdncloudcart.com/28510/products/images/1590/luksozen-matrak-matterra-63709adcabe83_1280x1280.png?1668324087|https://cdncloudcart.com/28510/products/images/1590/luksozen-matrak-matterra-636fdaf0085f5_1920x1920.jpeg?1668324065|https://cdncloudcart.com/28510/products/images/1590/luksozen-matrak-matterra-636fdaf16d058_1280x1280.png?1668324065|https://cdncloudcart.com/28510/products/images/1590/luksozen-matrak-matterra-636fdaf2213c9_1920x1920.jpeg?1668324065|https://cdncloudcart.com/28510/products/images/1590/luksozen-matrak-matterra-636fdaf352ff2_1920x1920.jpeg?1668324065|https://cdncloudcart.com/28510/products/images/1590/luksozen-matrak-matterra-636fdaf3cceb4_1920x1920.jpeg?1668324065|https://cdncloudcart.com/28510/products/images/1590/luksozen-matrak-matterra-636fdaf4438d8_1920x1920.jpeg?1668324065
22000257-1-164-/-200,"Луксозен матрак MATTERRA, двулицев - 164 / 200","матрак MATTERRA - Регистриран полезен модел Двулицев матрак Matterra е тук, за да осигури на теб и твоето семейство една напълно защитена среда на сън. Почувствай се в безопасност в дома си и се предпази от вредните влияния на заобикалящия свят. В търсенето на истински ободряващ и зареждащ сън, се появи хибриден модел Matterra. Основаната ни цел беше да създадем една безопасна зона по време на сън. Пружинен матрак Matterra e предпочитано допълнение към всяка модерна спалня. Как го направихме? Вградихме специален неутрализатор, който се да бори срещу геопатогенните влияния на заобикалящия ни свят. Вграденият погасител разпръсква от повърхността на матрака в концентрична зависимост вредните геомагнитни вълни. Матракът е лабораторно тестван в център за квантова медицина, има патент за полезен модел и притежава сертификат за качество от водещата лаборатория T&Uuml;V Rheinland в Германия. Благодарение на подсиления покет пружинен пакет със стотици опорни точки, поддръжката на тялото и стабилността е напълно гарантирана. С помощта на добавените слоеве от Body Care&trade; и комфортна мемори пяна, която лесно се адаптира към контурите на тялото, осигуряват необходимата анатомична подкрепа, като елиминират точките на напрежение. Матракът е завършен с деликатен и изключително нежен към кожата текстил с двойна обемна прошивка. Наслади се на безупречен комфорт и обгръщаща мекота. Предлагаме две изразени страни: лятна и зимна. Любителите на AirFlex технологията, могат да потънат в нежната мемори пяна, от която е създаден горния слой. Тя се адаптира към силуета на тялото с такава лекота, че щом усетиш допира, умът ти мигновено се изчиства от мисли за околния свят. Това е матрак от изключително високо качество и последния щрих беше не по-малко важен за нас. Покрихме матрака с висококласен плетен текстил, а пренасянето му улеснихме като добавихме и удобни дръжки. Ето как постигнахме неустоимата комбинация от мекота и нужната поддръжка: ✓ Пружинен покет с двоен укрепващ механизъм Вътрешността на матрак Matterra e съставена от подсилена покет система със стотици опорни точки, които осигуряват отлична поддръжка и стабилност на модела. Благодарение на тях формата и тежестта на тялото се разпределя равномерно. ✓ Полиуретанова пяна Плътен материал, осигуряващ добра поддръжка на тялото и предотвратяващ създаването на изолирани зони на тежест и дискомфорт. Полиуретановата пяна е лесна за профилиране, което ѝ придава допълнителни анатомични свойства. ✓ Мемори пяна Изключително адаптивен и чувствителен към температурата материал. Реагира на топлината на тялото и заема неговата точна форма, запомняйки всяко движение. Подобрява комфорта и създава усещане за мекота. ✓ Луксозен текстил Калъфът на Matterra е изработен от висококачествен плетен текстил, истинско удоволствие за вашето тяло. За кого е подходящ двулицев матрак Matterra? Луксозен матрак Matterra е предпочитан избор на хора, търсещи качество, модерен стил, здраве и лукс. Възползвай се от многобройните предимства на един от най-популярните ни премиум матраци и се наслади на 10 годишна гаранция, носеща най-важното - спокойствието.",Матраци,1,1019.00,764.25,100,https://cdncloudcart.com/28510/products/images/1590/luksozen-matrak-matterra-636fdaf2c093f_1280x1280.png?1668274957|https://cdncloudcart.com/28510/products/images/1590/luksozen-matrak-matterra-63709adcabe83_1280x1280.png?1668324087|https://cdncloudcart.com/28510/products/images/1590/luksozen-matrak-matterra-636fdaf0085f5_1920x1920.jpeg?1668324065|https://cdncloudcart.com/28510/products/images/1590/luksozen-matrak-matterra-636fdaf16d058_1280x1280.png?1668324065|https://cdncloudcart.com/28510/products/images/1590/luksozen-matrak-matterra-636fdaf2213c9_1920x1920.jpeg?1668324065|https://cdncloudcart.com/28510/products/images/1590/luksozen-matrak-matterra-636fdaf352ff2_1920x1920.jpeg?1668324065|https://cdncloudcart.com/28510/products/images/1590/luksozen-matrak-matterra-636fdaf3cceb4_1920x1920.jpeg?1668324065|https://cdncloudcart.com/28510/products/images/1590/luksozen-matrak-matterra-636fdaf4438d8_1920x1920.jpeg?1668324065
22000257-1-180-/-200,"Луксозен матрак MATTERRA, двулицев - 180 / 200","матрак MATTERRA - Регистриран полезен модел Двулицев матрак Matterra е тук, за да осигури на теб и твоето семейство една напълно защитена среда на сън. Почувствай се в безопасност в дома си и се предпази от вредните влияния на заобикалящия свят. В търсенето на истински ободряващ и зареждащ сън, се появи хибриден модел Matterra. Основаната ни цел беше да създадем една безопасна зона по време на сън. Пружинен матрак Matterra e предпочитано допълнение към всяка модерна спалня. Как го направихме? Вградихме специален неутрализатор, който се да бори срещу геопатогенните влияния на заобикалящия ни свят. Вграденият погасител разпръсква от повърхността на матрака в концентрична зависимост вредните геомагнитни вълни. Матракът е лабораторно тестван в център за квантова медицина, има патент за полезен модел и притежава сертификат за качество от водещата лаборатория T&Uuml;V Rheinland в Германия. Благодарение на подсиления покет пружинен пакет със стотици опорни точки, поддръжката на тялото и стабилността е напълно гарантирана. С помощта на добавените слоеве от Body Care&trade; и комфортна мемори пяна, която лесно се адаптира към контурите на тялото, осигуряват необходимата анатомична подкрепа, като елиминират точките на напрежение. Матракът е завършен с деликатен и изключително нежен към кожата текстил с двойна обемна прошивка. Наслади се на безупречен комфорт и обгръщаща мекота. Предлагаме две изразени страни: лятна и зимна. Любителите на AirFlex технологията, могат да потънат в нежната мемори пяна, от която е създаден горния слой. Тя се адаптира към силуета на тялото с такава лекота, че щом усетиш допира, умът ти мигновено се изчиства от мисли за околния свят. Това е матрак от изключително високо качество и последния щрих беше не по-малко важен за нас. Покрихме матрака с висококласен плетен текстил, а пренасянето му улеснихме като добавихме и удобни дръжки. Ето как постигнахме неустоимата комбинация от мекота и нужната поддръжка: ✓ Пружинен покет с двоен укрепващ механизъм Вътрешността на матрак Matterra e съставена от подсилена покет система със стотици опорни точки, които осигуряват отлична поддръжка и стабилност на модела. Благодарение на тях формата и тежестта на тялото се разпределя равномерно. ✓ Полиуретанова пяна Плътен материал, осигуряващ добра поддръжка на тялото и предотвратяващ създаването на изолирани зони на тежест и дискомфорт. Полиуретановата пяна е лесна за профилиране, което ѝ придава допълнителни анатомични свойства. ✓ Мемори пяна Изключително адаптивен и чувствителен към температурата материал. Реагира на топлината на тялото и заема неговата точна форма, запомняйки всяко движение. Подобрява комфорта и създава усещане за мекота. ✓ Луксозен текстил Калъфът на Matterra е изработен от висококачествен плетен текстил, истинско удоволствие за вашето тяло. За кого е подходящ двулицев матрак Matterra? Луксозен матрак Matterra е предпочитан избор на хора, търсещи качество, модерен стил, здраве и лукс. Възползвай се от многобройните предимства на един от най-популярните ни премиум матраци и се наслади на 10 годишна гаранция, носеща най-важното - спокойствието.",Матраци,1,1121.26,840.94,100,https://cdncloudcart.com/28510/products/images/1590/luksozen-matrak-matterra-636fdaf2c093f_1280x1280.png?1668274957|https://cdncloudcart.com/28510/products/images/1590/luksozen-matrak-matterra-63709adcabe83_1280x1280.png?1668324087|https://cdncloudcart.com/28510/products/images/1590/luksozen-matrak-matterra-636fdaf0085f5_1920x1920.jpeg?1668324065|https://cdncloudcart.com/28510/products/images/1590/luksozen-matrak-matterra-636fdaf16d058_1280x1280.png?1668324065|https://cdncloudcart.com/28510/products/images/1590/luksozen-matrak-matterra-636fdaf2213c9_1920x1920.jpeg?1668324065|https://cdncloudcart.com/28510/products/images/1590/luksozen-matrak-matterra-636fdaf352ff2_1920x1920.jpeg?1668324065|https://cdncloudcart.com/28510/products/images/1590/luksozen-matrak-matterra-636fdaf3cceb4_1920x1920.jpeg?1668324065|https://cdncloudcart.com/28510/products/images/1590/luksozen-matrak-matterra-636fdaf4438d8_1920x1920.jpeg?1668324065
23007000-1-80-/-200,"Луксозен матрак MEMO OPTIMA, двулицев - 80 / 200","Memo Optima е нашето ново предложение за любителите на меката, уютна и комфортна прегръдка на мемори пяната . Хибридното ядро е съставено от стотици индивидуално пакетирани пружинки , които разпределят равномерно тежестта на тялото и осигуряват ергономична опора. Моделът предлага две страни на комфорт. Слой от 5 см термочувствителна мемори пяна от едната страна спомага за прецизното контуриране в дълбочина на тялото. Меко обгръщане, което не предизвиква болки в кръста. Ядрото е облечено в калъф с елегантен дизайн, изработен от луксозен текстил, допълнително омекотен с обемен слой мемори пяна от двете страни. Повърхността се адаптира лесно към извивките на тялото и създава мека и удобна среда за пълноценен релакс. Meкoтa, yдoбcтвo и peлaкc &ndash; тoвa ca yceщaнията пpи вceĸи ĸoнтaĸт c Memo Optima.",Матраци,1,398.81,299.11,100,https://cdncloudcart.com/28510/products/images/1591/luksozen-matrak-memo-optima-63709760041b2_1280x1280.png?1668323195|https://cdncloudcart.com/28510/products/images/1591/luksozen-matrak-memo-optima-63709aaaa5276_1280x1280.png?1668324032|https://cdncloudcart.com/28510/products/images/1591/luksozen-matrak-memo-optima-6370976156600_1920x1920.jpeg?1668324019|https://cdncloudcart.com/28510/products/images/1591/luksozen-matrak-memo-optima-63709761bad5f_800x800.jpeg?1668324019|https://cdncloudcart.com/28510/products/images/1591/luksozen-matrak-memo-optima-6370976277302_1920x1920.jpeg?1668324019|https://cdncloudcart.com/28510/products/images/1591/luksozen-matrak-memo-optima-6370976321d9d_1920x1920.jpeg?1668324019|https://cdncloudcart.com/28510/products/images/1591/luksozen-matrak-memo-optima-6370976389038_1920x1920.jpeg?1668324019|https://cdncloudcart.com/28510/products/images/1591/luksozen-matrak-memo-optima-6370975f27537_1920x1920.jpeg?1668324019|https://cdncloudcart.com/28510/products/images/1591/luksozen-matrak-memo-optima-63709760caec9_1280x1280.png?1668324019
23007000-1-82-/-190,"Луксозен матрак MEMO OPTIMA, двулицев - 82 / 190","Memo Optima е нашето ново предложение за любителите на меката, уютна и комфортна прегръдка на мемори пяната . Хибридното ядро е съставено от стотици индивидуално пакетирани пружинки , които разпределят равномерно тежестта на тялото и осигуряват ергономична опора. Моделът предлага две страни на комфорт. Слой от 5 см термочувствителна мемори пяна от едната страна спомага за прецизното контуриране в дълбочина на тялото. Меко обгръщане, което не предизвиква болки в кръста. Ядрото е облечено в калъф с елегантен дизайн, изработен от луксозен текстил, допълнително омекотен с обемен слой мемори пяна от двете страни. Повърхността се адаптира лесно към извивките на тялото и създава мека и удобна среда за пълноценен релакс. Meкoтa, yдoбcтвo и peлaкc &ndash; тoвa ca yceщaнията пpи вceĸи ĸoнтaĸт c Memo Optima.",Матраци,1,370.69,278.02,100,https://cdncloudcart.com/28510/products/images/1591/luksozen-matrak-memo-optima-63709760041b2_1280x1280.png?1668323195|https://cdncloudcart.com/28510/products/images/1591/luksozen-matrak-memo-optima-63709aaaa5276_1280x1280.png?1668324032|https://cdncloudcart.com/28510/products/images/1591/luksozen-matrak-memo-optima-6370976156600_1920x1920.jpeg?1668324019|https://cdncloudcart.com/28510/products/images/1591/luksozen-matrak-memo-optima-63709761bad5f_800x800.jpeg?1668324019|https://cdncloudcart.com/28510/products/images/1591/luksozen-matrak-memo-optima-6370976277302_1920x1920.jpeg?1668324019|https://cdncloudcart.com/28510/products/images/1591/luksozen-matrak-memo-optima-6370976321d9d_1920x1920.jpeg?1668324019|https://cdncloudcart.com/28510/products/images/1591/luksozen-matrak-memo-optima-6370976389038_1920x1920.jpeg?1668324019|https://cdncloudcart.com/28510/products/images/1591/luksozen-matrak-memo-optima-6370975f27537_1920x1920.jpeg?1668324019|https://cdncloudcart.com/28510/products/images/1591/luksozen-matrak-memo-optima-63709760caec9_1280x1280.png?1668324019
23007000-1-90-/-190,"Луксозен матрак MEMO OPTIMA, двулицев - 90 / 190","Memo Optima е нашето ново предложение за любителите на меката, уютна и комфортна прегръдка на мемори пяната . Хибридното ядро е съставено от стотици индивидуално пакетирани пружинки , които разпределят равномерно тежестта на тялото и осигуряват ергономична опора. Моделът предлага две страни на комфорт. Слой от 5 см термочувствителна мемори пяна от едната страна спомага за прецизното контуриране в дълбочина на тялото. Меко обгръщане, което не предизвиква болки в кръста. Ядрото е облечено в калъф с елегантен дизайн, изработен от луксозен текстил, допълнително омекотен с обемен слой мемори пяна от двете страни. Повърхността се адаптира лесно към извивките на тялото и създава мека и удобна среда за пълноценен релакс. Meкoтa, yдoбcтвo и peлaкc &ndash; тoвa ca yceщaнията пpи вceĸи ĸoнтaĸт c Memo Optima.",Матраци,1,426.93,320.20,100,https://cdncloudcart.com/28510/products/images/1591/luksozen-matrak-memo-optima-63709760041b2_1280x1280.png?1668323195|https://cdncloudcart.com/28510/products/images/1591/luksozen-matrak-memo-optima-63709aaaa5276_1280x1280.png?1668324032|https://cdncloudcart.com/28510/products/images/1591/luksozen-matrak-memo-optima-6370976156600_1920x1920.jpeg?1668324019|https://cdncloudcart.com/28510/products/images/1591/luksozen-matrak-memo-optima-63709761bad5f_800x800.jpeg?1668324019|https://cdncloudcart.com/28510/products/images/1591/luksozen-matrak-memo-optima-6370976277302_1920x1920.jpeg?1668324019|https://cdncloudcart.com/28510/products/images/1591/luksozen-matrak-memo-optima-6370976321d9d_1920x1920.jpeg?1668324019|https://cdncloudcart.com/28510/products/images/1591/luksozen-matrak-memo-optima-6370976389038_1920x1920.jpeg?1668324019|https://cdncloudcart.com/28510/products/images/1591/luksozen-matrak-memo-optima-6370975f27537_1920x1920.jpeg?1668324019|https://cdncloudcart.com/28510/products/images/1591/luksozen-matrak-memo-optima-63709760caec9_1280x1280.png?1668324019
23007000-1-90-/-200,"Луксозен матрак MEMO OPTIMA, двулицев - 90 / 200","Memo Optima е нашето ново предложение за любителите на меката, уютна и комфортна прегръдка на мемори пяната . Хибридното ядро е съставено от стотици индивидуално пакетирани пружинки , които разпределят равномерно тежестта на тялото и осигуряват ергономична опора. Моделът предлага две страни на комфорт. Слой от 5 см термочувствителна мемори пяна от едната страна спомага за прецизното контуриране в дълбочина на тялото. Меко обгръщане, което не предизвиква болки в кръста. Ядрото е облечено в калъф с елегантен дизайн, изработен от луксозен текстил, допълнително омекотен с обемен слой мемори пяна от двете страни. Повърхността се адаптира лесно към извивките на тялото и създава мека и удобна среда за пълноценен релакс. Meкoтa, yдoбcтвo и peлaкc &ndash; тoвa ca yceщaнията пpи вceĸи ĸoнтaĸт c Memo Optima.",Матраци,1,432.55,324.41,100,https://cdncloudcart.com/28510/products/images/1591/luksozen-matrak-memo-optima-63709760041b2_1280x1280.png?1668323195|https://cdncloudcart.com/28510/products/images/1591/luksozen-matrak-memo-optima-63709aaaa5276_1280x1280.png?1668324032|https://cdncloudcart.com/28510/products/images/1591/luksozen-matrak-memo-optima-6370976156600_1920x1920.jpeg?1668324019|https://cdncloudcart.com/28510/products/images/1591/luksozen-matrak-memo-optima-63709761bad5f_800x800.jpeg?1668324019|https://cdncloudcart.com/28510/products/images/1591/luksozen-matrak-memo-optima-6370976277302_1920x1920.jpeg?1668324019|https://cdncloudcart.com/28510/products/images/1591/luksozen-matrak-memo-optima-6370976321d9d_1920x1920.jpeg?1668324019|https://cdncloudcart.com/28510/products/images/1591/luksozen-matrak-memo-optima-6370976389038_1920x1920.jpeg?1668324019|https://cdncloudcart.com/28510/products/images/1591/luksozen-matrak-memo-optima-6370975f27537_1920x1920.jpeg?1668324019|https://cdncloudcart.com/28510/products/images/1591/luksozen-matrak-memo-optima-63709760caec9_1280x1280.png?1668324019
23007000-1-100-/-200,"Луксозен матрак MEMO OPTIMA, двулицев - 100 / 200","Memo Optima е нашето ново предложение за любителите на меката, уютна и комфортна прегръдка на мемори пяната . Хибридното ядро е съставено от стотици индивидуално пакетирани пружинки , които разпределят равномерно тежестта на тялото и осигуряват ергономична опора. Моделът предлага две страни на комфорт. Слой от 5 см термочувствителна мемори пяна от едната страна спомага за прецизното контуриране в дълбочина на тялото. Меко обгръщане, което не предизвиква болки в кръста. Ядрото е облечено в калъф с елегантен дизайн, изработен от луксозен текстил, допълнително омекотен с обемен слой мемори пяна от двете страни. Повърхността се адаптира лесно към извивките на тялото и създава мека и удобна среда за пълноценен релакс. Meкoтa, yдoбcтвo и peлaкc &ndash; тoвa ca yceщaнията пpи вceĸи ĸoнтaĸт c Memo Optima.",Матраци,1,488.28,366.21,100,https://cdncloudcart.com/28510/products/images/1591/luksozen-matrak-memo-optima-63709760041b2_1280x1280.png?1668323195|https://cdncloudcart.com/28510/products/images/1591/luksozen-matrak-memo-optima-63709aaaa5276_1280x1280.png?1668324032|https://cdncloudcart.com/28510/products/images/1591/luksozen-matrak-memo-optima-6370976156600_1920x1920.jpeg?1668324019|https://cdncloudcart.com/28510/products/images/1591/luksozen-matrak-memo-optima-63709761bad5f_800x800.jpeg?1668324019|https://cdncloudcart.com/28510/products/images/1591/luksozen-matrak-memo-optima-6370976277302_1920x1920.jpeg?1668324019|https://cdncloudcart.com/28510/products/images/1591/luksozen-matrak-memo-optima-6370976321d9d_1920x1920.jpeg?1668324019|https://cdncloudcart.com/28510/products/images/1591/luksozen-matrak-memo-optima-6370976389038_1920x1920.jpeg?1668324019|https://cdncloudcart.com/28510/products/images/1591/luksozen-matrak-memo-optima-6370975f27537_1920x1920.jpeg?1668324019|https://cdncloudcart.com/28510/products/images/1591/luksozen-matrak-memo-optima-63709760caec9_1280x1280.png?1668324019
23007000-1-114-/-190,"Луксозен матрак MEMO OPTIMA, двулицев - 114 / 190","Memo Optima е нашето ново предложение за любителите на меката, уютна и комфортна прегръдка на мемори пяната . Хибридното ядро е съставено от стотици индивидуално пакетирани пружинки , които разпределят равномерно тежестта на тялото и осигуряват ергономична опора. Моделът предлага две страни на комфорт. Слой от 5 см термочувствителна мемори пяна от едната страна спомага за прецизното контуриране в дълбочина на тялото. Меко обгръщане, което не предизвиква болки в кръста. Ядрото е облечено в калъф с елегантен дизайн, изработен от луксозен текстил, допълнително омекотен с обемен слой мемори пяна от двете страни. Повърхността се адаптира лесно към извивките на тялото и създава мека и удобна среда за пълноценен релакс. Meкoтa, yдoбcтвo и peлaкc &ndash; тoвa ca yceщaнията пpи вceĸи ĸoнтaĸт c Memo Optima.",Матраци,1,515.38,386.53,100,https://cdncloudcart.com/28510/products/images/1591/luksozen-matrak-memo-optima-63709760041b2_1280x1280.png?1668323195|https://cdncloudcart.com/28510/products/images/1591/luksozen-matrak-memo-optima-63709aaaa5276_1280x1280.png?1668324032|https://cdncloudcart.com/28510/products/images/1591/luksozen-matrak-memo-optima-6370976156600_1920x1920.jpeg?1668324019|https://cdncloudcart.com/28510/products/images/1591/luksozen-matrak-memo-optima-63709761bad5f_800x800.jpeg?1668324019|https://cdncloudcart.com/28510/products/images/1591/luksozen-matrak-memo-optima-6370976277302_1920x1920.jpeg?1668324019|https://cdncloudcart.com/28510/products/images/1591/luksozen-matrak-memo-optima-6370976321d9d_1920x1920.jpeg?1668324019|https://cdncloudcart.com/28510/products/images/1591/luksozen-matrak-memo-optima-6370976389038_1920x1920.jpeg?1668324019|https://cdncloudcart.com/28510/products/images/1591/luksozen-matrak-memo-optima-6370975f27537_1920x1920.jpeg?1668324019|https://cdncloudcart.com/28510/products/images/1591/luksozen-matrak-memo-optima-63709760caec9_1280x1280.png?1668324019
23007000-1-120-/-190,"Луксозен матрак MEMO OPTIMA, двулицев - 120 / 190","Memo Optima е нашето ново предложение за любителите на меката, уютна и комфортна прегръдка на мемори пяната . Хибридното ядро е съставено от стотици индивидуално пакетирани пружинки , които разпределят равномерно тежестта на тялото и осигуряват ергономична опора. Моделът предлага две страни на комфорт. Слой от 5 см термочувствителна мемори пяна от едната страна спомага за прецизното контуриране в дълбочина на тялото. Меко обгръщане, което не предизвиква болки в кръста. Ядрото е облечено в калъф с елегантен дизайн, изработен от луксозен текстил, допълнително омекотен с обемен слой мемори пяна от двете страни. Повърхността се адаптира лесно към извивките на тялото и създава мека и удобна среда за пълноценен релакс. Meкoтa, yдoбcтвo и peлaкc &ndash; тoвa ca yceщaнията пpи вceĸи ĸoнтaĸт c Memo Optima.",Матраци,1,522.54,391.90,100,https://cdncloudcart.com/28510/products/images/1591/luksozen-matrak-memo-optima-63709760041b2_1280x1280.png?1668323195|https://cdncloudcart.com/28510/products/images/1591/luksozen-matrak-memo-optima-63709aaaa5276_1280x1280.png?1668324032|https://cdncloudcart.com/28510/products/images/1591/luksozen-matrak-memo-optima-6370976156600_1920x1920.jpeg?1668324019|https://cdncloudcart.com/28510/products/images/1591/luksozen-matrak-memo-optima-63709761bad5f_800x800.jpeg?1668324019|https://cdncloudcart.com/28510/products/images/1591/luksozen-matrak-memo-optima-6370976277302_1920x1920.jpeg?1668324019|https://cdncloudcart.com/28510/products/images/1591/luksozen-matrak-memo-optima-6370976321d9d_1920x1920.jpeg?1668324019|https://cdncloudcart.com/28510/products/images/1591/luksozen-matrak-memo-optima-6370976389038_1920x1920.jpeg?1668324019|https://cdncloudcart.com/28510/products/images/1591/luksozen-matrak-memo-optima-6370975f27537_1920x1920.jpeg?1668324019|https://cdncloudcart.com/28510/products/images/1591/luksozen-matrak-memo-optima-63709760caec9_1280x1280.png?1668324019
23007000-1-120-/-200,"Луксозен матрак MEMO OPTIMA, двулицев - 120 / 200","Memo Optima е нашето ново предложение за любителите на меката, уютна и комфортна прегръдка на мемори пяната . Хибридното ядро е съставено от стотици индивидуално пакетирани пружинки , които разпределят равномерно тежестта на тялото и осигуряват ергономична опора. Моделът предлага две страни на комфорт. Слой от 5 см термочувствителна мемори пяна от едната страна спомага за прецизното контуриране в дълбочина на тялото. Меко обгръщане, което не предизвиква болки в кръста. Ядрото е облечено в калъф с елегантен дизайн, изработен от луксозен текстил, допълнително омекотен с обемен слой мемори пяна от двете страни. Повърхността се адаптира лесно към извивките на тялото и създава мека и удобна среда за пълноценен релакс. Meкoтa, yдoбcтвo и peлaкc &ndash; тoвa ca yceщaнията пpи вceĸи ĸoнтaĸт c Memo Optima.",Матраци,1,561.91,421.43,100,https://cdncloudcart.com/28510/products/images/1591/luksozen-matrak-memo-optima-63709760041b2_1280x1280.png?1668323195|https://cdncloudcart.com/28510/products/images/1591/luksozen-matrak-memo-optima-63709aaaa5276_1280x1280.png?1668324032|https://cdncloudcart.com/28510/products/images/1591/luksozen-matrak-memo-optima-6370976156600_1920x1920.jpeg?1668324019|https://cdncloudcart.com/28510/products/images/1591/luksozen-matrak-memo-optima-63709761bad5f_800x800.jpeg?1668324019|https://cdncloudcart.com/28510/products/images/1591/luksozen-matrak-memo-optima-6370976277302_1920x1920.jpeg?1668324019|https://cdncloudcart.com/28510/products/images/1591/luksozen-matrak-memo-optima-6370976321d9d_1920x1920.jpeg?1668324019|https://cdncloudcart.com/28510/products/images/1591/luksozen-matrak-memo-optima-6370976389038_1920x1920.jpeg?1668324019|https://cdncloudcart.com/28510/products/images/1591/luksozen-matrak-memo-optima-6370975f27537_1920x1920.jpeg?1668324019|https://cdncloudcart.com/28510/products/images/1591/luksozen-matrak-memo-optima-63709760caec9_1280x1280.png?1668324019
23007000-1-140-/-190,"Луксозен матрак MEMO OPTIMA, двулицев - 140 / 190","Memo Optima е нашето ново предложение за любителите на меката, уютна и комфортна прегръдка на мемори пяната . Хибридното ядро е съставено от стотици индивидуално пакетирани пружинки , които разпределят равномерно тежестта на тялото и осигуряват ергономична опора. Моделът предлага две страни на комфорт. Слой от 5 см термочувствителна мемори пяна от едната страна спомага за прецизното контуриране в дълбочина на тялото. Меко обгръщане, което не предизвиква болки в кръста. Ядрото е облечено в калъф с елегантен дизайн, изработен от луксозен текстил, допълнително омекотен с обемен слой мемори пяна от двете страни. Повърхността се адаптира лесно към извивките на тялото и създава мека и удобна среда за пълноценен релакс. Meкoтa, yдoбcтвo и peлaкc &ndash; тoвa ca yceщaнията пpи вceĸи ĸoнтaĸт c Memo Optima.",Матраци,1,618.15,463.61,100,https://cdncloudcart.com/28510/products/images/1591/luksozen-matrak-memo-optima-63709760041b2_1280x1280.png?1668323195|https://cdncloudcart.com/28510/products/images/1591/luksozen-matrak-memo-optima-63709aaaa5276_1280x1280.png?1668324032|https://cdncloudcart.com/28510/products/images/1591/luksozen-matrak-memo-optima-6370976156600_1920x1920.jpeg?1668324019|https://cdncloudcart.com/28510/products/images/1591/luksozen-matrak-memo-optima-63709761bad5f_800x800.jpeg?1668324019|https://cdncloudcart.com/28510/products/images/1591/luksozen-matrak-memo-optima-6370976277302_1920x1920.jpeg?1668324019|https://cdncloudcart.com/28510/products/images/1591/luksozen-matrak-memo-optima-6370976321d9d_1920x1920.jpeg?1668324019|https://cdncloudcart.com/28510/products/images/1591/luksozen-matrak-memo-optima-6370976389038_1920x1920.jpeg?1668324019|https://cdncloudcart.com/28510/products/images/1591/luksozen-matrak-memo-optima-6370975f27537_1920x1920.jpeg?1668324019|https://cdncloudcart.com/28510/products/images/1591/luksozen-matrak-memo-optima-63709760caec9_1280x1280.png?1668324019
23007000-1-140-/-200,"Луксозен матрак MEMO OPTIMA, двулицев - 140 / 200","Memo Optima е нашето ново предложение за любителите на меката, уютна и комфортна прегръдка на мемори пяната . Хибридното ядро е съставено от стотици индивидуално пакетирани пружинки , които разпределят равномерно тежестта на тялото и осигуряват ергономична опора. Моделът предлага две страни на комфорт. Слой от 5 см термочувствителна мемори пяна от едната страна спомага за прецизното контуриране в дълбочина на тялото. Меко обгръщане, което не предизвиква болки в кръста. Ядрото е облечено в калъф с елегантен дизайн, изработен от луксозен текстил, допълнително омекотен с обемен слой мемори пяна от двете страни. Повърхността се адаптира лесно към извивките на тялото и създава мека и удобна среда за пълноценен релакс. Meкoтa, yдoбcтвo и peлaкc &ndash; тoвa ca yceщaнията пpи вceĸи ĸoнтaĸт c Memo Optima.",Матраци,1,655.99,491.99,100,https://cdncloudcart.com/28510/products/images/1591/luksozen-matrak-memo-optima-63709760041b2_1280x1280.png?1668323195|https://cdncloudcart.com/28510/products/images/1591/luksozen-matrak-memo-optima-63709aaaa5276_1280x1280.png?1668324032|https://cdncloudcart.com/28510/products/images/1591/luksozen-matrak-memo-optima-6370976156600_1920x1920.jpeg?1668324019|https://cdncloudcart.com/28510/products/images/1591/luksozen-matrak-memo-optima-63709761bad5f_800x800.jpeg?1668324019|https://cdncloudcart.com/28510/products/images/1591/luksozen-matrak-memo-optima-6370976277302_1920x1920.jpeg?1668324019|https://cdncloudcart.com/28510/products/images/1591/luksozen-matrak-memo-optima-6370976321d9d_1920x1920.jpeg?1668324019|https://cdncloudcart.com/28510/products/images/1591/luksozen-matrak-memo-optima-6370976389038_1920x1920.jpeg?1668324019|https://cdncloudcart.com/28510/products/images/1591/luksozen-matrak-memo-optima-6370975f27537_1920x1920.jpeg?1668324019|https://cdncloudcart.com/28510/products/images/1591/luksozen-matrak-memo-optima-63709760caec9_1280x1280.png?1668324019
23007000-1-144-/-190,"Луксозен матрак MEMO OPTIMA, двулицев - 144 / 190","Memo Optima е нашето ново предложение за любителите на меката, уютна и комфортна прегръдка на мемори пяната . Хибридното ядро е съставено от стотици индивидуално пакетирани пружинки , които разпределят равномерно тежестта на тялото и осигуряват ергономична опора. Моделът предлага две страни на комфорт. Слой от 5 см термочувствителна мемори пяна от едната страна спомага за прецизното контуриране в дълбочина на тялото. Меко обгръщане, което не предизвиква болки в кръста. Ядрото е облечено в калъф с елегантен дизайн, изработен от луксозен текстил, допълнително омекотен с обемен слой мемори пяна от двете страни. Повърхността се адаптира лесно към извивките на тялото и създава мека и удобна среда за пълноценен релакс. Meкoтa, yдoбcтвo и peлaкc &ndash; тoвa ca yceщaнията пpи вceĸи ĸoнтaĸт c Memo Optima.",Матраци,1,674.39,505.79,100,https://cdncloudcart.com/28510/products/images/1591/luksozen-matrak-memo-optima-63709760041b2_1280x1280.png?1668323195|https://cdncloudcart.com/28510/products/images/1591/luksozen-matrak-memo-optima-63709aaaa5276_1280x1280.png?1668324032|https://cdncloudcart.com/28510/products/images/1591/luksozen-matrak-memo-optima-6370976156600_1920x1920.jpeg?1668324019|https://cdncloudcart.com/28510/products/images/1591/luksozen-matrak-memo-optima-63709761bad5f_800x800.jpeg?1668324019|https://cdncloudcart.com/28510/products/images/1591/luksozen-matrak-memo-optima-6370976277302_1920x1920.jpeg?1668324019|https://cdncloudcart.com/28510/products/images/1591/luksozen-matrak-memo-optima-6370976321d9d_1920x1920.jpeg?1668324019|https://cdncloudcart.com/28510/products/images/1591/luksozen-matrak-memo-optima-6370976389038_1920x1920.jpeg?1668324019|https://cdncloudcart.com/28510/products/images/1591/luksozen-matrak-memo-optima-6370975f27537_1920x1920.jpeg?1668324019|https://cdncloudcart.com/28510/products/images/1591/luksozen-matrak-memo-optima-63709760caec9_1280x1280.png?1668324019
23007000-1-160-/-190,"Луксозен матрак MEMO OPTIMA, двулицев - 160 / 190","Memo Optima е нашето ново предложение за любителите на меката, уютна и комфортна прегръдка на мемори пяната . Хибридното ядро е съставено от стотици индивидуално пакетирани пружинки , които разпределят равномерно тежестта на тялото и осигуряват ергономична опора. Моделът предлага две страни на комфорт. Слой от 5 см термочувствителна мемори пяна от едната страна спомага за прецизното контуриране в дълбочина на тялото. Меко обгръщане, което не предизвиква болки в кръста. Ядрото е облечено в калъф с елегантен дизайн, изработен от луксозен текстил, допълнително омекотен с обемен слой мемори пяна от двете страни. Повърхността се адаптира лесно към извивките на тялото и създава мека и удобна среда за пълноценен релакс. Meкoтa, yдoбcтвo и peлaкc &ndash; тoвa ca yceщaнията пpи вceĸи ĸoнтaĸт c Memo Optima.",Матраци,1,691.27,518.45,100,https://cdncloudcart.com/28510/products/images/1591/luksozen-matrak-memo-optima-63709760041b2_1280x1280.png?1668323195|https://cdncloudcart.com/28510/products/images/1591/luksozen-matrak-memo-optima-63709aaaa5276_1280x1280.png?1668324032|https://cdncloudcart.com/28510/products/images/1591/luksozen-matrak-memo-optima-6370976156600_1920x1920.jpeg?1668324019|https://cdncloudcart.com/28510/products/images/1591/luksozen-matrak-memo-optima-63709761bad5f_800x800.jpeg?1668324019|https://cdncloudcart.com/28510/products/images/1591/luksozen-matrak-memo-optima-6370976277302_1920x1920.jpeg?1668324019|https://cdncloudcart.com/28510/products/images/1591/luksozen-matrak-memo-optima-6370976321d9d_1920x1920.jpeg?1668324019|https://cdncloudcart.com/28510/products/images/1591/luksozen-matrak-memo-optima-6370976389038_1920x1920.jpeg?1668324019|https://cdncloudcart.com/28510/products/images/1591/luksozen-matrak-memo-optima-6370975f27537_1920x1920.jpeg?1668324019|https://cdncloudcart.com/28510/products/images/1591/luksozen-matrak-memo-optima-63709760caec9_1280x1280.png?1668324019
23007000-1-160-/-200,"Луксозен матрак MEMO OPTIMA, двулицев - 160 / 200","Memo Optima е нашето ново предложение за любителите на меката, уютна и комфортна прегръдка на мемори пяната . Хибридното ядро е съставено от стотици индивидуално пакетирани пружинки , които разпределят равномерно тежестта на тялото и осигуряват ергономична опора. Моделът предлага две страни на комфорт. Слой от 5 см термочувствителна мемори пяна от едната страна спомага за прецизното контуриране в дълбочина на тялото. Меко обгръщане, което не предизвиква болки в кръста. Ядрото е облечено в калъф с елегантен дизайн, изработен от луксозен текстил, допълнително омекотен с обемен слой мемори пяна от двете страни. Повърхността се адаптира лесно към извивките на тялото и създава мека и удобна среда за пълноценен релакс. Meкoтa, yдoбcтвo и peлaкc &ndash; тoвa ca yceщaнията пpи вceĸи ĸoнтaĸт c Memo Optima.",Матраци,1,706.61,529.96,100,https://cdncloudcart.com/28510/products/images/1591/luksozen-matrak-memo-optima-63709760041b2_1280x1280.png?1668323195|https://cdncloudcart.com/28510/products/images/1591/luksozen-matrak-memo-optima-63709aaaa5276_1280x1280.png?1668324032|https://cdncloudcart.com/28510/products/images/1591/luksozen-matrak-memo-optima-6370976156600_1920x1920.jpeg?1668324019|https://cdncloudcart.com/28510/products/images/1591/luksozen-matrak-memo-optima-63709761bad5f_800x800.jpeg?1668324019|https://cdncloudcart.com/28510/products/images/1591/luksozen-matrak-memo-optima-6370976277302_1920x1920.jpeg?1668324019|https://cdncloudcart.com/28510/products/images/1591/luksozen-matrak-memo-optima-6370976321d9d_1920x1920.jpeg?1668324019|https://cdncloudcart.com/28510/products/images/1591/luksozen-matrak-memo-optima-6370976389038_1920x1920.jpeg?1668324019|https://cdncloudcart.com/28510/products/images/1591/luksozen-matrak-memo-optima-6370975f27537_1920x1920.jpeg?1668324019|https://cdncloudcart.com/28510/products/images/1591/luksozen-matrak-memo-optima-63709760caec9_1280x1280.png?1668324019
23007000-1-164-/-190,"Луксозен матрак MEMO OPTIMA, двулицев - 164 / 190","Memo Optima е нашето ново предложение за любителите на меката, уютна и комфортна прегръдка на мемори пяната . Хибридното ядро е съставено от стотици индивидуално пакетирани пружинки , които разпределят равномерно тежестта на тялото и осигуряват ергономична опора. Моделът предлага две страни на комфорт. Слой от 5 см термочувствителна мемори пяна от едната страна спомага за прецизното контуриране в дълбочина на тялото. Меко обгръщане, което не предизвиква болки в кръста. Ядрото е облечено в калъф с елегантен дизайн, изработен от луксозен текстил, допълнително омекотен с обемен слой мемори пяна от двете страни. Повърхността се адаптира лесно към извивките на тялото и създава мека и удобна среда за пълноценен релакс. Meкoтa, yдoбcтвo и peлaкc &ndash; тoвa ca yceщaнията пpи вceĸи ĸoнтaĸт c Memo Optima.",Матраци,1,700.98,525.74,100,https://cdncloudcart.com/28510/products/images/1591/luksozen-matrak-memo-optima-63709760041b2_1280x1280.png?1668323195|https://cdncloudcart.com/28510/products/images/1591/luksozen-matrak-memo-optima-63709aaaa5276_1280x1280.png?1668324032|https://cdncloudcart.com/28510/products/images/1591/luksozen-matrak-memo-optima-6370976156600_1920x1920.jpeg?1668324019|https://cdncloudcart.com/28510/products/images/1591/luksozen-matrak-memo-optima-63709761bad5f_800x800.jpeg?1668324019|https://cdncloudcart.com/28510/products/images/1591/luksozen-matrak-memo-optima-6370976277302_1920x1920.jpeg?1668324019|https://cdncloudcart.com/28510/products/images/1591/luksozen-matrak-memo-optima-6370976321d9d_1920x1920.jpeg?1668324019|https://cdncloudcart.com/28510/products/images/1591/luksozen-matrak-memo-optima-6370976389038_1920x1920.jpeg?1668324019|https://cdncloudcart.com/28510/products/images/1591/luksozen-matrak-memo-optima-6370975f27537_1920x1920.jpeg?1668324019|https://cdncloudcart.com/28510/products/images/1591/luksozen-matrak-memo-optima-63709760caec9_1280x1280.png?1668324019
23007000-1-164-/-200,"Луксозен матрак MEMO OPTIMA, двулицев - 164 / 200","Memo Optima е нашето ново предложение за любителите на меката, уютна и комфортна прегръдка на мемори пяната . Хибридното ядро е съставено от стотици индивидуално пакетирани пружинки , които разпределят равномерно тежестта на тялото и осигуряват ергономична опора. Моделът предлага две страни на комфорт. Слой от 5 см термочувствителна мемори пяна от едната страна спомага за прецизното контуриране в дълбочина на тялото. Меко обгръщане, което не предизвиква болки в кръста. Ядрото е облечено в калъф с елегантен дизайн, изработен от луксозен текстил, допълнително омекотен с обемен слой мемори пяна от двете страни. Повърхността се адаптира лесно към извивките на тялото и създава мека и удобна среда за пълноценен релакс. Meкoтa, yдoбcтвo и peлaкc &ndash; тoвa ca yceщaнията пpи вceĸи ĸoнтaĸт c Memo Optima.",Матраци,1,723.48,542.61,100,https://cdncloudcart.com/28510/products/images/1591/luksozen-matrak-memo-optima-63709760041b2_1280x1280.png?1668323195|https://cdncloudcart.com/28510/products/images/1591/luksozen-matrak-memo-optima-63709aaaa5276_1280x1280.png?1668324032|https://cdncloudcart.com/28510/products/images/1591/luksozen-matrak-memo-optima-6370976156600_1920x1920.jpeg?1668324019|https://cdncloudcart.com/28510/products/images/1591/luksozen-matrak-memo-optima-63709761bad5f_800x800.jpeg?1668324019|https://cdncloudcart.com/28510/products/images/1591/luksozen-matrak-memo-optima-6370976277302_1920x1920.jpeg?1668324019|https://cdncloudcart.com/28510/products/images/1591/luksozen-matrak-memo-optima-6370976321d9d_1920x1920.jpeg?1668324019|https://cdncloudcart.com/28510/products/images/1591/luksozen-matrak-memo-optima-6370976389038_1920x1920.jpeg?1668324019|https://cdncloudcart.com/28510/products/images/1591/luksozen-matrak-memo-optima-6370975f27537_1920x1920.jpeg?1668324019|https://cdncloudcart.com/28510/products/images/1591/luksozen-matrak-memo-optima-63709760caec9_1280x1280.png?1668324019
23007000-1-180-/-200,"Луксозен матрак MEMO OPTIMA, двулицев - 180 / 200","Memo Optima е нашето ново предложение за любителите на меката, уютна и комфортна прегръдка на мемори пяната . Хибридното ядро е съставено от стотици индивидуално пакетирани пружинки , които разпределят равномерно тежестта на тялото и осигуряват ергономична опора. Моделът предлага две страни на комфорт. Слой от 5 см термочувствителна мемори пяна от едната страна спомага за прецизното контуриране в дълбочина на тялото. Меко обгръщане, което не предизвиква болки в кръста. Ядрото е облечено в калъф с елегантен дизайн, изработен от луксозен текстил, допълнително омекотен с обемен слой мемори пяна от двете страни. Повърхността се адаптира лесно към извивките на тялото и създава мека и удобна среда за пълноценен релакс. Meкoтa, yдoбcтвo и peлaкc &ndash; тoвa ca yceщaнията пpи вceĸи ĸoнтaĸт c Memo Optima.",Матраци,1,798.13,598.60,100,https://cdncloudcart.com/28510/products/images/1591/luksozen-matrak-memo-optima-63709760041b2_1280x1280.png?1668323195|https://cdncloudcart.com/28510/products/images/1591/luksozen-matrak-memo-optima-63709aaaa5276_1280x1280.png?1668324032|https://cdncloudcart.com/28510/products/images/1591/luksozen-matrak-memo-optima-6370976156600_1920x1920.jpeg?1668324019|https://cdncloudcart.com/28510/products/images/1591/luksozen-matrak-memo-optima-63709761bad5f_800x800.jpeg?1668324019|https://cdncloudcart.com/28510/products/images/1591/luksozen-matrak-memo-optima-6370976277302_1920x1920.jpeg?1668324019|https://cdncloudcart.com/28510/products/images/1591/luksozen-matrak-memo-optima-6370976321d9d_1920x1920.jpeg?1668324019|https://cdncloudcart.com/28510/products/images/1591/luksozen-matrak-memo-optima-6370976389038_1920x1920.jpeg?1668324019|https://cdncloudcart.com/28510/products/images/1591/luksozen-matrak-memo-optima-6370975f27537_1920x1920.jpeg?1668324019|https://cdncloudcart.com/28510/products/images/1591/luksozen-matrak-memo-optima-63709760caec9_1280x1280.png?1668324019
23007000-1-72-/-190,"Луксозен матрак MEMO OPTIMA, двулицев - 72 / 190","Memo Optima е нашето ново предложение за любителите на меката, уютна и комфортна прегръдка на мемори пяната . Хибридното ядро е съставено от стотици индивидуално пакетирани пружинки , които разпределят равномерно тежестта на тялото и осигуряват ергономична опора. Моделът предлага две страни на комфорт. Слой от 5 см термочувствителна мемори пяна от едната страна спомага за прецизното контуриране в дълбочина на тялото. Меко обгръщане, което не предизвиква болки в кръста. Ядрото е облечено в калъф с елегантен дизайн, изработен от луксозен текстил, допълнително омекотен с обемен слой мемори пяна от двете страни. Повърхността се адаптира лесно към извивките на тялото и създава мека и удобна среда за пълноценен релакс. Meкoтa, yдoбcтвo и peлaкc &ndash; тoвa ca yceщaнията пpи вceĸи ĸoнтaĸт c Memo Optima.",Матраци,1,331.32,248.49,100,https://cdncloudcart.com/28510/products/images/1591/luksozen-matrak-memo-optima-63709760041b2_1280x1280.png?1668323195|https://cdncloudcart.com/28510/products/images/1591/luksozen-matrak-memo-optima-63709aaaa5276_1280x1280.png?1668324032|https://cdncloudcart.com/28510/products/images/1591/luksozen-matrak-memo-optima-6370976156600_1920x1920.jpeg?1668324019|https://cdncloudcart.com/28510/products/images/1591/luksozen-matrak-memo-optima-63709761bad5f_800x800.jpeg?1668324019|https://cdncloudcart.com/28510/products/images/1591/luksozen-matrak-memo-optima-6370976277302_1920x1920.jpeg?1668324019|https://cdncloudcart.com/28510/products/images/1591/luksozen-matrak-memo-optima-6370976321d9d_1920x1920.jpeg?1668324019|https://cdncloudcart.com/28510/products/images/1591/luksozen-matrak-memo-optima-6370976389038_1920x1920.jpeg?1668324019|https://cdncloudcart.com/28510/products/images/1591/luksozen-matrak-memo-optima-6370975f27537_1920x1920.jpeg?1668324019|https://cdncloudcart.com/28510/products/images/1591/luksozen-matrak-memo-optima-63709760caec9_1280x1280.png?1668324019
23007000-1-144-/-200,"Луксозен матрак MEMO OPTIMA, двулицев - 144 / 200","Memo Optima е нашето ново предложение за любителите на меката, уютна и комфортна прегръдка на мемори пяната . Хибридното ядро е съставено от стотици индивидуално пакетирани пружинки , които разпределят равномерно тежестта на тялото и осигуряват ергономична опора. Моделът предлага две страни на комфорт. Слой от 5 см термочувствителна мемори пяна от едната страна спомага за прецизното контуриране в дълбочина на тялото. Меко обгръщане, което не предизвиква болки в кръста. Ядрото е облечено в калъф с елегантен дизайн, изработен от луксозен текстил, допълнително омекотен с обемен слой мемори пяна от двете страни. Повърхността се адаптира лесно към извивките на тялото и създава мека и удобна среда за пълноценен релакс. Meкoтa, yдoбcтвo и peлaкc &ndash; тoвa ca yceщaнията пpи вceĸи ĸoнтaĸт c Memo Optima.",Матраци,1,674.39,505.79,100,https://cdncloudcart.com/28510/products/images/1591/luksozen-matrak-memo-optima-63709760041b2_1280x1280.png?1668323195|https://cdncloudcart.com/28510/products/images/1591/luksozen-matrak-memo-optima-63709aaaa5276_1280x1280.png?1668324032|https://cdncloudcart.com/28510/products/images/1591/luksozen-matrak-memo-optima-6370976156600_1920x1920.jpeg?1668324019|https://cdncloudcart.com/28510/products/images/1591/luksozen-matrak-memo-optima-63709761bad5f_800x800.jpeg?1668324019|https://cdncloudcart.com/28510/products/images/1591/luksozen-matrak-memo-optima-6370976277302_1920x1920.jpeg?1668324019|https://cdncloudcart.com/28510/products/images/1591/luksozen-matrak-memo-optima-6370976321d9d_1920x1920.jpeg?1668324019|https://cdncloudcart.com/28510/products/images/1591/luksozen-matrak-memo-optima-6370976389038_1920x1920.jpeg?1668324019|https://cdncloudcart.com/28510/products/images/1591/luksozen-matrak-memo-optima-6370975f27537_1920x1920.jpeg?1668324019|https://cdncloudcart.com/28510/products/images/1591/luksozen-matrak-memo-optima-63709760caec9_1280x1280.png?1668324019
22019589-1-90-/-200,"Луксозен матрак NORD STAR, двулицев - 90 / 200","Аристократичен лукс и комфорт са характеристиките на този елегантен продукт, създаден за ценителите на пълноценния сън и изтънчения дизайн. Топ матракът, вграден от едната страна , представлява хибридна конструкция от комфортни първокачествени материали: перфориран латекс с изключителна еластичност, иновативна NeroPur&trade; пяна с екстракт от нероли (портокалов цвят) и фини nanopocket пружинки .Топерът може лесно да обръща или напълно да се отстранява, според индивидуалните предпочитания за удобство. Подбраната комбинация от иновативни технологии в горния слой на матрака създава несравнимо удобство и термокомфорт по време на сън. Ортопедичната поддръжка се гарантира от ядро, изработено по прецизна i-Springs Super Comfort технология &ndash; стабилен мултипокет, който осигурява необходимата опора за различните части на тялото, съобразно натиска, който упражняват. Слоят от естествени кокосови влакна създава твърда изолираща повърхност, а високоеластичната HR пяна се грижи за удобството. Мек и нежен на допир текстил с органичен памук, естествени антибактериални и температуро-регулиращи свойства е избран за финален завършек на богатата, луксозна конструкция.",Матраци,1,948.45,711.34,100,https://cdncloudcart.com/28510/products/images/1592/luksozen-matrak-nord-star-63709997350ee_1280x1280.jpeg?1668323749|https://cdncloudcart.com/28510/products/images/1592/luksozen-matrak-nord-star-637099d5d0f20_1280x1280.png?1668323824|https://cdncloudcart.com/28510/products/images/1592/luksozen-matrak-nord-star-637099983fc69_1920x1920.jpeg?1668323802|https://cdncloudcart.com/28510/products/images/1592/luksozen-matrak-nord-star-63709997cacc6_1920x1920.jpeg?1668323802|https://cdncloudcart.com/28510/products/images/1592/luksozen-matrak-nord-star-637099c4da7aa_1280x1280.png?1668323813
22019589-1-120-/-200,"Луксозен матрак NORD STAR, двулицев - 120 / 200","Аристократичен лукс и комфорт са характеристиките на този елегантен продукт, създаден за ценителите на пълноценния сън и изтънчения дизайн. Топ матракът, вграден от едната страна , представлява хибридна конструкция от комфортни първокачествени материали: перфориран латекс с изключителна еластичност, иновативна NeroPur&trade; пяна с екстракт от нероли (портокалов цвят) и фини nanopocket пружинки .Топерът може лесно да обръща или напълно да се отстранява, според индивидуалните предпочитания за удобство. Подбраната комбинация от иновативни технологии в горния слой на матрака създава несравнимо удобство и термокомфорт по време на сън. Ортопедичната поддръжка се гарантира от ядро, изработено по прецизна i-Springs Super Comfort технология &ndash; стабилен мултипокет, който осигурява необходимата опора за различните части на тялото, съобразно натиска, който упражняват. Слоят от естествени кокосови влакна създава твърда изолираща повърхност, а високоеластичната HR пяна се грижи за удобството. Мек и нежен на допир текстил с органичен памук, естествени антибактериални и температуро-регулиращи свойства е избран за финален завършек на богатата, луксозна конструкция.",Матраци,1,1224.03,918.02,100,https://cdncloudcart.com/28510/products/images/1592/luksozen-matrak-nord-star-63709997350ee_1280x1280.jpeg?1668323749|https://cdncloudcart.com/28510/products/images/1592/luksozen-matrak-nord-star-637099d5d0f20_1280x1280.png?1668323824|https://cdncloudcart.com/28510/products/images/1592/luksozen-matrak-nord-star-637099983fc69_1920x1920.jpeg?1668323802|https://cdncloudcart.com/28510/products/images/1592/luksozen-matrak-nord-star-63709997cacc6_1920x1920.jpeg?1668323802|https://cdncloudcart.com/28510/products/images/1592/luksozen-matrak-nord-star-637099c4da7aa_1280x1280.png?1668323813
22019589-1-140-/-200,"Луксозен матрак NORD STAR, двулицев - 140 / 200","Аристократичен лукс и комфорт са характеристиките на този елегантен продукт, създаден за ценителите на пълноценния сън и изтънчения дизайн. Топ матракът, вграден от едната страна , представлява хибридна конструкция от комфортни първокачествени материали: перфориран латекс с изключителна еластичност, иновативна NeroPur&trade; пяна с екстракт от нероли (портокалов цвят) и фини nanopocket пружинки .Топерът може лесно да обръща или напълно да се отстранява, според индивидуалните предпочитания за удобство. Подбраната комбинация от иновативни технологии в горния слой на матрака създава несравнимо удобство и термокомфорт по време на сън. Ортопедичната поддръжка се гарантира от ядро, изработено по прецизна i-Springs Super Comfort технология &ndash; стабилен мултипокет, който осигурява необходимата опора за различните части на тялото, съобразно натиска, който упражняват. Слоят от естествени кокосови влакна създава твърда изолираща повърхност, а високоеластичната HR пяна се грижи за удобството. Мек и нежен на допир текстил с органичен памук, естествени антибактериални и температуро-регулиращи свойства е избран за финален завършек на богатата, луксозна конструкция.",Матраци,1,1375.89,1031.92,100,https://cdncloudcart.com/28510/products/images/1592/luksozen-matrak-nord-star-63709997350ee_1280x1280.jpeg?1668323749|https://cdncloudcart.com/28510/products/images/1592/luksozen-matrak-nord-star-637099d5d0f20_1280x1280.png?1668323824|https://cdncloudcart.com/28510/products/images/1592/luksozen-matrak-nord-star-637099983fc69_1920x1920.jpeg?1668323802|https://cdncloudcart.com/28510/products/images/1592/luksozen-matrak-nord-star-63709997cacc6_1920x1920.jpeg?1668323802|https://cdncloudcart.com/28510/products/images/1592/luksozen-matrak-nord-star-637099c4da7aa_1280x1280.png?1668323813
22019589-1-144-/-190,"Луксозен матрак NORD STAR, двулицев - 144 / 190","Аристократичен лукс и комфорт са характеристиките на този елегантен продукт, създаден за ценителите на пълноценния сън и изтънчения дизайн. Топ матракът, вграден от едната страна , представлява хибридна конструкция от комфортни първокачествени материали: перфориран латекс с изключителна еластичност, иновативна NeroPur&trade; пяна с екстракт от нероли (портокалов цвят) и фини nanopocket пружинки .Топерът може лесно да обръща или напълно да се отстранява, според индивидуалните предпочитания за удобство. Подбраната комбинация от иновативни технологии в горния слой на матрака създава несравнимо удобство и термокомфорт по време на сън. Ортопедичната поддръжка се гарантира от ядро, изработено по прецизна i-Springs Super Comfort технология &ndash; стабилен мултипокет, който осигурява необходимата опора за различните части на тялото, съобразно натиска, който упражняват. Слоят от естествени кокосови влакна създава твърда изолираща повърхност, а високоеластичната HR пяна се грижи за удобството. Мек и нежен на допир текстил с органичен памук, естествени антибактериални и температуро-регулиращи свойства е избран за финален завършек на богатата, луксозна конструкция.",Матраци,1,1359.01,1019.26,100,https://cdncloudcart.com/28510/products/images/1592/luksozen-matrak-nord-star-63709997350ee_1280x1280.jpeg?1668323749|https://cdncloudcart.com/28510/products/images/1592/luksozen-matrak-nord-star-637099d5d0f20_1280x1280.png?1668323824|https://cdncloudcart.com/28510/products/images/1592/luksozen-matrak-nord-star-637099983fc69_1920x1920.jpeg?1668323802|https://cdncloudcart.com/28510/products/images/1592/luksozen-matrak-nord-star-63709997cacc6_1920x1920.jpeg?1668323802|https://cdncloudcart.com/28510/products/images/1592/luksozen-matrak-nord-star-637099c4da7aa_1280x1280.png?1668323813
22019589-1-160-/-200,"Луксозен матрак NORD STAR, двулицев - 160 / 200","Аристократичен лукс и комфорт са характеристиките на този елегантен продукт, създаден за ценителите на пълноценния сън и изтънчения дизайн. Топ матракът, вграден от едната страна , представлява хибридна конструкция от комфортни първокачествени материали: перфориран латекс с изключителна еластичност, иновативна NeroPur&trade; пяна с екстракт от нероли (портокалов цвят) и фини nanopocket пружинки .Топерът може лесно да обръща или напълно да се отстранява, според индивидуалните предпочитания за удобство. Подбраната комбинация от иновативни технологии в горния слой на матрака създава несравнимо удобство и термокомфорт по време на сън. Ортопедичната поддръжка се гарантира от ядро, изработено по прецизна i-Springs Super Comfort технология &ndash; стабилен мултипокет, който осигурява необходимата опора за различните части на тялото, съобразно натиска, който упражняват. Слоят от естествени кокосови влакна създава твърда изолираща повърхност, а високоеластичната HR пяна се грижи за удобството. Мек и нежен на допир текстил с органичен памук, естествени антибактериални и температуро-регулиращи свойства е избран за финален завършек на богатата, луксозна конструкция.",Матраци,1,1572.73,1179.55,100,https://cdncloudcart.com/28510/products/images/1592/luksozen-matrak-nord-star-63709997350ee_1280x1280.jpeg?1668323749|https://cdncloudcart.com/28510/products/images/1592/luksozen-matrak-nord-star-637099d5d0f20_1280x1280.png?1668323824|https://cdncloudcart.com/28510/products/images/1592/luksozen-matrak-nord-star-637099983fc69_1920x1920.jpeg?1668323802|https://cdncloudcart.com/28510/products/images/1592/luksozen-matrak-nord-star-63709997cacc6_1920x1920.jpeg?1668323802|https://cdncloudcart.com/28510/products/images/1592/luksozen-matrak-nord-star-637099c4da7aa_1280x1280.png?1668323813
22019589-1-164-/-190,"Луксозен матрак NORD STAR, двулицев - 164 / 190","Аристократичен лукс и комфорт са характеристиките на този елегантен продукт, създаден за ценителите на пълноценния сън и изтънчения дизайн. Топ матракът, вграден от едната страна , представлява хибридна конструкция от комфортни първокачествени материали: перфориран латекс с изключителна еластичност, иновативна NeroPur&trade; пяна с екстракт от нероли (портокалов цвят) и фини nanopocket пружинки .Топерът може лесно да обръща или напълно да се отстранява, според индивидуалните предпочитания за удобство. Подбраната комбинация от иновативни технологии в горния слой на матрака създава несравнимо удобство и термокомфорт по време на сън. Ортопедичната поддръжка се гарантира от ядро, изработено по прецизна i-Springs Super Comfort технология &ndash; стабилен мултипокет, който осигурява необходимата опора за различните части на тялото, съобразно натиска, който упражняват. Слоят от естествени кокосови влакна създава твърда изолираща повърхност, а високоеластичната HR пяна се грижи за удобството. Мек и нежен на допир текстил с органичен памук, естествени антибактериални и температуро-регулиращи свойства е избран за финален завършек на богатата, луксозна конструкция.",Матраци,1,1563.02,1172.26,100,https://cdncloudcart.com/28510/products/images/1592/luksozen-matrak-nord-star-63709997350ee_1280x1280.jpeg?1668323749|https://cdncloudcart.com/28510/products/images/1592/luksozen-matrak-nord-star-637099d5d0f20_1280x1280.png?1668323824|https://cdncloudcart.com/28510/products/images/1592/luksozen-matrak-nord-star-637099983fc69_1920x1920.jpeg?1668323802|https://cdncloudcart.com/28510/products/images/1592/luksozen-matrak-nord-star-63709997cacc6_1920x1920.jpeg?1668323802|https://cdncloudcart.com/28510/products/images/1592/luksozen-matrak-nord-star-637099c4da7aa_1280x1280.png?1668323813
22019589-1-164-/-200,"Луксозен матрак NORD STAR, двулицев - 164 / 200","Аристократичен лукс и комфорт са характеристиките на този елегантен продукт, създаден за ценителите на пълноценния сън и изтънчения дизайн. Топ матракът, вграден от едната страна , представлява хибридна конструкция от комфортни първокачествени материали: перфориран латекс с изключителна еластичност, иновативна NeroPur&trade; пяна с екстракт от нероли (портокалов цвят) и фини nanopocket пружинки .Топерът може лесно да обръща или напълно да се отстранява, според индивидуалните предпочитания за удобство. Подбраната комбинация от иновативни технологии в горния слой на матрака създава несравнимо удобство и термокомфорт по време на сън. Ортопедичната поддръжка се гарантира от ядро, изработено по прецизна i-Springs Super Comfort технология &ndash; стабилен мултипокет, който осигурява необходимата опора за различните части на тялото, съобразно натиска, който упражняват. Слоят от естествени кокосови влакна създава твърда изолираща повърхност, а високоеластичната HR пяна се грижи за удобството. Мек и нежен на допир текстил с органичен памук, естествени антибактериални и температуро-регулиращи свойства е избран за финален завършек на богатата, луксозна конструкция.",Матраци,1,1613.64,1210.23,100,https://cdncloudcart.com/28510/products/images/1592/luksozen-matrak-nord-star-63709997350ee_1280x1280.jpeg?1668323749|https://cdncloudcart.com/28510/products/images/1592/luksozen-matrak-nord-star-637099d5d0f20_1280x1280.png?1668323824|https://cdncloudcart.com/28510/products/images/1592/luksozen-matrak-nord-star-637099983fc69_1920x1920.jpeg?1668323802|https://cdncloudcart.com/28510/products/images/1592/luksozen-matrak-nord-star-63709997cacc6_1920x1920.jpeg?1668323802|https://cdncloudcart.com/28510/products/images/1592/luksozen-matrak-nord-star-637099c4da7aa_1280x1280.png?1668323813
22019589-1-180-/-200,"Луксозен матрак NORD STAR, двулицев - 180 / 200","Аристократичен лукс и комфорт са характеристиките на този елегантен продукт, създаден за ценителите на пълноценния сън и изтънчения дизайн. Топ матракът, вграден от едната страна , представлява хибридна конструкция от комфортни първокачествени материали: перфориран латекс с изключителна еластичност, иновативна NeroPur&trade; пяна с екстракт от нероли (портокалов цвят) и фини nanopocket пружинки .Топерът може лесно да обръща или напълно да се отстранява, според индивидуалните предпочитания за удобство. Подбраната комбинация от иновативни технологии в горния слой на матрака създава несравнимо удобство и термокомфорт по време на сън. Ортопедичната поддръжка се гарантира от ядро, изработено по прецизна i-Springs Super Comfort технология &ndash; стабилен мултипокет, който осигурява необходимата опора за различните части на тялото, съобразно натиска, който упражняват. Слоят от естествени кокосови влакна създава твърда изолираща повърхност, а високоеластичната HR пяна се грижи за удобството. Мек и нежен на допир текстил с органичен памук, естествени антибактериални и температуро-регулиращи свойства е избран за финален завършек на богатата, луксозна конструкция.",Матраци,1,1769.58,1327.18,100,https://cdncloudcart.com/28510/products/images/1592/luksozen-matrak-nord-star-63709997350ee_1280x1280.jpeg?1668323749|https://cdncloudcart.com/28510/products/images/1592/luksozen-matrak-nord-star-637099d5d0f20_1280x1280.png?1668323824|https://cdncloudcart.com/28510/products/images/1592/luksozen-matrak-nord-star-637099983fc69_1920x1920.jpeg?1668323802|https://cdncloudcart.com/28510/products/images/1592/luksozen-matrak-nord-star-63709997cacc6_1920x1920.jpeg?1668323802|https://cdncloudcart.com/28510/products/images/1592/luksozen-matrak-nord-star-637099c4da7aa_1280x1280.png?1668323813
22019613-1-90-/-200,"Луксозен матрак NUVOLA, двулицев - 90 / 200","NUVOLA - предпочитан модел за първокласна почивка Започни деня с усмивка и енергия, готов да преодолееш всяко предизвикателство. Водещите акценти при създаването на този модел бяха ексклузивният комфорт, изявената индивидуалност и съвършената поддръжка. Следвайки ги устремено, се роди Премиум матрак Nuvola - продукт от луксозен TED клас, перфектно съчетание на оптимална ортопедична опора, балансиран комфорт и впечатляваща модерна визия. Мечта за всеки дом. С какво е по-различен този изящен двулицев матрак? Премиум двулицев матрак Nuvola е разработен с внимание към детайла, за да предложи усещане за истински лукс. Със своя двустранен комфорт, средно мек и умерено твърд, той ще поднесе усещане, за което само си си мечтал. Компактният размер и по-голяма дебелина на телта на микро покет пружините от едната страна, създават по-твърдото усещане на повърхността. Многопластовият комфорт се допълва от слоеве профилирана високоеластична (HR) пяна, позната със своята отлична ергономичност. Този продукт е от висок клас и е с интегрирана Duo Adapt система от двоен 7-зонов микропокет с две страни на комфорт &ndash; лятна и зимна. Позволява наслагване на опорни точки подобно на многослойните скандинавски системи за сън, което прави поддръжката още по-адаптивна и реагираща на натиск. Конструкцията е изключително стабилна и е допълнително подсилена по периферията, за да гарантира безкомпромисна здравина и дълъг живот. Красивата визия е наша запазена марка. Постигнахме я като завършихме матрака с елегантен калъф с цип от нежен на допир текстил. Той е обогатен с влакна лиосел, които са с естествени антибактериални и температуро-регулиращи свойства. Матракът предлага летен и зимен комфорт. Ето как постигнахме тази истинска иновация при матраците: ✓ 7-зонова двойна микропокет система Това са индивидуално пакетирани пружинки с компактен размер, които са еластични и тялото и създават усещане за деликатна опора. Минималното съпротивление при движение прави системата високоергономична. ✓ Пружинен покет пакет с двоен укрепващ механизъм Добавихме и 2 укрепващи шанги за още по-голяма поддръжка. ✓ Профилирана HR пяна Пяната е високоеластична и е с отлична ергономичност. Осигурява изключителна опора и е подходяща за създаване на зони с различна степен на твърдост, отговарящи на спецификите на човешкото тяло, за равномерно разпределение на тежестта, максимална стабилност и добра анатомичност. ✓ Вътрешен калъф с цип Калъфът в съставен от 100% памук. ✓ Калъф с цип Усетете нежния допир на Текстил Tencel, обогатен с влакна лиосел с естествени антибактериални и температурорегулиращи свойства. За кого е подходящ пружинен матрак Nuvola? Луксозен двулицев матрак Nuvola е предпочитан избор на хора, които държат на качеството, красивия дизайн и иновациите. Наслади се на спокойствието, което ти гарантира този премиум матрак с 15 годишната си гаранция.",Матраци,1,655.99,491.99,100,https://cdncloudcart.com/28510/products/images/1593/luksozen-matrak-nuvola-6370a1e1f2863_1280x1280.png?1668325877|https://cdncloudcart.com/28510/products/images/1593/luksozen-matrak-nuvola-63709be92a037_1280x1280.png?1668325862|https://cdncloudcart.com/28510/products/images/1593/luksozen-matrak-nuvola-63709bca618fe_1920x1920.jpeg?1668325862|https://cdncloudcart.com/28510/products/images/1593/luksozen-matrak-nuvola-63709bcb4fcd4_1920x1920.jpeg?1668325862|https://cdncloudcart.com/28510/products/images/1593/luksozen-matrak-nuvola-63709be9a1cf4_1280x1280.png?1668325862
22019613-1-120-/-200,"Луксозен матрак NUVOLA, двулицев - 120 / 200","NUVOLA - предпочитан модел за първокласна почивка Започни деня с усмивка и енергия, готов да преодолееш всяко предизвикателство. Водещите акценти при създаването на този модел бяха ексклузивният комфорт, изявената индивидуалност и съвършената поддръжка. Следвайки ги устремено, се роди Премиум матрак Nuvola - продукт от луксозен TED клас, перфектно съчетание на оптимална ортопедична опора, балансиран комфорт и впечатляваща модерна визия. Мечта за всеки дом. С какво е по-различен този изящен двулицев матрак? Премиум двулицев матрак Nuvola е разработен с внимание към детайла, за да предложи усещане за истински лукс. Със своя двустранен комфорт, средно мек и умерено твърд, той ще поднесе усещане, за което само си си мечтал. Компактният размер и по-голяма дебелина на телта на микро покет пружините от едната страна, създават по-твърдото усещане на повърхността. Многопластовият комфорт се допълва от слоеве профилирана високоеластична (HR) пяна, позната със своята отлична ергономичност. Този продукт е от висок клас и е с интегрирана Duo Adapt система от двоен 7-зонов микропокет с две страни на комфорт &ndash; лятна и зимна. Позволява наслагване на опорни точки подобно на многослойните скандинавски системи за сън, което прави поддръжката още по-адаптивна и реагираща на натиск. Конструкцията е изключително стабилна и е допълнително подсилена по периферията, за да гарантира безкомпромисна здравина и дълъг живот. Красивата визия е наша запазена марка. Постигнахме я като завършихме матрака с елегантен калъф с цип от нежен на допир текстил. Той е обогатен с влакна лиосел, които са с естествени антибактериални и температуро-регулиращи свойства. Матракът предлага летен и зимен комфорт. Ето как постигнахме тази истинска иновация при матраците: ✓ 7-зонова двойна микропокет система Това са индивидуално пакетирани пружинки с компактен размер, които са еластични и тялото и създават усещане за деликатна опора. Минималното съпротивление при движение прави системата високоергономична. ✓ Пружинен покет пакет с двоен укрепващ механизъм Добавихме и 2 укрепващи шанги за още по-голяма поддръжка. ✓ Профилирана HR пяна Пяната е високоеластична и е с отлична ергономичност. Осигурява изключителна опора и е подходяща за създаване на зони с различна степен на твърдост, отговарящи на спецификите на човешкото тяло, за равномерно разпределение на тежестта, максимална стабилност и добра анатомичност. ✓ Вътрешен калъф с цип Калъфът в съставен от 100% памук. ✓ Калъф с цип Усетете нежния допир на Текстил Tencel, обогатен с влакна лиосел с естествени антибактериални и температурорегулиращи свойства. За кого е подходящ пружинен матрак Nuvola? Луксозен двулицев матрак Nuvola е предпочитан избор на хора, които държат на качеството, красивия дизайн и иновациите. Наслади се на спокойствието, което ти гарантира този премиум матрак с 15 годишната си гаранция.",Матраци,1,790.97,593.23,100,https://cdncloudcart.com/28510/products/images/1593/luksozen-matrak-nuvola-6370a1e1f2863_1280x1280.png?1668325877|https://cdncloudcart.com/28510/products/images/1593/luksozen-matrak-nuvola-63709be92a037_1280x1280.png?1668325862|https://cdncloudcart.com/28510/products/images/1593/luksozen-matrak-nuvola-63709bca618fe_1920x1920.jpeg?1668325862|https://cdncloudcart.com/28510/products/images/1593/luksozen-matrak-nuvola-63709bcb4fcd4_1920x1920.jpeg?1668325862|https://cdncloudcart.com/28510/products/images/1593/luksozen-matrak-nuvola-63709be9a1cf4_1280x1280.png?1668325862
22019613-1-140-/-200,"Луксозен матрак NUVOLA, двулицев - 140 / 200","NUVOLA - предпочитан модел за първокласна почивка Започни деня с усмивка и енергия, готов да преодолееш всяко предизвикателство. Водещите акценти при създаването на този модел бяха ексклузивният комфорт, изявената индивидуалност и съвършената поддръжка. Следвайки ги устремено, се роди Премиум матрак Nuvola - продукт от луксозен TED клас, перфектно съчетание на оптимална ортопедична опора, балансиран комфорт и впечатляваща модерна визия. Мечта за всеки дом. С какво е по-различен този изящен двулицев матрак? Премиум двулицев матрак Nuvola е разработен с внимание към детайла, за да предложи усещане за истински лукс. Със своя двустранен комфорт, средно мек и умерено твърд, той ще поднесе усещане, за което само си си мечтал. Компактният размер и по-голяма дебелина на телта на микро покет пружините от едната страна, създават по-твърдото усещане на повърхността. Многопластовият комфорт се допълва от слоеве профилирана високоеластична (HR) пяна, позната със своята отлична ергономичност. Този продукт е от висок клас и е с интегрирана Duo Adapt система от двоен 7-зонов микропокет с две страни на комфорт &ndash; лятна и зимна. Позволява наслагване на опорни точки подобно на многослойните скандинавски системи за сън, което прави поддръжката още по-адаптивна и реагираща на натиск. Конструкцията е изключително стабилна и е допълнително подсилена по периферията, за да гарантира безкомпромисна здравина и дълъг живот. Красивата визия е наша запазена марка. Постигнахме я като завършихме матрака с елегантен калъф с цип от нежен на допир текстил. Той е обогатен с влакна лиосел, които са с естествени антибактериални и температуро-регулиращи свойства. Матракът предлага летен и зимен комфорт. Ето как постигнахме тази истинска иновация при матраците: ✓ 7-зонова двойна микропокет система Това са индивидуално пакетирани пружинки с компактен размер, които са еластични и тялото и създават усещане за деликатна опора. Минималното съпротивление при движение прави системата високоергономична. ✓ Пружинен покет пакет с двоен укрепващ механизъм Добавихме и 2 укрепващи шанги за още по-голяма поддръжка. ✓ Профилирана HR пяна Пяната е високоеластична и е с отлична ергономичност. Осигурява изключителна опора и е подходяща за създаване на зони с различна степен на твърдост, отговарящи на спецификите на човешкото тяло, за равномерно разпределение на тежестта, максимална стабилност и добра анатомичност. ✓ Вътрешен калъф с цип Калъфът в съставен от 100% памук. ✓ Калъф с цип Усетете нежния допир на Текстил Tencel, обогатен с влакна лиосел с естествени антибактериални и температурорегулиращи свойства. За кого е подходящ пружинен матрак Nuvola? Луксозен двулицев матрак Nuvola е предпочитан избор на хора, които държат на качеството, красивия дизайн и иновациите. Наслади се на спокойствието, което ти гарантира този премиум матрак с 15 годишната си гаранция.",Матраци,1,897.83,673.37,100,https://cdncloudcart.com/28510/products/images/1593/luksozen-matrak-nuvola-6370a1e1f2863_1280x1280.png?1668325877|https://cdncloudcart.com/28510/products/images/1593/luksozen-matrak-nuvola-63709be92a037_1280x1280.png?1668325862|https://cdncloudcart.com/28510/products/images/1593/luksozen-matrak-nuvola-63709bca618fe_1920x1920.jpeg?1668325862|https://cdncloudcart.com/28510/products/images/1593/luksozen-matrak-nuvola-63709bcb4fcd4_1920x1920.jpeg?1668325862|https://cdncloudcart.com/28510/products/images/1593/luksozen-matrak-nuvola-63709be9a1cf4_1280x1280.png?1668325862
22019613-1-144-/-190,"Луксозен матрак NUVOLA, двулицев - 144 / 190","NUVOLA - предпочитан модел за първокласна почивка Започни деня с усмивка и енергия, готов да преодолееш всяко предизвикателство. Водещите акценти при създаването на този модел бяха ексклузивният комфорт, изявената индивидуалност и съвършената поддръжка. Следвайки ги устремено, се роди Премиум матрак Nuvola - продукт от луксозен TED клас, перфектно съчетание на оптимална ортопедична опора, балансиран комфорт и впечатляваща модерна визия. Мечта за всеки дом. С какво е по-различен този изящен двулицев матрак? Премиум двулицев матрак Nuvola е разработен с внимание към детайла, за да предложи усещане за истински лукс. Със своя двустранен комфорт, средно мек и умерено твърд, той ще поднесе усещане, за което само си си мечтал. Компактният размер и по-голяма дебелина на телта на микро покет пружините от едната страна, създават по-твърдото усещане на повърхността. Многопластовият комфорт се допълва от слоеве профилирана високоеластична (HR) пяна, позната със своята отлична ергономичност. Този продукт е от висок клас и е с интегрирана Duo Adapt система от двоен 7-зонов микропокет с две страни на комфорт &ndash; лятна и зимна. Позволява наслагване на опорни точки подобно на многослойните скандинавски системи за сън, което прави поддръжката още по-адаптивна и реагираща на натиск. Конструкцията е изключително стабилна и е допълнително подсилена по периферията, за да гарантира безкомпромисна здравина и дълъг живот. Красивата визия е наша запазена марка. Постигнахме я като завършихме матрака с елегантен калъф с цип от нежен на допир текстил. Той е обогатен с влакна лиосел, които са с естествени антибактериални и температуро-регулиращи свойства. Матракът предлага летен и зимен комфорт. Ето как постигнахме тази истинска иновация при матраците: ✓ 7-зонова двойна микропокет система Това са индивидуално пакетирани пружинки с компактен размер, които са еластични и тялото и създават усещане за деликатна опора. Минималното съпротивление при движение прави системата високоергономична. ✓ Пружинен покет пакет с двоен укрепващ механизъм Добавихме и 2 укрепващи шанги за още по-голяма поддръжка. ✓ Профилирана HR пяна Пяната е високоеластична и е с отлична ергономичност. Осигурява изключителна опора и е подходяща за създаване на зони с различна степен на твърдост, отговарящи на спецификите на човешкото тяло, за равномерно разпределение на тежестта, максимална стабилност и добра анатомичност. ✓ Вътрешен калъф с цип Калъфът в съставен от 100% памук. ✓ Калъф с цип Усетете нежния допир на Текстил Tencel, обогатен с влакна лиосел с естествени антибактериални и температурорегулиращи свойства. За кого е подходящ пружинен матрак Nuvola? Луксозен двулицев матрак Nuvola е предпочитан избор на хора, които държат на качеството, красивия дизайн и иновациите. Наслади се на спокойствието, което ти гарантира този премиум матрак с 15 годишната си гаранция.",Матраци,1,886.58,664.94,100,https://cdncloudcart.com/28510/products/images/1593/luksozen-matrak-nuvola-6370a1e1f2863_1280x1280.png?1668325877|https://cdncloudcart.com/28510/products/images/1593/luksozen-matrak-nuvola-63709be92a037_1280x1280.png?1668325862|https://cdncloudcart.com/28510/products/images/1593/luksozen-matrak-nuvola-63709bca618fe_1920x1920.jpeg?1668325862|https://cdncloudcart.com/28510/products/images/1593/luksozen-matrak-nuvola-63709bcb4fcd4_1920x1920.jpeg?1668325862|https://cdncloudcart.com/28510/products/images/1593/luksozen-matrak-nuvola-63709be9a1cf4_1280x1280.png?1668325862
22019613-1-144-/-200,"Луксозен матрак NUVOLA, двулицев - 144 / 200","NUVOLA - предпочитан модел за първокласна почивка Започни деня с усмивка и енергия, готов да преодолееш всяко предизвикателство. Водещите акценти при създаването на този модел бяха ексклузивният комфорт, изявената индивидуалност и съвършената поддръжка. Следвайки ги устремено, се роди Премиум матрак Nuvola - продукт от луксозен TED клас, перфектно съчетание на оптимална ортопедична опора, балансиран комфорт и впечатляваща модерна визия. Мечта за всеки дом. С какво е по-различен този изящен двулицев матрак? Премиум двулицев матрак Nuvola е разработен с внимание към детайла, за да предложи усещане за истински лукс. Със своя двустранен комфорт, средно мек и умерено твърд, той ще поднесе усещане, за което само си си мечтал. Компактният размер и по-голяма дебелина на телта на микро покет пружините от едната страна, създават по-твърдото усещане на повърхността. Многопластовият комфорт се допълва от слоеве профилирана високоеластична (HR) пяна, позната със своята отлична ергономичност. Този продукт е от висок клас и е с интегрирана Duo Adapt система от двоен 7-зонов микропокет с две страни на комфорт &ndash; лятна и зимна. Позволява наслагване на опорни точки подобно на многослойните скандинавски системи за сън, което прави поддръжката още по-адаптивна и реагираща на натиск. Конструкцията е изключително стабилна и е допълнително подсилена по периферията, за да гарантира безкомпромисна здравина и дълъг живот. Красивата визия е наша запазена марка. Постигнахме я като завършихме матрака с елегантен калъф с цип от нежен на допир текстил. Той е обогатен с влакна лиосел, които са с естествени антибактериални и температуро-регулиращи свойства. Матракът предлага летен и зимен комфорт. Ето как постигнахме тази истинска иновация при матраците: ✓ 7-зонова двойна микропокет система Това са индивидуално пакетирани пружинки с компактен размер, които са еластични и тялото и създават усещане за деликатна опора. Минималното съпротивление при движение прави системата високоергономична. ✓ Пружинен покет пакет с двоен укрепващ механизъм Добавихме и 2 укрепващи шанги за още по-голяма поддръжка. ✓ Профилирана HR пяна Пяната е високоеластична и е с отлична ергономичност. Осигурява изключителна опора и е подходяща за създаване на зони с различна степен на твърдост, отговарящи на спецификите на човешкото тяло, за равномерно разпределение на тежестта, максимална стабилност и добра анатомичност. ✓ Вътрешен калъф с цип Калъфът в съставен от 100% памук. ✓ Калъф с цип Усетете нежния допир на Текстил Tencel, обогатен с влакна лиосел с естествени антибактериални и температурорегулиращи свойства. За кого е подходящ пружинен матрак Nuvola? Луксозен двулицев матрак Nuvola е предпочитан избор на хора, които държат на качеството, красивия дизайн и иновациите. Наслади се на спокойствието, което ти гарантира този премиум матрак с 15 годишната си гаранция.",Матраци,1,921.86,691.39,100,https://cdncloudcart.com/28510/products/images/1593/luksozen-matrak-nuvola-6370a1e1f2863_1280x1280.png?1668325877|https://cdncloudcart.com/28510/products/images/1593/luksozen-matrak-nuvola-63709be92a037_1280x1280.png?1668325862|https://cdncloudcart.com/28510/products/images/1593/luksozen-matrak-nuvola-63709bca618fe_1920x1920.jpeg?1668325862|https://cdncloudcart.com/28510/products/images/1593/luksozen-matrak-nuvola-63709bcb4fcd4_1920x1920.jpeg?1668325862|https://cdncloudcart.com/28510/products/images/1593/luksozen-matrak-nuvola-63709be9a1cf4_1280x1280.png?1668325862
22019613-1-160-/-200,"Луксозен матрак NUVOLA, двулицев - 160 / 200","NUVOLA - предпочитан модел за първокласна почивка Започни деня с усмивка и енергия, готов да преодолееш всяко предизвикателство. Водещите акценти при създаването на този модел бяха ексклузивният комфорт, изявената индивидуалност и съвършената поддръжка. Следвайки ги устремено, се роди Премиум матрак Nuvola - продукт от луксозен TED клас, перфектно съчетание на оптимална ортопедична опора, балансиран комфорт и впечатляваща модерна визия. Мечта за всеки дом. С какво е по-различен този изящен двулицев матрак? Премиум двулицев матрак Nuvola е разработен с внимание към детайла, за да предложи усещане за истински лукс. Със своя двустранен комфорт, средно мек и умерено твърд, той ще поднесе усещане, за което само си си мечтал. Компактният размер и по-голяма дебелина на телта на микро покет пружините от едната страна, създават по-твърдото усещане на повърхността. Многопластовият комфорт се допълва от слоеве профилирана високоеластична (HR) пяна, позната със своята отлична ергономичност. Този продукт е от висок клас и е с интегрирана Duo Adapt система от двоен 7-зонов микропокет с две страни на комфорт &ndash; лятна и зимна. Позволява наслагване на опорни точки подобно на многослойните скандинавски системи за сън, което прави поддръжката още по-адаптивна и реагираща на натиск. Конструкцията е изключително стабилна и е допълнително подсилена по периферията, за да гарантира безкомпромисна здравина и дълъг живот. Красивата визия е наша запазена марка. Постигнахме я като завършихме матрака с елегантен калъф с цип от нежен на допир текстил. Той е обогатен с влакна лиосел, които са с естествени антибактериални и температуро-регулиращи свойства. Матракът предлага летен и зимен комфорт. Ето как постигнахме тази истинска иновация при матраците: ✓ 7-зонова двойна микропокет система Това са индивидуално пакетирани пружинки с компактен размер, които са еластични и тялото и създават усещане за деликатна опора. Минималното съпротивление при движение прави системата високоергономична. ✓ Пружинен покет пакет с двоен укрепващ механизъм Добавихме и 2 укрепващи шанги за още по-голяма поддръжка. ✓ Профилирана HR пяна Пяната е високоеластична и е с отлична ергономичност. Осигурява изключителна опора и е подходяща за създаване на зони с различна степен на твърдост, отговарящи на спецификите на човешкото тяло, за равномерно разпределение на тежестта, максимална стабилност и добра анатомичност. ✓ Вътрешен калъф с цип Калъфът в съставен от 100% памук. ✓ Калъф с цип Усетете нежния допир на Текстил Tencel, обогатен с влакна лиосел с естествени антибактериални и температурорегулиращи свойства. За кого е подходящ пружинен матрак Nuvola? Луксозен двулицев матрак Nuvola е предпочитан избор на хора, които държат на качеството, красивия дизайн и иновациите. Наслади се на спокойствието, което ти гарантира този премиум матрак с 15 годишната си гаранция.",Матраци,1,1010.31,757.73,100,https://cdncloudcart.com/28510/products/images/1593/luksozen-matrak-nuvola-6370a1e1f2863_1280x1280.png?1668325877|https://cdncloudcart.com/28510/products/images/1593/luksozen-matrak-nuvola-63709be92a037_1280x1280.png?1668325862|https://cdncloudcart.com/28510/products/images/1593/luksozen-matrak-nuvola-63709bca618fe_1920x1920.jpeg?1668325862|https://cdncloudcart.com/28510/products/images/1593/luksozen-matrak-nuvola-63709bcb4fcd4_1920x1920.jpeg?1668325862|https://cdncloudcart.com/28510/products/images/1593/luksozen-matrak-nuvola-63709be9a1cf4_1280x1280.png?1668325862
22019613-1-164-/-190,"Луксозен матрак NUVOLA, двулицев - 164 / 190","NUVOLA - предпочитан модел за първокласна почивка Започни деня с усмивка и енергия, готов да преодолееш всяко предизвикателство. Водещите акценти при създаването на този модел бяха ексклузивният комфорт, изявената индивидуалност и съвършената поддръжка. Следвайки ги устремено, се роди Премиум матрак Nuvola - продукт от луксозен TED клас, перфектно съчетание на оптимална ортопедична опора, балансиран комфорт и впечатляваща модерна визия. Мечта за всеки дом. С какво е по-различен този изящен двулицев матрак? Премиум двулицев матрак Nuvola е разработен с внимание към детайла, за да предложи усещане за истински лукс. Със своя двустранен комфорт, средно мек и умерено твърд, той ще поднесе усещане, за което само си си мечтал. Компактният размер и по-голяма дебелина на телта на микро покет пружините от едната страна, създават по-твърдото усещане на повърхността. Многопластовият комфорт се допълва от слоеве профилирана високоеластична (HR) пяна, позната със своята отлична ергономичност. Този продукт е от висок клас и е с интегрирана Duo Adapt система от двоен 7-зонов микропокет с две страни на комфорт &ndash; лятна и зимна. Позволява наслагване на опорни точки подобно на многослойните скандинавски системи за сън, което прави поддръжката още по-адаптивна и реагираща на натиск. Конструкцията е изключително стабилна и е допълнително подсилена по периферията, за да гарантира безкомпромисна здравина и дълъг живот. Красивата визия е наша запазена марка. Постигнахме я като завършихме матрака с елегантен калъф с цип от нежен на допир текстил. Той е обогатен с влакна лиосел, които са с естествени антибактериални и температуро-регулиращи свойства. Матракът предлага летен и зимен комфорт. Ето как постигнахме тази истинска иновация при матраците: ✓ 7-зонова двойна микропокет система Това са индивидуално пакетирани пружинки с компактен размер, които са еластични и тялото и създават усещане за деликатна опора. Минималното съпротивление при движение прави системата високоергономична. ✓ Пружинен покет пакет с двоен укрепващ механизъм Добавихме и 2 укрепващи шанги за още по-голяма поддръжка. ✓ Профилирана HR пяна Пяната е високоеластична и е с отлична ергономичност. Осигурява изключителна опора и е подходяща за създаване на зони с различна степен на твърдост, отговарящи на спецификите на човешкото тяло, за равномерно разпределение на тежестта, максимална стабилност и добра анатомичност. ✓ Вътрешен калъф с цип Калъфът в съставен от 100% памук. ✓ Калъф с цип Усетете нежния допир на Текстил Tencel, обогатен с влакна лиосел с естествени антибактериални и температурорегулиращи свойства. За кого е подходящ пружинен матрак Nuvola? Луксозен двулицев матрак Nuvola е предпочитан избор на хора, които държат на качеството, красивия дизайн и иновациите. Наслади се на спокойствието, което ти гарантира този премиум матрак с 15 годишната си гаранция.",Матраци,1,994.97,746.23,100,https://cdncloudcart.com/28510/products/images/1593/luksozen-matrak-nuvola-6370a1e1f2863_1280x1280.png?1668325877|https://cdncloudcart.com/28510/products/images/1593/luksozen-matrak-nuvola-63709be92a037_1280x1280.png?1668325862|https://cdncloudcart.com/28510/products/images/1593/luksozen-matrak-nuvola-63709bca618fe_1920x1920.jpeg?1668325862|https://cdncloudcart.com/28510/products/images/1593/luksozen-matrak-nuvola-63709bcb4fcd4_1920x1920.jpeg?1668325862|https://cdncloudcart.com/28510/products/images/1593/luksozen-matrak-nuvola-63709be9a1cf4_1280x1280.png?1668325862
22019613-1-164-/-200,"Луксозен матрак NUVOLA, двулицев - 164 / 200","NUVOLA - предпочитан модел за първокласна почивка Започни деня с усмивка и енергия, готов да преодолееш всяко предизвикателство. Водещите акценти при създаването на този модел бяха ексклузивният комфорт, изявената индивидуалност и съвършената поддръжка. Следвайки ги устремено, се роди Премиум матрак Nuvola - продукт от луксозен TED клас, перфектно съчетание на оптимална ортопедична опора, балансиран комфорт и впечатляваща модерна визия. Мечта за всеки дом. С какво е по-различен този изящен двулицев матрак? Премиум двулицев матрак Nuvola е разработен с внимание към детайла, за да предложи усещане за истински лукс. Със своя двустранен комфорт, средно мек и умерено твърд, той ще поднесе усещане, за което само си си мечтал. Компактният размер и по-голяма дебелина на телта на микро покет пружините от едната страна, създават по-твърдото усещане на повърхността. Многопластовият комфорт се допълва от слоеве профилирана високоеластична (HR) пяна, позната със своята отлична ергономичност. Този продукт е от висок клас и е с интегрирана Duo Adapt система от двоен 7-зонов микропокет с две страни на комфорт &ndash; лятна и зимна. Позволява наслагване на опорни точки подобно на многослойните скандинавски системи за сън, което прави поддръжката още по-адаптивна и реагираща на натиск. Конструкцията е изключително стабилна и е допълнително подсилена по периферията, за да гарантира безкомпромисна здравина и дълъг живот. Красивата визия е наша запазена марка. Постигнахме я като завършихме матрака с елегантен калъф с цип от нежен на допир текстил. Той е обогатен с влакна лиосел, които са с естествени антибактериални и температуро-регулиращи свойства. Матракът предлага летен и зимен комфорт. Ето как постигнахме тази истинска иновация при матраците: ✓ 7-зонова двойна микропокет система Това са индивидуално пакетирани пружинки с компактен размер, които са еластични и тялото и създават усещане за деликатна опора. Минималното съпротивление при движение прави системата високоергономична. ✓ Пружинен покет пакет с двоен укрепващ механизъм Добавихме и 2 укрепващи шанги за още по-голяма поддръжка. ✓ Профилирана HR пяна Пяната е високоеластична и е с отлична ергономичност. Осигурява изключителна опора и е подходяща за създаване на зони с различна степен на твърдост, отговарящи на спецификите на човешкото тяло, за равномерно разпределение на тежестта, максимална стабилност и добра анатомичност. ✓ Вътрешен калъф с цип Калъфът в съставен от 100% памук. ✓ Калъф с цип Усетете нежния допир на Текстил Tencel, обогатен с влакна лиосел с естествени антибактериални и температурорегулиращи свойства. За кого е подходящ пружинен матрак Nuvola? Луксозен двулицев матрак Nuvola е предпочитан избор на хора, които държат на качеството, красивия дизайн и иновациите. Наслади се на спокойствието, което ти гарантира този премиум матрак с 15 годишната си гаранция.",Матраци,1,1039.97,779.98,100,https://cdncloudcart.com/28510/products/images/1593/luksozen-matrak-nuvola-6370a1e1f2863_1280x1280.png?1668325877|https://cdncloudcart.com/28510/products/images/1593/luksozen-matrak-nuvola-63709be92a037_1280x1280.png?1668325862|https://cdncloudcart.com/28510/products/images/1593/luksozen-matrak-nuvola-63709bca618fe_1920x1920.jpeg?1668325862|https://cdncloudcart.com/28510/products/images/1593/luksozen-matrak-nuvola-63709bcb4fcd4_1920x1920.jpeg?1668325862|https://cdncloudcart.com/28510/products/images/1593/luksozen-matrak-nuvola-63709be9a1cf4_1280x1280.png?1668325862
22019613-1-180-/-200,"Луксозен матрак NUVOLA, двулицев - 180 / 200","NUVOLA - предпочитан модел за първокласна почивка Започни деня с усмивка и енергия, готов да преодолееш всяко предизвикателство. Водещите акценти при създаването на този модел бяха ексклузивният комфорт, изявената индивидуалност и съвършената поддръжка. Следвайки ги устремено, се роди Премиум матрак Nuvola - продукт от луксозен TED клас, перфектно съчетание на оптимална ортопедична опора, балансиран комфорт и впечатляваща модерна визия. Мечта за всеки дом. С какво е по-различен този изящен двулицев матрак? Премиум двулицев матрак Nuvola е разработен с внимание към детайла, за да предложи усещане за истински лукс. Със своя двустранен комфорт, средно мек и умерено твърд, той ще поднесе усещане, за което само си си мечтал. Компактният размер и по-голяма дебелина на телта на микро покет пружините от едната страна, създават по-твърдото усещане на повърхността. Многопластовият комфорт се допълва от слоеве профилирана високоеластична (HR) пяна, позната със своята отлична ергономичност. Този продукт е от висок клас и е с интегрирана Duo Adapt система от двоен 7-зонов микропокет с две страни на комфорт &ndash; лятна и зимна. Позволява наслагване на опорни точки подобно на многослойните скандинавски системи за сън, което прави поддръжката още по-адаптивна и реагираща на натиск. Конструкцията е изключително стабилна и е допълнително подсилена по периферията, за да гарантира безкомпромисна здравина и дълъг живот. Красивата визия е наша запазена марка. Постигнахме я като завършихме матрака с елегантен калъф с цип от нежен на допир текстил. Той е обогатен с влакна лиосел, които са с естествени антибактериални и температуро-регулиращи свойства. Матракът предлага летен и зимен комфорт. Ето как постигнахме тази истинска иновация при матраците: ✓ 7-зонова двойна микропокет система Това са индивидуално пакетирани пружинки с компактен размер, които са еластични и тялото и създават усещане за деликатна опора. Минималното съпротивление при движение прави системата високоергономична. ✓ Пружинен покет пакет с двоен укрепващ механизъм Добавихме и 2 укрепващи шанги за още по-голяма поддръжка. ✓ Профилирана HR пяна Пяната е високоеластична и е с отлична ергономичност. Осигурява изключителна опора и е подходяща за създаване на зони с различна степен на твърдост, отговарящи на спецификите на човешкото тяло, за равномерно разпределение на тежестта, максимална стабилност и добра анатомичност. ✓ Вътрешен калъф с цип Калъфът в съставен от 100% памук. ✓ Калъф с цип Усетете нежния допир на Текстил Tencel, обогатен с влакна лиосел с естествени антибактериални и температурорегулиращи свойства. За кого е подходящ пружинен матрак Nuvola? Луксозен двулицев матрак Nuvola е предпочитан избор на хора, които държат на качеството, красивия дизайн и иновациите. Наслади се на спокойствието, което ти гарантира този премиум матрак с 15 годишната си гаранция.",Матраци,1,1077.80,808.35,100,https://cdncloudcart.com/28510/products/images/1593/luksozen-matrak-nuvola-6370a1e1f2863_1280x1280.png?1668325877|https://cdncloudcart.com/28510/products/images/1593/luksozen-matrak-nuvola-63709be92a037_1280x1280.png?1668325862|https://cdncloudcart.com/28510/products/images/1593/luksozen-matrak-nuvola-63709bca618fe_1920x1920.jpeg?1668325862|https://cdncloudcart.com/28510/products/images/1593/luksozen-matrak-nuvola-63709bcb4fcd4_1920x1920.jpeg?1668325862|https://cdncloudcart.com/28510/products/images/1593/luksozen-matrak-nuvola-63709be9a1cf4_1280x1280.png?1668325862
23009275-1-90-/-200,"Матрак AMBER MYSTIQUE, двулицев - 90 / 200","Добра енергия, добър сън Позволи ни да те събудим с усмивка! Двулицев матрак Amber Mystique е твоят най-добър приятел срещу стреса. Чудиш ли се защо е така? Матраците от колекция Amber са уникални продукти за сън. Основното ядро на матрак Amber Mystique е изработено от пяна с висока плътност и твърдост, гарантира правилната опора на тялото във всяка поза на сън, без да ограничава свободата му на движение, предоставя здравословна, ортопедична и равномерна опора, която поддържа гръбнака в правилна позиция по време на сън. По този начин облекчава дискомфорта в раменете, кръста и краката и осигурява всичко необходимо за вашия възстановителен сън! Повърхностният слой на ергономичният матрак Amber Mystique е от HR Cloud Soft пяна, която осигурява неповторим комфорт като прецизно се адаптира по контурите на тялото, без усещане за потъване и пропадане. Този устойчив, но същевременно фин слой, създава ефирно и меко обгръщане, което не предизвиква болки в кръста. Еластичната мекота допринася за безупречния комфорт и същевременно подобрява кръвообращението по време на сън. Създадохме Amber Mystique - ергономичен матрак с изразени две страни на комфорт: ортопедично твърда и еластично мека. Изцяло изработен от високоеластични, премиум HR пяни, моделът успешно съчетава и балансира между ортопедичното усещане за поддръжка при покет матраците и изразения комфорт на матраците от пяна. HR пяната се характеризира с висока устойчивост, плътност и отлична еластичност, което прави моделът едновременно комфортен и неподатлив на деформации, изключително подходящ за хора с по-високо наднормено тегло. Защото балансът е в основата на комфортния и пълноценен сън! Наслади се на балансирана комбинация от: ✓ Премиум HR пяна Умерената твърдост гарантира правилната опора на тялото, облекчава дискомфорта в раменете, кръста и краката. ✓ HR Cloud Soft пяна Предлага ефирно и меко обгръщане, без усещане за потъване и пропадане. ✓ Clima Support 3D дишаща мрежа Позволява отлична вентилация на матрака и предотвратява появата на акари и плесен, за една чиста среда на сън. За кого е подходящ матрак Amber Mystique? Двулицев матрак Amber Mystique е чудесен избор за хора, с по-високо наднормено тегло, тъй като HR пяната е с висока устойчивост, плътност и отлична еластичност, което прави моделът едновременно комфортен и устойчив на деформации. Произведен в България продукт от специална TED колекция &ndash; Amber с 8 години гаранция, идва до вратата ти ролиран и в страхотна опаковка.",Матраци,1,584.41,438.31,100,https://cdncloudcart.com/28510/products/images/1595/matrak-amber-mystique-6370a29aa065e_1280x1280.png?1668326099|https://cdncloudcart.com/28510/products/images/1595/matrak-amber-mystique-6370a29b4781c_1280x1280.png?1668326071|https://cdncloudcart.com/28510/products/images/1595/matrak-amber-mystique-6370a2979bfb2_800x800.jpeg?1668326052|https://cdncloudcart.com/28510/products/images/1595/matrak-amber-mystique-6370a298923b1_800x800.png?1668326062|https://cdncloudcart.com/28510/products/images/1595/matrak-amber-mystique-6370a299bfc6c_1280x1280.png?1668326086|https://cdncloudcart.com/28510/products/images/1595/matrak-amber-mystique-6370a29c245f6_1280x1280.png?1668326110|https://cdncloudcart.com/28510/products/images/1595/matrak-amber-mystique-6370a29d31bf6_1280x1280.png?1668326119
23009275-1-100-/-200,"Матрак AMBER MYSTIQUE, двулицев - 100 / 200","Добра енергия, добър сън Позволи ни да те събудим с усмивка! Двулицев матрак Amber Mystique е твоят най-добър приятел срещу стреса. Чудиш ли се защо е така? Матраците от колекция Amber са уникални продукти за сън. Основното ядро на матрак Amber Mystique е изработено от пяна с висока плътност и твърдост, гарантира правилната опора на тялото във всяка поза на сън, без да ограничава свободата му на движение, предоставя здравословна, ортопедична и равномерна опора, която поддържа гръбнака в правилна позиция по време на сън. По този начин облекчава дискомфорта в раменете, кръста и краката и осигурява всичко необходимо за вашия възстановителен сън! Повърхностният слой на ергономичният матрак Amber Mystique е от HR Cloud Soft пяна, която осигурява неповторим комфорт като прецизно се адаптира по контурите на тялото, без усещане за потъване и пропадане. Този устойчив, но същевременно фин слой, създава ефирно и меко обгръщане, което не предизвиква болки в кръста. Еластичната мекота допринася за безупречния комфорт и същевременно подобрява кръвообращението по време на сън. Създадохме Amber Mystique - ергономичен матрак с изразени две страни на комфорт: ортопедично твърда и еластично мека. Изцяло изработен от високоеластични, премиум HR пяни, моделът успешно съчетава и балансира между ортопедичното усещане за поддръжка при покет матраците и изразения комфорт на матраците от пяна. HR пяната се характеризира с висока устойчивост, плътност и отлична еластичност, което прави моделът едновременно комфортен и неподатлив на деформации, изключително подходящ за хора с по-високо наднормено тегло. Защото балансът е в основата на комфортния и пълноценен сън! Наслади се на балансирана комбинация от: ✓ Премиум HR пяна Умерената твърдост гарантира правилната опора на тялото, облекчава дискомфорта в раменете, кръста и краката. ✓ HR Cloud Soft пяна Предлага ефирно и меко обгръщане, без усещане за потъване и пропадане. ✓ Clima Support 3D дишаща мрежа Позволява отлична вентилация на матрака и предотвратява появата на акари и плесен, за една чиста среда на сън. За кого е подходящ матрак Amber Mystique? Двулицев матрак Amber Mystique е чудесен избор за хора, с по-високо наднормено тегло, тъй като HR пяната е с висока устойчивост, плътност и отлична еластичност, което прави моделът едновременно комфортен и устойчив на деформации. Произведен в България продукт от специална TED колекция &ndash; Amber с 8 години гаранция, идва до вратата ти ролиран и в страхотна опаковка.",Матраци,1,668.26,501.19,100,https://cdncloudcart.com/28510/products/images/1595/matrak-amber-mystique-6370a29aa065e_1280x1280.png?1668326099|https://cdncloudcart.com/28510/products/images/1595/matrak-amber-mystique-6370a29b4781c_1280x1280.png?1668326071|https://cdncloudcart.com/28510/products/images/1595/matrak-amber-mystique-6370a2979bfb2_800x800.jpeg?1668326052|https://cdncloudcart.com/28510/products/images/1595/matrak-amber-mystique-6370a298923b1_800x800.png?1668326062|https://cdncloudcart.com/28510/products/images/1595/matrak-amber-mystique-6370a299bfc6c_1280x1280.png?1668326086|https://cdncloudcart.com/28510/products/images/1595/matrak-amber-mystique-6370a29c245f6_1280x1280.png?1668326110|https://cdncloudcart.com/28510/products/images/1595/matrak-amber-mystique-6370a29d31bf6_1280x1280.png?1668326119
23009275-1-120-/-200,"Матрак AMBER MYSTIQUE, двулицев - 120 / 200","Добра енергия, добър сън Позволи ни да те събудим с усмивка! Двулицев матрак Amber Mystique е твоят най-добър приятел срещу стреса. Чудиш ли се защо е така? Матраците от колекция Amber са уникални продукти за сън. Основното ядро на матрак Amber Mystique е изработено от пяна с висока плътност и твърдост, гарантира правилната опора на тялото във всяка поза на сън, без да ограничава свободата му на движение, предоставя здравословна, ортопедична и равномерна опора, която поддържа гръбнака в правилна позиция по време на сън. По този начин облекчава дискомфорта в раменете, кръста и краката и осигурява всичко необходимо за вашия възстановителен сън! Повърхностният слой на ергономичният матрак Amber Mystique е от HR Cloud Soft пяна, която осигурява неповторим комфорт като прецизно се адаптира по контурите на тялото, без усещане за потъване и пропадане. Този устойчив, но същевременно фин слой, създава ефирно и меко обгръщане, което не предизвиква болки в кръста. Еластичната мекота допринася за безупречния комфорт и същевременно подобрява кръвообращението по време на сън. Създадохме Amber Mystique - ергономичен матрак с изразени две страни на комфорт: ортопедично твърда и еластично мека. Изцяло изработен от високоеластични, премиум HR пяни, моделът успешно съчетава и балансира между ортопедичното усещане за поддръжка при покет матраците и изразения комфорт на матраците от пяна. HR пяната се характеризира с висока устойчивост, плътност и отлична еластичност, което прави моделът едновременно комфортен и неподатлив на деформации, изключително подходящ за хора с по-високо наднормено тегло. Защото балансът е в основата на комфортния и пълноценен сън! Наслади се на балансирана комбинация от: ✓ Премиум HR пяна Умерената твърдост гарантира правилната опора на тялото, облекчава дискомфорта в раменете, кръста и краката. ✓ HR Cloud Soft пяна Предлага ефирно и меко обгръщане, без усещане за потъване и пропадане. ✓ Clima Support 3D дишаща мрежа Позволява отлична вентилация на матрака и предотвратява появата на акари и плесен, за една чиста среда на сън. За кого е подходящ матрак Amber Mystique? Двулицев матрак Amber Mystique е чудесен избор за хора, с по-високо наднормено тегло, тъй като HR пяната е с висока устойчивост, плътност и отлична еластичност, което прави моделът едновременно комфортен и устойчив на деформации. Произведен в България продукт от специална TED колекция &ndash; Amber с 8 години гаранция, идва до вратата ти ролиран и в страхотна опаковка.",Матраци,1,780.74,585.56,100,https://cdncloudcart.com/28510/products/images/1595/matrak-amber-mystique-6370a29aa065e_1280x1280.png?1668326099|https://cdncloudcart.com/28510/products/images/1595/matrak-amber-mystique-6370a29b4781c_1280x1280.png?1668326071|https://cdncloudcart.com/28510/products/images/1595/matrak-amber-mystique-6370a2979bfb2_800x800.jpeg?1668326052|https://cdncloudcart.com/28510/products/images/1595/matrak-amber-mystique-6370a298923b1_800x800.png?1668326062|https://cdncloudcart.com/28510/products/images/1595/matrak-amber-mystique-6370a299bfc6c_1280x1280.png?1668326086|https://cdncloudcart.com/28510/products/images/1595/matrak-amber-mystique-6370a29c245f6_1280x1280.png?1668326110|https://cdncloudcart.com/28510/products/images/1595/matrak-amber-mystique-6370a29d31bf6_1280x1280.png?1668326119
23009275-1-140-/-200,"Матрак AMBER MYSTIQUE, двулицев - 140 / 200","Добра енергия, добър сън Позволи ни да те събудим с усмивка! Двулицев матрак Amber Mystique е твоят най-добър приятел срещу стреса. Чудиш ли се защо е така? Матраците от колекция Amber са уникални продукти за сън. Основното ядро на матрак Amber Mystique е изработено от пяна с висока плътност и твърдост, гарантира правилната опора на тялото във всяка поза на сън, без да ограничава свободата му на движение, предоставя здравословна, ортопедична и равномерна опора, която поддържа гръбнака в правилна позиция по време на сън. По този начин облекчава дискомфорта в раменете, кръста и краката и осигурява всичко необходимо за вашия възстановителен сън! Повърхностният слой на ергономичният матрак Amber Mystique е от HR Cloud Soft пяна, която осигурява неповторим комфорт като прецизно се адаптира по контурите на тялото, без усещане за потъване и пропадане. Този устойчив, но същевременно фин слой, създава ефирно и меко обгръщане, което не предизвиква болки в кръста. Еластичната мекота допринася за безупречния комфорт и същевременно подобрява кръвообращението по време на сън. Създадохме Amber Mystique - ергономичен матрак с изразени две страни на комфорт: ортопедично твърда и еластично мека. Изцяло изработен от високоеластични, премиум HR пяни, моделът успешно съчетава и балансира между ортопедичното усещане за поддръжка при покет матраците и изразения комфорт на матраците от пяна. HR пяната се характеризира с висока устойчивост, плътност и отлична еластичност, което прави моделът едновременно комфортен и неподатлив на деформации, изключително подходящ за хора с по-високо наднормено тегло. Защото балансът е в основата на комфортния и пълноценен сън! Наслади се на балансирана комбинация от: ✓ Премиум HR пяна Умерената твърдост гарантира правилната опора на тялото, облекчава дискомфорта в раменете, кръста и краката. ✓ HR Cloud Soft пяна Предлага ефирно и меко обгръщане, без усещане за потъване и пропадане. ✓ Clima Support 3D дишаща мрежа Позволява отлична вентилация на матрака и предотвратява появата на акари и плесен, за една чиста среда на сън. За кого е подходящ матрак Amber Mystique? Двулицев матрак Amber Mystique е чудесен избор за хора, с по-високо наднормено тегло, тъй като HR пяната е с висока устойчивост, плътност и отлична еластичност, което прави моделът едновременно комфортен и устойчив на деформации. Произведен в България продукт от специална TED колекция &ndash; Amber с 8 години гаранция, идва до вратата ти ролиран и в страхотна опаковка.",Матраци,1,863.57,647.68,100,https://cdncloudcart.com/28510/products/images/1595/matrak-amber-mystique-6370a29aa065e_1280x1280.png?1668326099|https://cdncloudcart.com/28510/products/images/1595/matrak-amber-mystique-6370a29b4781c_1280x1280.png?1668326071|https://cdncloudcart.com/28510/products/images/1595/matrak-amber-mystique-6370a2979bfb2_800x800.jpeg?1668326052|https://cdncloudcart.com/28510/products/images/1595/matrak-amber-mystique-6370a298923b1_800x800.png?1668326062|https://cdncloudcart.com/28510/products/images/1595/matrak-amber-mystique-6370a299bfc6c_1280x1280.png?1668326086|https://cdncloudcart.com/28510/products/images/1595/matrak-amber-mystique-6370a29c245f6_1280x1280.png?1668326110|https://cdncloudcart.com/28510/products/images/1595/matrak-amber-mystique-6370a29d31bf6_1280x1280.png?1668326119
23009275-1-144-/-190,"Матрак AMBER MYSTIQUE, двулицев - 144 / 190","Добра енергия, добър сън Позволи ни да те събудим с усмивка! Двулицев матрак Amber Mystique е твоят най-добър приятел срещу стреса. Чудиш ли се защо е така? Матраците от колекция Amber са уникални продукти за сън. Основното ядро на матрак Amber Mystique е изработено от пяна с висока плътност и твърдост, гарантира правилната опора на тялото във всяка поза на сън, без да ограничава свободата му на движение, предоставя здравословна, ортопедична и равномерна опора, която поддържа гръбнака в правилна позиция по време на сън. По този начин облекчава дискомфорта в раменете, кръста и краката и осигурява всичко необходимо за вашия възстановителен сън! Повърхностният слой на ергономичният матрак Amber Mystique е от HR Cloud Soft пяна, която осигурява неповторим комфорт като прецизно се адаптира по контурите на тялото, без усещане за потъване и пропадане. Този устойчив, но същевременно фин слой, създава ефирно и меко обгръщане, което не предизвиква болки в кръста. Еластичната мекота допринася за безупречния комфорт и същевременно подобрява кръвообращението по време на сън. Създадохме Amber Mystique - ергономичен матрак с изразени две страни на комфорт: ортопедично твърда и еластично мека. Изцяло изработен от високоеластични, премиум HR пяни, моделът успешно съчетава и балансира между ортопедичното усещане за поддръжка при покет матраците и изразения комфорт на матраците от пяна. HR пяната се характеризира с висока устойчивост, плътност и отлична еластичност, което прави моделът едновременно комфортен и неподатлив на деформации, изключително подходящ за хора с по-високо наднормено тегло. Защото балансът е в основата на комфортния и пълноценен сън! Наслади се на балансирана комбинация от: ✓ Премиум HR пяна Умерената твърдост гарантира правилната опора на тялото, облекчава дискомфорта в раменете, кръста и краката. ✓ HR Cloud Soft пяна Предлага ефирно и меко обгръщане, без усещане за потъване и пропадане. ✓ Clima Support 3D дишаща мрежа Позволява отлична вентилация на матрака и предотвратява появата на акари и плесен, за една чиста среда на сън. За кого е подходящ матрак Amber Mystique? Двулицев матрак Amber Mystique е чудесен избор за хора, с по-високо наднормено тегло, тъй като HR пяната е с висока устойчивост, плътност и отлична еластичност, което прави моделът едновременно комфортен и устойчив на деформации. Произведен в България продукт от специална TED колекция &ndash; Amber с 8 години гаранция, идва до вратата ти ролиран и в страхотна опаковка.",Матраци,1,866.13,649.60,100,https://cdncloudcart.com/28510/products/images/1595/matrak-amber-mystique-6370a29aa065e_1280x1280.png?1668326099|https://cdncloudcart.com/28510/products/images/1595/matrak-amber-mystique-6370a29b4781c_1280x1280.png?1668326071|https://cdncloudcart.com/28510/products/images/1595/matrak-amber-mystique-6370a2979bfb2_800x800.jpeg?1668326052|https://cdncloudcart.com/28510/products/images/1595/matrak-amber-mystique-6370a298923b1_800x800.png?1668326062|https://cdncloudcart.com/28510/products/images/1595/matrak-amber-mystique-6370a299bfc6c_1280x1280.png?1668326086|https://cdncloudcart.com/28510/products/images/1595/matrak-amber-mystique-6370a29c245f6_1280x1280.png?1668326110|https://cdncloudcart.com/28510/products/images/1595/matrak-amber-mystique-6370a29d31bf6_1280x1280.png?1668326119
23009275-1-160-/-200,"Матрак AMBER MYSTIQUE, двулицев - 160 / 200","Добра енергия, добър сън Позволи ни да те събудим с усмивка! Двулицев матрак Amber Mystique е твоят най-добър приятел срещу стреса. Чудиш ли се защо е така? Матраците от колекция Amber са уникални продукти за сън. Основното ядро на матрак Amber Mystique е изработено от пяна с висока плътност и твърдост, гарантира правилната опора на тялото във всяка поза на сън, без да ограничава свободата му на движение, предоставя здравословна, ортопедична и равномерна опора, която поддържа гръбнака в правилна позиция по време на сън. По този начин облекчава дискомфорта в раменете, кръста и краката и осигурява всичко необходимо за вашия възстановителен сън! Повърхностният слой на ергономичният матрак Amber Mystique е от HR Cloud Soft пяна, която осигурява неповторим комфорт като прецизно се адаптира по контурите на тялото, без усещане за потъване и пропадане. Този устойчив, но същевременно фин слой, създава ефирно и меко обгръщане, което не предизвиква болки в кръста. Еластичната мекота допринася за безупречния комфорт и същевременно подобрява кръвообращението по време на сън. Създадохме Amber Mystique - ергономичен матрак с изразени две страни на комфорт: ортопедично твърда и еластично мека. Изцяло изработен от високоеластични, премиум HR пяни, моделът успешно съчетава и балансира между ортопедичното усещане за поддръжка при покет матраците и изразения комфорт на матраците от пяна. HR пяната се характеризира с висока устойчивост, плътност и отлична еластичност, което прави моделът едновременно комфортен и неподатлив на деформации, изключително подходящ за хора с по-високо наднормено тегло. Защото балансът е в основата на комфортния и пълноценен сън! Наслади се на балансирана комбинация от: ✓ Премиум HR пяна Умерената твърдост гарантира правилната опора на тялото, облекчава дискомфорта в раменете, кръста и краката. ✓ HR Cloud Soft пяна Предлага ефирно и меко обгръщане, без усещане за потъване и пропадане. ✓ Clima Support 3D дишаща мрежа Позволява отлична вентилация на матрака и предотвратява появата на акари и плесен, за една чиста среда на сън. За кого е подходящ матрак Amber Mystique? Двулицев матрак Amber Mystique е чудесен избор за хора, с по-високо наднормено тегло, тъй като HR пяната е с висока устойчивост, плътност и отлична еластичност, което прави моделът едновременно комфортен и устойчив на деформации. Произведен в България продукт от специална TED колекция &ndash; Amber с 8 години гаранция, идва до вратата ти ролиран и в страхотна опаковка.",Матраци,1,935.15,701.36,100,https://cdncloudcart.com/28510/products/images/1595/matrak-amber-mystique-6370a29aa065e_1280x1280.png?1668326099|https://cdncloudcart.com/28510/products/images/1595/matrak-amber-mystique-6370a29b4781c_1280x1280.png?1668326071|https://cdncloudcart.com/28510/products/images/1595/matrak-amber-mystique-6370a2979bfb2_800x800.jpeg?1668326052|https://cdncloudcart.com/28510/products/images/1595/matrak-amber-mystique-6370a298923b1_800x800.png?1668326062|https://cdncloudcart.com/28510/products/images/1595/matrak-amber-mystique-6370a299bfc6c_1280x1280.png?1668326086|https://cdncloudcart.com/28510/products/images/1595/matrak-amber-mystique-6370a29c245f6_1280x1280.png?1668326110|https://cdncloudcart.com/28510/products/images/1595/matrak-amber-mystique-6370a29d31bf6_1280x1280.png?1668326119
23009275-1-164-/-190,"Матрак AMBER MYSTIQUE, двулицев - 164 / 190","Добра енергия, добър сън Позволи ни да те събудим с усмивка! Двулицев матрак Amber Mystique е твоят най-добър приятел срещу стреса. Чудиш ли се защо е така? Матраците от колекция Amber са уникални продукти за сън. Основното ядро на матрак Amber Mystique е изработено от пяна с висока плътност и твърдост, гарантира правилната опора на тялото във всяка поза на сън, без да ограничава свободата му на движение, предоставя здравословна, ортопедична и равномерна опора, която поддържа гръбнака в правилна позиция по време на сън. По този начин облекчава дискомфорта в раменете, кръста и краката и осигурява всичко необходимо за вашия възстановителен сън! Повърхностният слой на ергономичният матрак Amber Mystique е от HR Cloud Soft пяна, която осигурява неповторим комфорт като прецизно се адаптира по контурите на тялото, без усещане за потъване и пропадане. Този устойчив, но същевременно фин слой, създава ефирно и меко обгръщане, което не предизвиква болки в кръста. Еластичната мекота допринася за безупречния комфорт и същевременно подобрява кръвообращението по време на сън. Създадохме Amber Mystique - ергономичен матрак с изразени две страни на комфорт: ортопедично твърда и еластично мека. Изцяло изработен от високоеластични, премиум HR пяни, моделът успешно съчетава и балансира между ортопедичното усещане за поддръжка при покет матраците и изразения комфорт на матраците от пяна. HR пяната се характеризира с висока устойчивост, плътност и отлична еластичност, което прави моделът едновременно комфортен и неподатлив на деформации, изключително подходящ за хора с по-високо наднормено тегло. Защото балансът е в основата на комфортния и пълноценен сън! Наслади се на балансирана комбинация от: ✓ Премиум HR пяна Умерената твърдост гарантира правилната опора на тялото, облекчава дискомфорта в раменете, кръста и краката. ✓ HR Cloud Soft пяна Предлага ефирно и меко обгръщане, без усещане за потъване и пропадане. ✓ Clima Support 3D дишаща мрежа Позволява отлична вентилация на матрака и предотвратява появата на акари и плесен, за една чиста среда на сън. За кого е подходящ матрак Amber Mystique? Двулицев матрак Amber Mystique е чудесен избор за хора, с по-високо наднормено тегло, тъй като HR пяната е с висока устойчивост, плътност и отлична еластичност, което прави моделът едновременно комфортен и устойчив на деформации. Произведен в България продукт от специална TED колекция &ndash; Amber с 8 години гаранция, идва до вратата ти ролиран и в страхотна опаковка.",Матраци,1,940.78,705.59,100,https://cdncloudcart.com/28510/products/images/1595/matrak-amber-mystique-6370a29aa065e_1280x1280.png?1668326099|https://cdncloudcart.com/28510/products/images/1595/matrak-amber-mystique-6370a29b4781c_1280x1280.png?1668326071|https://cdncloudcart.com/28510/products/images/1595/matrak-amber-mystique-6370a2979bfb2_800x800.jpeg?1668326052|https://cdncloudcart.com/28510/products/images/1595/matrak-amber-mystique-6370a298923b1_800x800.png?1668326062|https://cdncloudcart.com/28510/products/images/1595/matrak-amber-mystique-6370a299bfc6c_1280x1280.png?1668326086|https://cdncloudcart.com/28510/products/images/1595/matrak-amber-mystique-6370a29c245f6_1280x1280.png?1668326110|https://cdncloudcart.com/28510/products/images/1595/matrak-amber-mystique-6370a29d31bf6_1280x1280.png?1668326119
23009275-1-180-/-200,"Матрак AMBER MYSTIQUE, двулицев - 180 / 200","Добра енергия, добър сън Позволи ни да те събудим с усмивка! Двулицев матрак Amber Mystique е твоят най-добър приятел срещу стреса. Чудиш ли се защо е така? Матраците от колекция Amber са уникални продукти за сън. Основното ядро на матрак Amber Mystique е изработено от пяна с висока плътност и твърдост, гарантира правилната опора на тялото във всяка поза на сън, без да ограничава свободата му на движение, предоставя здравословна, ортопедична и равномерна опора, която поддържа гръбнака в правилна позиция по време на сън. По този начин облекчава дискомфорта в раменете, кръста и краката и осигурява всичко необходимо за вашия възстановителен сън! Повърхностният слой на ергономичният матрак Amber Mystique е от HR Cloud Soft пяна, която осигурява неповторим комфорт като прецизно се адаптира по контурите на тялото, без усещане за потъване и пропадане. Този устойчив, но същевременно фин слой, създава ефирно и меко обгръщане, което не предизвиква болки в кръста. Еластичната мекота допринася за безупречния комфорт и същевременно подобрява кръвообращението по време на сън. Създадохме Amber Mystique - ергономичен матрак с изразени две страни на комфорт: ортопедично твърда и еластично мека. Изцяло изработен от високоеластични, премиум HR пяни, моделът успешно съчетава и балансира между ортопедичното усещане за поддръжка при покет матраците и изразения комфорт на матраците от пяна. HR пяната се характеризира с висока устойчивост, плътност и отлична еластичност, което прави моделът едновременно комфортен и неподатлив на деформации, изключително подходящ за хора с по-високо наднормено тегло. Защото балансът е в основата на комфортния и пълноценен сън! Наслади се на балансирана комбинация от: ✓ Премиум HR пяна Умерената твърдост гарантира правилната опора на тялото, облекчава дискомфорта в раменете, кръста и краката. ✓ HR Cloud Soft пяна Предлага ефирно и меко обгръщане, без усещане за потъване и пропадане. ✓ Clima Support 3D дишаща мрежа Позволява отлична вентилация на матрака и предотвратява появата на акари и плесен, за една чиста среда на сън. За кого е подходящ матрак Amber Mystique? Двулицев матрак Amber Mystique е чудесен избор за хора, с по-високо наднормено тегло, тъй като HR пяната е с висока устойчивост, плътност и отлична еластичност, което прави моделът едновременно комфортен и устойчив на деформации. Произведен в България продукт от специална TED колекция &ndash; Amber с 8 години гаранция, идва до вратата ти ролиран и в страхотна опаковка.",Матраци,1,1025.14,768.86,100,https://cdncloudcart.com/28510/products/images/1595/matrak-amber-mystique-6370a29aa065e_1280x1280.png?1668326099|https://cdncloudcart.com/28510/products/images/1595/matrak-amber-mystique-6370a29b4781c_1280x1280.png?1668326071|https://cdncloudcart.com/28510/products/images/1595/matrak-amber-mystique-6370a2979bfb2_800x800.jpeg?1668326052|https://cdncloudcart.com/28510/products/images/1595/matrak-amber-mystique-6370a298923b1_800x800.png?1668326062|https://cdncloudcart.com/28510/products/images/1595/matrak-amber-mystique-6370a299bfc6c_1280x1280.png?1668326086|https://cdncloudcart.com/28510/products/images/1595/matrak-amber-mystique-6370a29c245f6_1280x1280.png?1668326110|https://cdncloudcart.com/28510/products/images/1595/matrak-amber-mystique-6370a29d31bf6_1280x1280.png?1668326119
23009275-1-200-/-200,"Матрак AMBER MYSTIQUE, двулицев - 200 / 200","Добра енергия, добър сън Позволи ни да те събудим с усмивка! Двулицев матрак Amber Mystique е твоят най-добър приятел срещу стреса. Чудиш ли се защо е така? Матраците от колекция Amber са уникални продукти за сън. Основното ядро на матрак Amber Mystique е изработено от пяна с висока плътност и твърдост, гарантира правилната опора на тялото във всяка поза на сън, без да ограничава свободата му на движение, предоставя здравословна, ортопедична и равномерна опора, която поддържа гръбнака в правилна позиция по време на сън. По този начин облекчава дискомфорта в раменете, кръста и краката и осигурява всичко необходимо за вашия възстановителен сън! Повърхностният слой на ергономичният матрак Amber Mystique е от HR Cloud Soft пяна, която осигурява неповторим комфорт като прецизно се адаптира по контурите на тялото, без усещане за потъване и пропадане. Този устойчив, но същевременно фин слой, създава ефирно и меко обгръщане, което не предизвиква болки в кръста. Еластичната мекота допринася за безупречния комфорт и същевременно подобрява кръвообращението по време на сън. Създадохме Amber Mystique - ергономичен матрак с изразени две страни на комфорт: ортопедично твърда и еластично мека. Изцяло изработен от високоеластични, премиум HR пяни, моделът успешно съчетава и балансира между ортопедичното усещане за поддръжка при покет матраците и изразения комфорт на матраците от пяна. HR пяната се характеризира с висока устойчивост, плътност и отлична еластичност, което прави моделът едновременно комфортен и неподатлив на деформации, изключително подходящ за хора с по-високо наднормено тегло. Защото балансът е в основата на комфортния и пълноценен сън! Наслади се на балансирана комбинация от: ✓ Премиум HR пяна Умерената твърдост гарантира правилната опора на тялото, облекчава дискомфорта в раменете, кръста и краката. ✓ HR Cloud Soft пяна Предлага ефирно и меко обгръщане, без усещане за потъване и пропадане. ✓ Clima Support 3D дишаща мрежа Позволява отлична вентилация на матрака и предотвратява появата на акари и плесен, за една чиста среда на сън. За кого е подходящ матрак Amber Mystique? Двулицев матрак Amber Mystique е чудесен избор за хора, с по-високо наднормено тегло, тъй като HR пяната е с висока устойчивост, плътност и отлична еластичност, което прави моделът едновременно комфортен и устойчив на деформации. Произведен в България продукт от специална TED колекция &ndash; Amber с 8 години гаранция, идва до вратата ти ролиран и в страхотна опаковка.",Матраци,1,1188.24,891.18,100,https://cdncloudcart.com/28510/products/images/1595/matrak-amber-mystique-6370a29aa065e_1280x1280.png?1668326099|https://cdncloudcart.com/28510/products/images/1595/matrak-amber-mystique-6370a29b4781c_1280x1280.png?1668326071|https://cdncloudcart.com/28510/products/images/1595/matrak-amber-mystique-6370a2979bfb2_800x800.jpeg?1668326052|https://cdncloudcart.com/28510/products/images/1595/matrak-amber-mystique-6370a298923b1_800x800.png?1668326062|https://cdncloudcart.com/28510/products/images/1595/matrak-amber-mystique-6370a299bfc6c_1280x1280.png?1668326086|https://cdncloudcart.com/28510/products/images/1595/matrak-amber-mystique-6370a29c245f6_1280x1280.png?1668326110|https://cdncloudcart.com/28510/products/images/1595/matrak-amber-mystique-6370a29d31bf6_1280x1280.png?1668326119
23007168-72-/-190,"Матрак AWA, двулицев - 72 / 190","AWA - лесен избор на изгодна цена Матракът се използва с подматрачна рамка Практичното решение за всеки дом се нарича Awa! Матрак Awa e от базисен TED клас с широко приложение и подходящ за домакинства с всякакъв бюджет. Проектирахме го по специален начин така, че да може да осигури оптимална подкрепа на тялото и да подобри качеството на съня. Класическа конструкция на пружинната система бонел е с добавени слоеве полиуретанова Body Care&trade; пяна за придаде допълнителна стабилност. Отличното съчетание на здравина, комфорт и добрата проветривост на ядрото са гаранция за един спокоен и пълноценен сън. Този практичен модел изненадва с красива, омекотяваща и изключително приятна на допир повърхност, която не се деформира и не губи от обема си. Ортопедично ядро с бонел за стабилна поддръжка там, където е необходимо, а повърхността от пяна следва извивките на тялото. Обемна прошивка омекотява съпротивлението. Мемори частиците в нея бързо възстановяват формата си, за да се наслаждаваш на винаги гладка и нежна повърхност. Как съчетахме устойчивост и стабилна опора? ✓ Бонел пружинна система Класическа и добре позната пружинна система. Свързаните помежду си пружини осигуряват устойчива опора, дори в точките с най-голям натиск. Издръжлива и стабилна система, с добра еластичност и дълъг живот. ✓ Полиуретанова Body Care &trade; пяна Материал с добра плътност, който поддържа тялото и предотвратява създаването на изолирани зони на тежест и дискомфорт. Полиуретановата пяна е лесна за профилиране, което ѝ придава допълнителни анатомични свойства. ✓ Иглонабит филц Използва се като разделителен слой върху пружинените пакети за стабилизиране на структурата и равномерно разпределение на товара по цялата площ на матрака. ✓ Текстил Текстил Dura Point, прошит пух &ndash; полиуретанова и мемори пяна, влакна, нетъкан текстил. За кого е подходящ матрак Awa? Двулицев матрак Awa е идеален избор за практиците и класиците, които залагат на сигурни и утвърдени продукти. Матракът е произведен в България и покупката му ти носи 5 години гаранция.",Матраци,1,116.06,87.05,100,https://cdncloudcart.com/28510/products/images/1596/matrak-awa-6370a4e6140ea_1280x1280.png?1668326651|https://cdncloudcart.com/28510/products/images/1596/matrak-awa-6370a4e6d92c9_1280x1280.png?1668326671|https://cdncloudcart.com/28510/products/images/1596/matrak-awa-6370a4e75442b_1280x1280.png?1668326658|https://cdncloudcart.com/28510/products/images/1596/matrak-awa-6370a4e7c6ed7_1920x1920.jpeg?1668326661|https://cdncloudcart.com/28510/products/images/1596/matrak-awa-6370a4e838624_1920x1920.jpeg?1668326673
23007168-80-/-200,"Матрак AWA, двулицев - 80 / 200","AWA - лесен избор на изгодна цена Матракът се използва с подматрачна рамка Практичното решение за всеки дом се нарича Awa! Матрак Awa e от базисен TED клас с широко приложение и подходящ за домакинства с всякакъв бюджет. Проектирахме го по специален начин така, че да може да осигури оптимална подкрепа на тялото и да подобри качеството на съня. Класическа конструкция на пружинната система бонел е с добавени слоеве полиуретанова Body Care&trade; пяна за придаде допълнителна стабилност. Отличното съчетание на здравина, комфорт и добрата проветривост на ядрото са гаранция за един спокоен и пълноценен сън. Този практичен модел изненадва с красива, омекотяваща и изключително приятна на допир повърхност, която не се деформира и не губи от обема си. Ортопедично ядро с бонел за стабилна поддръжка там, където е необходимо, а повърхността от пяна следва извивките на тялото. Обемна прошивка омекотява съпротивлението. Мемори частиците в нея бързо възстановяват формата си, за да се наслаждаваш на винаги гладка и нежна повърхност. Как съчетахме устойчивост и стабилна опора? ✓ Бонел пружинна система Класическа и добре позната пружинна система. Свързаните помежду си пружини осигуряват устойчива опора, дори в точките с най-голям натиск. Издръжлива и стабилна система, с добра еластичност и дълъг живот. ✓ Полиуретанова Body Care &trade; пяна Материал с добра плътност, който поддържа тялото и предотвратява създаването на изолирани зони на тежест и дискомфорт. Полиуретановата пяна е лесна за профилиране, което ѝ придава допълнителни анатомични свойства. ✓ Иглонабит филц Използва се като разделителен слой върху пружинените пакети за стабилизиране на структурата и равномерно разпределение на товара по цялата площ на матрака. ✓ Текстил Текстил Dura Point, прошит пух &ndash; полиуретанова и мемори пяна, влакна, нетъкан текстил. За кого е подходящ матрак Awa? Двулицев матрак Awa е идеален избор за практиците и класиците, които залагат на сигурни и утвърдени продукти. Матракът е произведен в България и покупката му ти носи 5 години гаранция.",Матраци,1,135.49,101.62,100,https://cdncloudcart.com/28510/products/images/1596/matrak-awa-6370a4e6140ea_1280x1280.png?1668326651|https://cdncloudcart.com/28510/products/images/1596/matrak-awa-6370a4e6d92c9_1280x1280.png?1668326671|https://cdncloudcart.com/28510/products/images/1596/matrak-awa-6370a4e75442b_1280x1280.png?1668326658|https://cdncloudcart.com/28510/products/images/1596/matrak-awa-6370a4e7c6ed7_1920x1920.jpeg?1668326661|https://cdncloudcart.com/28510/products/images/1596/matrak-awa-6370a4e838624_1920x1920.jpeg?1668326673
23007168-82-/-190,"Матрак AWA, двулицев - 82 / 190","AWA - лесен избор на изгодна цена Матракът се използва с подматрачна рамка Практичното решение за всеки дом се нарича Awa! Матрак Awa e от базисен TED клас с широко приложение и подходящ за домакинства с всякакъв бюджет. Проектирахме го по специален начин така, че да може да осигури оптимална подкрепа на тялото и да подобри качеството на съня. Класическа конструкция на пружинната система бонел е с добавени слоеве полиуретанова Body Care&trade; пяна за придаде допълнителна стабилност. Отличното съчетание на здравина, комфорт и добрата проветривост на ядрото са гаранция за един спокоен и пълноценен сън. Този практичен модел изненадва с красива, омекотяваща и изключително приятна на допир повърхност, която не се деформира и не губи от обема си. Ортопедично ядро с бонел за стабилна поддръжка там, където е необходимо, а повърхността от пяна следва извивките на тялото. Обемна прошивка омекотява съпротивлението. Мемори частиците в нея бързо възстановяват формата си, за да се наслаждаваш на винаги гладка и нежна повърхност. Как съчетахме устойчивост и стабилна опора? ✓ Бонел пружинна система Класическа и добре позната пружинна система. Свързаните помежду си пружини осигуряват устойчива опора, дори в точките с най-голям натиск. Издръжлива и стабилна система, с добра еластичност и дълъг живот. ✓ Полиуретанова Body Care &trade; пяна Материал с добра плътност, който поддържа тялото и предотвратява създаването на изолирани зони на тежест и дискомфорт. Полиуретановата пяна е лесна за профилиране, което ѝ придава допълнителни анатомични свойства. ✓ Иглонабит филц Използва се като разделителен слой върху пружинените пакети за стабилизиране на структурата и равномерно разпределение на товара по цялата площ на матрака. ✓ Текстил Текстил Dura Point, прошит пух &ndash; полиуретанова и мемори пяна, влакна, нетъкан текстил. За кого е подходящ матрак Awa? Двулицев матрак Awa е идеален избор за практиците и класиците, които залагат на сигурни и утвърдени продукти. Матракът е произведен в България и покупката му ти носи 5 години гаранция.",Матраци,1,131.91,98.93,100,https://cdncloudcart.com/28510/products/images/1596/matrak-awa-6370a4e6140ea_1280x1280.png?1668326651|https://cdncloudcart.com/28510/products/images/1596/matrak-awa-6370a4e6d92c9_1280x1280.png?1668326671|https://cdncloudcart.com/28510/products/images/1596/matrak-awa-6370a4e75442b_1280x1280.png?1668326658|https://cdncloudcart.com/28510/products/images/1596/matrak-awa-6370a4e7c6ed7_1920x1920.jpeg?1668326661|https://cdncloudcart.com/28510/products/images/1596/matrak-awa-6370a4e838624_1920x1920.jpeg?1668326673
23007168-90-/-190,"Матрак AWA, двулицев - 90 / 190","AWA - лесен избор на изгодна цена Матракът се използва с подматрачна рамка Практичното решение за всеки дом се нарича Awa! Матрак Awa e от базисен TED клас с широко приложение и подходящ за домакинства с всякакъв бюджет. Проектирахме го по специален начин така, че да може да осигури оптимална подкрепа на тялото и да подобри качеството на съня. Класическа конструкция на пружинната система бонел е с добавени слоеве полиуретанова Body Care&trade; пяна за придаде допълнителна стабилност. Отличното съчетание на здравина, комфорт и добрата проветривост на ядрото са гаранция за един спокоен и пълноценен сън. Този практичен модел изненадва с красива, омекотяваща и изключително приятна на допир повърхност, която не се деформира и не губи от обема си. Ортопедично ядро с бонел за стабилна поддръжка там, където е необходимо, а повърхността от пяна следва извивките на тялото. Обемна прошивка омекотява съпротивлението. Мемори частиците в нея бързо възстановяват формата си, за да се наслаждаваш на винаги гладка и нежна повърхност. Как съчетахме устойчивост и стабилна опора? ✓ Бонел пружинна система Класическа и добре позната пружинна система. Свързаните помежду си пружини осигуряват устойчива опора, дори в точките с най-голям натиск. Издръжлива и стабилна система, с добра еластичност и дълъг живот. ✓ Полиуретанова Body Care &trade; пяна Материал с добра плътност, който поддържа тялото и предотвратява създаването на изолирани зони на тежест и дискомфорт. Полиуретановата пяна е лесна за профилиране, което ѝ придава допълнителни анатомични свойства. ✓ Иглонабит филц Използва се като разделителен слой върху пружинените пакети за стабилизиране на структурата и равномерно разпределение на товара по цялата площ на матрака. ✓ Текстил Текстил Dura Point, прошит пух &ndash; полиуретанова и мемори пяна, влакна, нетъкан текстил. За кого е подходящ матрак Awa? Двулицев матрак Awa е идеален избор за практиците и класиците, които залагат на сигурни и утвърдени продукти. Матракът е произведен в България и покупката му ти носи 5 години гаранция.",Матраци,1,142.14,106.60,100,https://cdncloudcart.com/28510/products/images/1596/matrak-awa-6370a4e6140ea_1280x1280.png?1668326651|https://cdncloudcart.com/28510/products/images/1596/matrak-awa-6370a4e6d92c9_1280x1280.png?1668326671|https://cdncloudcart.com/28510/products/images/1596/matrak-awa-6370a4e75442b_1280x1280.png?1668326658|https://cdncloudcart.com/28510/products/images/1596/matrak-awa-6370a4e7c6ed7_1920x1920.jpeg?1668326661|https://cdncloudcart.com/28510/products/images/1596/matrak-awa-6370a4e838624_1920x1920.jpeg?1668326673
23007168-90-/-200,"Матрак AWA, двулицев - 90 / 200","AWA - лесен избор на изгодна цена Матракът се използва с подматрачна рамка Практичното решение за всеки дом се нарича Awa! Матрак Awa e от базисен TED клас с широко приложение и подходящ за домакинства с всякакъв бюджет. Проектирахме го по специален начин така, че да може да осигури оптимална подкрепа на тялото и да подобри качеството на съня. Класическа конструкция на пружинната система бонел е с добавени слоеве полиуретанова Body Care&trade; пяна за придаде допълнителна стабилност. Отличното съчетание на здравина, комфорт и добрата проветривост на ядрото са гаранция за един спокоен и пълноценен сън. Този практичен модел изненадва с красива, омекотяваща и изключително приятна на допир повърхност, която не се деформира и не губи от обема си. Ортопедично ядро с бонел за стабилна поддръжка там, където е необходимо, а повърхността от пяна следва извивките на тялото. Обемна прошивка омекотява съпротивлението. Мемори частиците в нея бързо възстановяват формата си, за да се наслаждаваш на винаги гладка и нежна повърхност. Как съчетахме устойчивост и стабилна опора? ✓ Бонел пружинна система Класическа и добре позната пружинна система. Свързаните помежду си пружини осигуряват устойчива опора, дори в точките с най-голям натиск. Издръжлива и стабилна система, с добра еластичност и дълъг живот. ✓ Полиуретанова Body Care &trade; пяна Материал с добра плътност, който поддържа тялото и предотвратява създаването на изолирани зони на тежест и дискомфорт. Полиуретановата пяна е лесна за профилиране, което ѝ придава допълнителни анатомични свойства. ✓ Иглонабит филц Използва се като разделителен слой върху пружинените пакети за стабилизиране на структурата и равномерно разпределение на товара по цялата площ на матрака. ✓ Текстил Текстил Dura Point, прошит пух &ndash; полиуретанова и мемори пяна, влакна, нетъкан текстил. За кого е подходящ матрак Awa? Двулицев матрак Awa е идеален избор за практиците и класиците, които залагат на сигурни и утвърдени продукти. Матракът е произведен в България и покупката му ти носи 5 години гаранция.",Матраци,1,148.79,111.59,100,https://cdncloudcart.com/28510/products/images/1596/matrak-awa-6370a4e6140ea_1280x1280.png?1668326651|https://cdncloudcart.com/28510/products/images/1596/matrak-awa-6370a4e6d92c9_1280x1280.png?1668326671|https://cdncloudcart.com/28510/products/images/1596/matrak-awa-6370a4e75442b_1280x1280.png?1668326658|https://cdncloudcart.com/28510/products/images/1596/matrak-awa-6370a4e7c6ed7_1920x1920.jpeg?1668326661|https://cdncloudcart.com/28510/products/images/1596/matrak-awa-6370a4e838624_1920x1920.jpeg?1668326673
23007168-100-/-200,"Матрак AWA, двулицев - 100 / 200","AWA - лесен избор на изгодна цена Матракът се използва с подматрачна рамка Практичното решение за всеки дом се нарича Awa! Матрак Awa e от базисен TED клас с широко приложение и подходящ за домакинства с всякакъв бюджет. Проектирахме го по специален начин така, че да може да осигури оптимална подкрепа на тялото и да подобри качеството на съня. Класическа конструкция на пружинната система бонел е с добавени слоеве полиуретанова Body Care&trade; пяна за придаде допълнителна стабилност. Отличното съчетание на здравина, комфорт и добрата проветривост на ядрото са гаранция за един спокоен и пълноценен сън. Този практичен модел изненадва с красива, омекотяваща и изключително приятна на допир повърхност, която не се деформира и не губи от обема си. Ортопедично ядро с бонел за стабилна поддръжка там, където е необходимо, а повърхността от пяна следва извивките на тялото. Обемна прошивка омекотява съпротивлението. Мемори частиците в нея бързо възстановяват формата си, за да се наслаждаваш на винаги гладка и нежна повърхност. Как съчетахме устойчивост и стабилна опора? ✓ Бонел пружинна система Класическа и добре позната пружинна система. Свързаните помежду си пружини осигуряват устойчива опора, дори в точките с най-голям натиск. Издръжлива и стабилна система, с добра еластичност и дълъг живот. ✓ Полиуретанова Body Care &trade; пяна Материал с добра плътност, който поддържа тялото и предотвратява създаването на изолирани зони на тежест и дискомфорт. Полиуретановата пяна е лесна за профилиране, което ѝ придава допълнителни анатомични свойства. ✓ Иглонабит филц Използва се като разделителен слой върху пружинените пакети за стабилизиране на структурата и равномерно разпределение на товара по цялата площ на матрака. ✓ Текстил Текстил Dura Point, прошит пух &ndash; полиуретанова и мемори пяна, влакна, нетъкан текстил. За кого е подходящ матрак Awa? Двулицев матрак Awa е идеален избор за практиците и класиците, които залагат на сигурни и утвърдени продукти. Матракът е произведен в България и покупката му ти носи 5 години гаранция.",Матраци,1,163.61,122.71,100,https://cdncloudcart.com/28510/products/images/1596/matrak-awa-6370a4e6140ea_1280x1280.png?1668326651|https://cdncloudcart.com/28510/products/images/1596/matrak-awa-6370a4e6d92c9_1280x1280.png?1668326671|https://cdncloudcart.com/28510/products/images/1596/matrak-awa-6370a4e75442b_1280x1280.png?1668326658|https://cdncloudcart.com/28510/products/images/1596/matrak-awa-6370a4e7c6ed7_1920x1920.jpeg?1668326661|https://cdncloudcart.com/28510/products/images/1596/matrak-awa-6370a4e838624_1920x1920.jpeg?1668326673
23007168-114-/-190,"Матрак AWA, двулицев - 114 / 190","AWA - лесен избор на изгодна цена Матракът се използва с подматрачна рамка Практичното решение за всеки дом се нарича Awa! Матрак Awa e от базисен TED клас с широко приложение и подходящ за домакинства с всякакъв бюджет. Проектирахме го по специален начин така, че да може да осигури оптимална подкрепа на тялото и да подобри качеството на съня. Класическа конструкция на пружинната система бонел е с добавени слоеве полиуретанова Body Care&trade; пяна за придаде допълнителна стабилност. Отличното съчетание на здравина, комфорт и добрата проветривост на ядрото са гаранция за един спокоен и пълноценен сън. Този практичен модел изненадва с красива, омекотяваща и изключително приятна на допир повърхност, която не се деформира и не губи от обема си. Ортопедично ядро с бонел за стабилна поддръжка там, където е необходимо, а повърхността от пяна следва извивките на тялото. Обемна прошивка омекотява съпротивлението. Мемори частиците в нея бързо възстановяват формата си, за да се наслаждаваш на винаги гладка и нежна повърхност. Как съчетахме устойчивост и стабилна опора? ✓ Бонел пружинна система Класическа и добре позната пружинна система. Свързаните помежду си пружини осигуряват устойчива опора, дори в точките с най-голям натиск. Издръжлива и стабилна система, с добра еластичност и дълъг живот. ✓ Полиуретанова Body Care &trade; пяна Материал с добра плътност, който поддържа тялото и предотвратява създаването на изолирани зони на тежест и дискомфорт. Полиуретановата пяна е лесна за профилиране, което ѝ придава допълнителни анатомични свойства. ✓ Иглонабит филц Използва се като разделителен слой върху пружинените пакети за стабилизиране на структурата и равномерно разпределение на товара по цялата площ на матрака. ✓ Текстил Текстил Dura Point, прошит пух &ndash; полиуретанова и мемори пяна, влакна, нетъкан текстил. За кого е подходящ матрак Awa? Двулицев матрак Awa е идеален избор за практиците и класиците, които залагат на сигурни и утвърдени продукти. Матракът е произведен в България и покупката му ти носи 5 години гаранция.",Матраци,1,176.91,132.68,100,https://cdncloudcart.com/28510/products/images/1596/matrak-awa-6370a4e6140ea_1280x1280.png?1668326651|https://cdncloudcart.com/28510/products/images/1596/matrak-awa-6370a4e6d92c9_1280x1280.png?1668326671|https://cdncloudcart.com/28510/products/images/1596/matrak-awa-6370a4e75442b_1280x1280.png?1668326658|https://cdncloudcart.com/28510/products/images/1596/matrak-awa-6370a4e7c6ed7_1920x1920.jpeg?1668326661|https://cdncloudcart.com/28510/products/images/1596/matrak-awa-6370a4e838624_1920x1920.jpeg?1668326673
23007168-120-/-190,"Матрак AWA, двулицев - 120 / 190","AWA - лесен избор на изгодна цена Матракът се използва с подматрачна рамка Практичното решение за всеки дом се нарича Awa! Матрак Awa e от базисен TED клас с широко приложение и подходящ за домакинства с всякакъв бюджет. Проектирахме го по специален начин така, че да може да осигури оптимална подкрепа на тялото и да подобри качеството на съня. Класическа конструкция на пружинната система бонел е с добавени слоеве полиуретанова Body Care&trade; пяна за придаде допълнителна стабилност. Отличното съчетание на здравина, комфорт и добрата проветривост на ядрото са гаранция за един спокоен и пълноценен сън. Този практичен модел изненадва с красива, омекотяваща и изключително приятна на допир повърхност, която не се деформира и не губи от обема си. Ортопедично ядро с бонел за стабилна поддръжка там, където е необходимо, а повърхността от пяна следва извивките на тялото. Обемна прошивка омекотява съпротивлението. Мемори частиците в нея бързо възстановяват формата си, за да се наслаждаваш на винаги гладка и нежна повърхност. Как съчетахме устойчивост и стабилна опора? ✓ Бонел пружинна система Класическа и добре позната пружинна система. Свързаните помежду си пружини осигуряват устойчива опора, дори в точките с най-голям натиск. Издръжлива и стабилна система, с добра еластичност и дълъг живот. ✓ Полиуретанова Body Care &trade; пяна Материал с добра плътност, който поддържа тялото и предотвратява създаването на изолирани зони на тежест и дискомфорт. Полиуретановата пяна е лесна за профилиране, което ѝ придава допълнителни анатомични свойства. ✓ Иглонабит филц Използва се като разделителен слой върху пружинените пакети за стабилизиране на структурата и равномерно разпределение на товара по цялата площ на матрака. ✓ Текстил Текстил Dura Point, прошит пух &ndash; полиуретанова и мемори пяна, влакна, нетъкан текстил. За кого е подходящ матрак Awa? Двулицев матрак Awa е идеален избор за практиците и класиците, които залагат на сигурни и утвърдени продукти. Матракът е произведен в България и покупката му ти носи 5 години гаранция.",Матраци,1,182.02,136.52,100,https://cdncloudcart.com/28510/products/images/1596/matrak-awa-6370a4e6140ea_1280x1280.png?1668326651|https://cdncloudcart.com/28510/products/images/1596/matrak-awa-6370a4e6d92c9_1280x1280.png?1668326671|https://cdncloudcart.com/28510/products/images/1596/matrak-awa-6370a4e75442b_1280x1280.png?1668326658|https://cdncloudcart.com/28510/products/images/1596/matrak-awa-6370a4e7c6ed7_1920x1920.jpeg?1668326661|https://cdncloudcart.com/28510/products/images/1596/matrak-awa-6370a4e838624_1920x1920.jpeg?1668326673
23007168-120-/-200,"Матрак AWA, двулицев - 120 / 200","AWA - лесен избор на изгодна цена Матракът се използва с подматрачна рамка Практичното решение за всеки дом се нарича Awa! Матрак Awa e от базисен TED клас с широко приложение и подходящ за домакинства с всякакъв бюджет. Проектирахме го по специален начин така, че да може да осигури оптимална подкрепа на тялото и да подобри качеството на съня. Класическа конструкция на пружинната система бонел е с добавени слоеве полиуретанова Body Care&trade; пяна за придаде допълнителна стабилност. Отличното съчетание на здравина, комфорт и добрата проветривост на ядрото са гаранция за един спокоен и пълноценен сън. Този практичен модел изненадва с красива, омекотяваща и изключително приятна на допир повърхност, която не се деформира и не губи от обема си. Ортопедично ядро с бонел за стабилна поддръжка там, където е необходимо, а повърхността от пяна следва извивките на тялото. Обемна прошивка омекотява съпротивлението. Мемори частиците в нея бързо възстановяват формата си, за да се наслаждаваш на винаги гладка и нежна повърхност. Как съчетахме устойчивост и стабилна опора? ✓ Бонел пружинна система Класическа и добре позната пружинна система. Свързаните помежду си пружини осигуряват устойчива опора, дори в точките с най-голям натиск. Издръжлива и стабилна система, с добра еластичност и дълъг живот. ✓ Полиуретанова Body Care &trade; пяна Материал с добра плътност, който поддържа тялото и предотвратява създаването на изолирани зони на тежест и дискомфорт. Полиуретановата пяна е лесна за профилиране, което ѝ придава допълнителни анатомични свойства. ✓ Иглонабит филц Използва се като разделителен слой върху пружинените пакети за стабилизиране на структурата и равномерно разпределение на товара по цялата площ на матрака. ✓ Текстил Текстил Dura Point, прошит пух &ndash; полиуретанова и мемори пяна, влакна, нетъкан текстил. За кого е подходящ матрак Awa? Двулицев матрак Awa е идеален избор за практиците и класиците, които залагат на сигурни и утвърдени продукти. Матракът е произведен в България и покупката му ти носи 5 години гаранция.",Матраци,1,190.20,142.65,100,https://cdncloudcart.com/28510/products/images/1596/matrak-awa-6370a4e6140ea_1280x1280.png?1668326651|https://cdncloudcart.com/28510/products/images/1596/matrak-awa-6370a4e6d92c9_1280x1280.png?1668326671|https://cdncloudcart.com/28510/products/images/1596/matrak-awa-6370a4e75442b_1280x1280.png?1668326658|https://cdncloudcart.com/28510/products/images/1596/matrak-awa-6370a4e7c6ed7_1920x1920.jpeg?1668326661|https://cdncloudcart.com/28510/products/images/1596/matrak-awa-6370a4e838624_1920x1920.jpeg?1668326673
23007168-140-/-190,"Матрак AWA, двулицев - 140 / 190","AWA - лесен избор на изгодна цена Матракът се използва с подматрачна рамка Практичното решение за всеки дом се нарича Awa! Матрак Awa e от базисен TED клас с широко приложение и подходящ за домакинства с всякакъв бюджет. Проектирахме го по специален начин така, че да може да осигури оптимална подкрепа на тялото и да подобри качеството на съня. Класическа конструкция на пружинната система бонел е с добавени слоеве полиуретанова Body Care&trade; пяна за придаде допълнителна стабилност. Отличното съчетание на здравина, комфорт и добрата проветривост на ядрото са гаранция за един спокоен и пълноценен сън. Този практичен модел изненадва с красива, омекотяваща и изключително приятна на допир повърхност, която не се деформира и не губи от обема си. Ортопедично ядро с бонел за стабилна поддръжка там, където е необходимо, а повърхността от пяна следва извивките на тялото. Обемна прошивка омекотява съпротивлението. Мемори частиците в нея бързо възстановяват формата си, за да се наслаждаваш на винаги гладка и нежна повърхност. Как съчетахме устойчивост и стабилна опора? ✓ Бонел пружинна система Класическа и добре позната пружинна система. Свързаните помежду си пружини осигуряват устойчива опора, дори в точките с най-голям натиск. Издръжлива и стабилна система, с добра еластичност и дълъг живот. ✓ Полиуретанова Body Care &trade; пяна Материал с добра плътност, който поддържа тялото и предотвратява създаването на изолирани зони на тежест и дискомфорт. Полиуретановата пяна е лесна за профилиране, което ѝ придава допълнителни анатомични свойства. ✓ Иглонабит филц Използва се като разделителен слой върху пружинените пакети за стабилизиране на структурата и равномерно разпределение на товара по цялата площ на матрака. ✓ Текстил Текстил Dura Point, прошит пух &ndash; полиуретанова и мемори пяна, влакна, нетъкан текстил. За кого е подходящ матрак Awa? Двулицев матрак Awa е идеален избор за практиците и класиците, които залагат на сигурни и утвърдени продукти. Матракът е произведен в България и покупката му ти носи 5 години гаранция.",Матраци,1,214.74,161.06,100,https://cdncloudcart.com/28510/products/images/1596/matrak-awa-6370a4e6140ea_1280x1280.png?1668326651|https://cdncloudcart.com/28510/products/images/1596/matrak-awa-6370a4e6d92c9_1280x1280.png?1668326671|https://cdncloudcart.com/28510/products/images/1596/matrak-awa-6370a4e75442b_1280x1280.png?1668326658|https://cdncloudcart.com/28510/products/images/1596/matrak-awa-6370a4e7c6ed7_1920x1920.jpeg?1668326661|https://cdncloudcart.com/28510/products/images/1596/matrak-awa-6370a4e838624_1920x1920.jpeg?1668326673
23007168-140-/-200,"Матрак AWA, двулицев - 140 / 200","AWA - лесен избор на изгодна цена Матракът се използва с подматрачна рамка Практичното решение за всеки дом се нарича Awa! Матрак Awa e от базисен TED клас с широко приложение и подходящ за домакинства с всякакъв бюджет. Проектирахме го по специален начин така, че да може да осигури оптимална подкрепа на тялото и да подобри качеството на съня. Класическа конструкция на пружинната система бонел е с добавени слоеве полиуретанова Body Care&trade; пяна за придаде допълнителна стабилност. Отличното съчетание на здравина, комфорт и добрата проветривост на ядрото са гаранция за един спокоен и пълноценен сън. Този практичен модел изненадва с красива, омекотяваща и изключително приятна на допир повърхност, която не се деформира и не губи от обема си. Ортопедично ядро с бонел за стабилна поддръжка там, където е необходимо, а повърхността от пяна следва извивките на тялото. Обемна прошивка омекотява съпротивлението. Мемори частиците в нея бързо възстановяват формата си, за да се наслаждаваш на винаги гладка и нежна повърхност. Как съчетахме устойчивост и стабилна опора? ✓ Бонел пружинна система Класическа и добре позната пружинна система. Свързаните помежду си пружини осигуряват устойчива опора, дори в точките с най-голям натиск. Издръжлива и стабилна система, с добра еластичност и дълъг живот. ✓ Полиуретанова Body Care &trade; пяна Материал с добра плътност, който поддържа тялото и предотвратява създаването на изолирани зони на тежест и дискомфорт. Полиуретановата пяна е лесна за профилиране, което ѝ придава допълнителни анатомични свойства. ✓ Иглонабит филц Използва се като разделителен слой върху пружинените пакети за стабилизиране на структурата и равномерно разпределение на товара по цялата площ на матрака. ✓ Текстил Текстил Dura Point, прошит пух &ndash; полиуретанова и мемори пяна, влакна, нетъкан текстил. За кого е подходящ матрак Awa? Двулицев матрак Awa е идеален избор за практиците и класиците, които залагат на сигурни и утвърдени продукти. Матракът е произведен в България и покупката му ти носи 5 години гаранция.",Матраци,1,221.39,166.04,100,https://cdncloudcart.com/28510/products/images/1596/matrak-awa-6370a4e6140ea_1280x1280.png?1668326651|https://cdncloudcart.com/28510/products/images/1596/matrak-awa-6370a4e6d92c9_1280x1280.png?1668326671|https://cdncloudcart.com/28510/products/images/1596/matrak-awa-6370a4e75442b_1280x1280.png?1668326658|https://cdncloudcart.com/28510/products/images/1596/matrak-awa-6370a4e7c6ed7_1920x1920.jpeg?1668326661|https://cdncloudcart.com/28510/products/images/1596/matrak-awa-6370a4e838624_1920x1920.jpeg?1668326673
23007168-144-/-190,"Матрак AWA, двулицев - 144 / 190","AWA - лесен избор на изгодна цена Матракът се използва с подматрачна рамка Практичното решение за всеки дом се нарича Awa! Матрак Awa e от базисен TED клас с широко приложение и подходящ за домакинства с всякакъв бюджет. Проектирахме го по специален начин така, че да може да осигури оптимална подкрепа на тялото и да подобри качеството на съня. Класическа конструкция на пружинната система бонел е с добавени слоеве полиуретанова Body Care&trade; пяна за придаде допълнителна стабилност. Отличното съчетание на здравина, комфорт и добрата проветривост на ядрото са гаранция за един спокоен и пълноценен сън. Този практичен модел изненадва с красива, омекотяваща и изключително приятна на допир повърхност, която не се деформира и не губи от обема си. Ортопедично ядро с бонел за стабилна поддръжка там, където е необходимо, а повърхността от пяна следва извивките на тялото. Обемна прошивка омекотява съпротивлението. Мемори частиците в нея бързо възстановяват формата си, за да се наслаждаваш на винаги гладка и нежна повърхност. Как съчетахме устойчивост и стабилна опора? ✓ Бонел пружинна система Класическа и добре позната пружинна система. Свързаните помежду си пружини осигуряват устойчива опора, дори в точките с най-голям натиск. Издръжлива и стабилна система, с добра еластичност и дълъг живот. ✓ Полиуретанова Body Care &trade; пяна Материал с добра плътност, който поддържа тялото и предотвратява създаването на изолирани зони на тежест и дискомфорт. Полиуретановата пяна е лесна за профилиране, което ѝ придава допълнителни анатомични свойства. ✓ Иглонабит филц Използва се като разделителен слой върху пружинените пакети за стабилизиране на структурата и равномерно разпределение на товара по цялата площ на матрака. ✓ Текстил Текстил Dura Point, прошит пух &ndash; полиуретанова и мемори пяна, влакна, нетъкан текстил. За кого е подходящ матрак Awa? Двулицев матрак Awa е идеален избор за практиците и класиците, които залагат на сигурни и утвърдени продукти. Матракът е произведен в България и покупката му ти носи 5 години гаранция.",Матраци,1,216.28,162.21,100,https://cdncloudcart.com/28510/products/images/1596/matrak-awa-6370a4e6140ea_1280x1280.png?1668326651|https://cdncloudcart.com/28510/products/images/1596/matrak-awa-6370a4e6d92c9_1280x1280.png?1668326671|https://cdncloudcart.com/28510/products/images/1596/matrak-awa-6370a4e75442b_1280x1280.png?1668326658|https://cdncloudcart.com/28510/products/images/1596/matrak-awa-6370a4e7c6ed7_1920x1920.jpeg?1668326661|https://cdncloudcart.com/28510/products/images/1596/matrak-awa-6370a4e838624_1920x1920.jpeg?1668326673
23007168-144-/-200,"Матрак AWA, двулицев - 144 / 200","AWA - лесен избор на изгодна цена Матракът се използва с подматрачна рамка Практичното решение за всеки дом се нарича Awa! Матрак Awa e от базисен TED клас с широко приложение и подходящ за домакинства с всякакъв бюджет. Проектирахме го по специален начин така, че да може да осигури оптимална подкрепа на тялото и да подобри качеството на съня. Класическа конструкция на пружинната система бонел е с добавени слоеве полиуретанова Body Care&trade; пяна за придаде допълнителна стабилност. Отличното съчетание на здравина, комфорт и добрата проветривост на ядрото са гаранция за един спокоен и пълноценен сън. Този практичен модел изненадва с красива, омекотяваща и изключително приятна на допир повърхност, която не се деформира и не губи от обема си. Ортопедично ядро с бонел за стабилна поддръжка там, където е необходимо, а повърхността от пяна следва извивките на тялото. Обемна прошивка омекотява съпротивлението. Мемори частиците в нея бързо възстановяват формата си, за да се наслаждаваш на винаги гладка и нежна повърхност. Как съчетахме устойчивост и стабилна опора? ✓ Бонел пружинна система Класическа и добре позната пружинна система. Свързаните помежду си пружини осигуряват устойчива опора, дори в точките с най-голям натиск. Издръжлива и стабилна система, с добра еластичност и дълъг живот. ✓ Полиуретанова Body Care &trade; пяна Материал с добра плътност, който поддържа тялото и предотвратява създаването на изолирани зони на тежест и дискомфорт. Полиуретановата пяна е лесна за профилиране, което ѝ придава допълнителни анатомични свойства. ✓ Иглонабит филц Използва се като разделителен слой върху пружинените пакети за стабилизиране на структурата и равномерно разпределение на товара по цялата площ на матрака. ✓ Текстил Текстил Dura Point, прошит пух &ndash; полиуретанова и мемори пяна, влакна, нетъкан текстил. За кого е подходящ матрак Awa? Двулицев матрак Awa е идеален избор за практиците и класиците, които залагат на сигурни и утвърдени продукти. Матракът е произведен в България и покупката му ти носи 5 години гаранция.",Матраци,1,228.04,171.03,100,https://cdncloudcart.com/28510/products/images/1596/matrak-awa-6370a4e6140ea_1280x1280.png?1668326651|https://cdncloudcart.com/28510/products/images/1596/matrak-awa-6370a4e6d92c9_1280x1280.png?1668326671|https://cdncloudcart.com/28510/products/images/1596/matrak-awa-6370a4e75442b_1280x1280.png?1668326658|https://cdncloudcart.com/28510/products/images/1596/matrak-awa-6370a4e7c6ed7_1920x1920.jpeg?1668326661|https://cdncloudcart.com/28510/products/images/1596/matrak-awa-6370a4e838624_1920x1920.jpeg?1668326673
23007168-160-/-190,"Матрак AWA, двулицев - 160 / 190","AWA - лесен избор на изгодна цена Матракът се използва с подматрачна рамка Практичното решение за всеки дом се нарича Awa! Матрак Awa e от базисен TED клас с широко приложение и подходящ за домакинства с всякакъв бюджет. Проектирахме го по специален начин така, че да може да осигури оптимална подкрепа на тялото и да подобри качеството на съня. Класическа конструкция на пружинната система бонел е с добавени слоеве полиуретанова Body Care&trade; пяна за придаде допълнителна стабилност. Отличното съчетание на здравина, комфорт и добрата проветривост на ядрото са гаранция за един спокоен и пълноценен сън. Този практичен модел изненадва с красива, омекотяваща и изключително приятна на допир повърхност, която не се деформира и не губи от обема си. Ортопедично ядро с бонел за стабилна поддръжка там, където е необходимо, а повърхността от пяна следва извивките на тялото. Обемна прошивка омекотява съпротивлението. Мемори частиците в нея бързо възстановяват формата си, за да се наслаждаваш на винаги гладка и нежна повърхност. Как съчетахме устойчивост и стабилна опора? ✓ Бонел пружинна система Класическа и добре позната пружинна система. Свързаните помежду си пружини осигуряват устойчива опора, дори в точките с най-голям натиск. Издръжлива и стабилна система, с добра еластичност и дълъг живот. ✓ Полиуретанова Body Care &trade; пяна Материал с добра плътност, който поддържа тялото и предотвратява създаването на изолирани зони на тежест и дискомфорт. Полиуретановата пяна е лесна за профилиране, което ѝ придава допълнителни анатомични свойства. ✓ Иглонабит филц Използва се като разделителен слой върху пружинените пакети за стабилизиране на структурата и равномерно разпределение на товара по цялата площ на матрака. ✓ Текстил Текстил Dura Point, прошит пух &ndash; полиуретанова и мемори пяна, влакна, нетъкан текстил. За кого е подходящ матрак Awa? Двулицев матрак Awa е идеален избор за практиците и класиците, които залагат на сигурни и утвърдени продукти. Матракът е произведен в България и покупката му ти носи 5 години гаранция.",Матраци,1,240.82,180.62,100,https://cdncloudcart.com/28510/products/images/1596/matrak-awa-6370a4e6140ea_1280x1280.png?1668326651|https://cdncloudcart.com/28510/products/images/1596/matrak-awa-6370a4e6d92c9_1280x1280.png?1668326671|https://cdncloudcart.com/28510/products/images/1596/matrak-awa-6370a4e75442b_1280x1280.png?1668326658|https://cdncloudcart.com/28510/products/images/1596/matrak-awa-6370a4e7c6ed7_1920x1920.jpeg?1668326661|https://cdncloudcart.com/28510/products/images/1596/matrak-awa-6370a4e838624_1920x1920.jpeg?1668326673
23007168-160-/-200,"Матрак AWA, двулицев - 160 / 200","AWA - лесен избор на изгодна цена Матракът се използва с подматрачна рамка Практичното решение за всеки дом се нарича Awa! Матрак Awa e от базисен TED клас с широко приложение и подходящ за домакинства с всякакъв бюджет. Проектирахме го по специален начин така, че да може да осигури оптимална подкрепа на тялото и да подобри качеството на съня. Класическа конструкция на пружинната система бонел е с добавени слоеве полиуретанова Body Care&trade; пяна за придаде допълнителна стабилност. Отличното съчетание на здравина, комфорт и добрата проветривост на ядрото са гаранция за един спокоен и пълноценен сън. Този практичен модел изненадва с красива, омекотяваща и изключително приятна на допир повърхност, която не се деформира и не губи от обема си. Ортопедично ядро с бонел за стабилна поддръжка там, където е необходимо, а повърхността от пяна следва извивките на тялото. Обемна прошивка омекотява съпротивлението. Мемори частиците в нея бързо възстановяват формата си, за да се наслаждаваш на винаги гладка и нежна повърхност. Как съчетахме устойчивост и стабилна опора? ✓ Бонел пружинна система Класическа и добре позната пружинна система. Свързаните помежду си пружини осигуряват устойчива опора, дори в точките с най-голям натиск. Издръжлива и стабилна система, с добра еластичност и дълъг живот. ✓ Полиуретанова Body Care &trade; пяна Материал с добра плътност, който поддържа тялото и предотвратява създаването на изолирани зони на тежест и дискомфорт. Полиуретановата пяна е лесна за профилиране, което ѝ придава допълнителни анатомични свойства. ✓ Иглонабит филц Използва се като разделителен слой върху пружинените пакети за стабилизиране на структурата и равномерно разпределение на товара по цялата площ на матрака. ✓ Текстил Текстил Dura Point, прошит пух &ndash; полиуретанова и мемори пяна, влакна, нетъкан текстил. За кого е подходящ матрак Awa? Двулицев матрак Awa е идеален избор за практиците и класиците, които залагат на сигурни и утвърдени продукти. Матракът е произведен в България и покупката му ти носи 5 години гаранция.",Матраци,1,249.51,187.13,100,https://cdncloudcart.com/28510/products/images/1596/matrak-awa-6370a4e6140ea_1280x1280.png?1668326651|https://cdncloudcart.com/28510/products/images/1596/matrak-awa-6370a4e6d92c9_1280x1280.png?1668326671|https://cdncloudcart.com/28510/products/images/1596/matrak-awa-6370a4e75442b_1280x1280.png?1668326658|https://cdncloudcart.com/28510/products/images/1596/matrak-awa-6370a4e7c6ed7_1920x1920.jpeg?1668326661|https://cdncloudcart.com/28510/products/images/1596/matrak-awa-6370a4e838624_1920x1920.jpeg?1668326673
23007168-164-/-190,"Матрак AWA, двулицев - 164 / 190","AWA - лесен избор на изгодна цена Матракът се използва с подматрачна рамка Практичното решение за всеки дом се нарича Awa! Матрак Awa e от базисен TED клас с широко приложение и подходящ за домакинства с всякакъв бюджет. Проектирахме го по специален начин така, че да може да осигури оптимална подкрепа на тялото и да подобри качеството на съня. Класическа конструкция на пружинната система бонел е с добавени слоеве полиуретанова Body Care&trade; пяна за придаде допълнителна стабилност. Отличното съчетание на здравина, комфорт и добрата проветривост на ядрото са гаранция за един спокоен и пълноценен сън. Този практичен модел изненадва с красива, омекотяваща и изключително приятна на допир повърхност, която не се деформира и не губи от обема си. Ортопедично ядро с бонел за стабилна поддръжка там, където е необходимо, а повърхността от пяна следва извивките на тялото. Обемна прошивка омекотява съпротивлението. Мемори частиците в нея бързо възстановяват формата си, за да се наслаждаваш на винаги гладка и нежна повърхност. Как съчетахме устойчивост и стабилна опора? ✓ Бонел пружинна система Класическа и добре позната пружинна система. Свързаните помежду си пружини осигуряват устойчива опора, дори в точките с най-голям натиск. Издръжлива и стабилна система, с добра еластичност и дълъг живот. ✓ Полиуретанова Body Care &trade; пяна Материал с добра плътност, който поддържа тялото и предотвратява създаването на изолирани зони на тежест и дискомфорт. Полиуретановата пяна е лесна за профилиране, което ѝ придава допълнителни анатомични свойства. ✓ Иглонабит филц Използва се като разделителен слой върху пружинените пакети за стабилизиране на структурата и равномерно разпределение на товара по цялата площ на матрака. ✓ Текстил Текстил Dura Point, прошит пух &ndash; полиуретанова и мемори пяна, влакна, нетъкан текстил. За кого е подходящ матрак Awa? Двулицев матрак Awa е идеален избор за практиците и класиците, които залагат на сигурни и утвърдени продукти. Матракът е произведен в България и покупката му ти носи 5 години гаранция.",Матраци,1,247.47,185.60,100,https://cdncloudcart.com/28510/products/images/1596/matrak-awa-6370a4e6140ea_1280x1280.png?1668326651|https://cdncloudcart.com/28510/products/images/1596/matrak-awa-6370a4e6d92c9_1280x1280.png?1668326671|https://cdncloudcart.com/28510/products/images/1596/matrak-awa-6370a4e75442b_1280x1280.png?1668326658|https://cdncloudcart.com/28510/products/images/1596/matrak-awa-6370a4e7c6ed7_1920x1920.jpeg?1668326661|https://cdncloudcart.com/28510/products/images/1596/matrak-awa-6370a4e838624_1920x1920.jpeg?1668326673
23007168-164-/-200,"Матрак AWA, двулицев - 164 / 200","AWA - лесен избор на изгодна цена Матракът се използва с подматрачна рамка Практичното решение за всеки дом се нарича Awa! Матрак Awa e от базисен TED клас с широко приложение и подходящ за домакинства с всякакъв бюджет. Проектирахме го по специален начин така, че да може да осигури оптимална подкрепа на тялото и да подобри качеството на съня. Класическа конструкция на пружинната система бонел е с добавени слоеве полиуретанова Body Care&trade; пяна за придаде допълнителна стабилност. Отличното съчетание на здравина, комфорт и добрата проветривост на ядрото са гаранция за един спокоен и пълноценен сън. Този практичен модел изненадва с красива, омекотяваща и изключително приятна на допир повърхност, която не се деформира и не губи от обема си. Ортопедично ядро с бонел за стабилна поддръжка там, където е необходимо, а повърхността от пяна следва извивките на тялото. Обемна прошивка омекотява съпротивлението. Мемори частиците в нея бързо възстановяват формата си, за да се наслаждаваш на винаги гладка и нежна повърхност. Как съчетахме устойчивост и стабилна опора? ✓ Бонел пружинна система Класическа и добре позната пружинна система. Свързаните помежду си пружини осигуряват устойчива опора, дори в точките с най-голям натиск. Издръжлива и стабилна система, с добра еластичност и дълъг живот. ✓ Полиуретанова Body Care &trade; пяна Материал с добра плътност, който поддържа тялото и предотвратява създаването на изолирани зони на тежест и дискомфорт. Полиуретановата пяна е лесна за профилиране, което ѝ придава допълнителни анатомични свойства. ✓ Иглонабит филц Използва се като разделителен слой върху пружинените пакети за стабилизиране на структурата и равномерно разпределение на товара по цялата площ на матрака. ✓ Текстил Текстил Dura Point, прошит пух &ndash; полиуретанова и мемори пяна, влакна, нетъкан текстил. За кого е подходящ матрак Awa? Двулицев матрак Awa е идеален избор за практиците и класиците, които залагат на сигурни и утвърдени продукти. Матракът е произведен в България и покупката му ти носи 5 години гаранция.",Матраци,1,256.16,192.12,100,https://cdncloudcart.com/28510/products/images/1596/matrak-awa-6370a4e6140ea_1280x1280.png?1668326651|https://cdncloudcart.com/28510/products/images/1596/matrak-awa-6370a4e6d92c9_1280x1280.png?1668326671|https://cdncloudcart.com/28510/products/images/1596/matrak-awa-6370a4e75442b_1280x1280.png?1668326658|https://cdncloudcart.com/28510/products/images/1596/matrak-awa-6370a4e7c6ed7_1920x1920.jpeg?1668326661|https://cdncloudcart.com/28510/products/images/1596/matrak-awa-6370a4e838624_1920x1920.jpeg?1668326673
23007168-180-/-200,"Матрак AWA, двулицев - 180 / 200","AWA - лесен избор на изгодна цена Матракът се използва с подматрачна рамка Практичното решение за всеки дом се нарича Awa! Матрак Awa e от базисен TED клас с широко приложение и подходящ за домакинства с всякакъв бюджет. Проектирахме го по специален начин така, че да може да осигури оптимална подкрепа на тялото и да подобри качеството на съня. Класическа конструкция на пружинната система бонел е с добавени слоеве полиуретанова Body Care&trade; пяна за придаде допълнителна стабилност. Отличното съчетание на здравина, комфорт и добрата проветривост на ядрото са гаранция за един спокоен и пълноценен сън. Този практичен модел изненадва с красива, омекотяваща и изключително приятна на допир повърхност, която не се деформира и не губи от обема си. Ортопедично ядро с бонел за стабилна поддръжка там, където е необходимо, а повърхността от пяна следва извивките на тялото. Обемна прошивка омекотява съпротивлението. Мемори частиците в нея бързо възстановяват формата си, за да се наслаждаваш на винаги гладка и нежна повърхност. Как съчетахме устойчивост и стабилна опора? ✓ Бонел пружинна система Класическа и добре позната пружинна система. Свързаните помежду си пружини осигуряват устойчива опора, дори в точките с най-голям натиск. Издръжлива и стабилна система, с добра еластичност и дълъг живот. ✓ Полиуретанова Body Care &trade; пяна Материал с добра плътност, който поддържа тялото и предотвратява създаването на изолирани зони на тежест и дискомфорт. Полиуретановата пяна е лесна за профилиране, което ѝ придава допълнителни анатомични свойства. ✓ Иглонабит филц Използва се като разделителен слой върху пружинените пакети за стабилизиране на структурата и равномерно разпределение на товара по цялата площ на матрака. ✓ Текстил Текстил Dura Point, прошит пух &ndash; полиуретанова и мемори пяна, влакна, нетъкан текстил. За кого е подходящ матрак Awa? Двулицев матрак Awa е идеален избор за практиците и класиците, които залагат на сигурни и утвърдени продукти. Матракът е произведен в България и покупката му ти носи 5 години гаранция.",Матраци,1,282.23,211.67,100,https://cdncloudcart.com/28510/products/images/1596/matrak-awa-6370a4e6140ea_1280x1280.png?1668326651|https://cdncloudcart.com/28510/products/images/1596/matrak-awa-6370a4e6d92c9_1280x1280.png?1668326671|https://cdncloudcart.com/28510/products/images/1596/matrak-awa-6370a4e75442b_1280x1280.png?1668326658|https://cdncloudcart.com/28510/products/images/1596/matrak-awa-6370a4e7c6ed7_1920x1920.jpeg?1668326661|https://cdncloudcart.com/28510/products/images/1596/matrak-awa-6370a4e838624_1920x1920.jpeg?1668326673
23008638-1-72-/-190,"Матрак CASHMERE DREAM, двулицев - 72 / 190","Този модел е направен изцяло от еластична пяна и предоставя отличен комфорт. Използваната BodyCare пяна е високотехнологичен материал с отлични характеристики и плътност. Специалната структура ѝ позволява да се адаптира лесно и да поеме нежно натиска от тежестта на тялото , който се усеща най-много в таза, гърба и раменете. По този начин матрак Cashmere Dream осигурява спокойна и релаксирана позиция на тялото през цялата нощ , което предотвратява болки, схващания и напрежение по време на сън. Повърхността на матрака е обогатена с двоен слой мемори пяна , което предлага допълнителна мекота и удобство. Освен това дава възможност да избирате между по-мека и твърда страна според индивидуалното предпочитание за комфорт. Дамаската е от плат TED Cashmеrе &ndash; изработен с истински луксозни, естествени кашмирени нишки . Уникално фини, меки и приятни на допир. Със средна степен на твърдост. Ще се събуждате наистина отпочинали и заредени за новия ден!",Матраци,1,195.82,146.87,100,https://cdncloudcart.com/28510/products/images/1598/matrak-cashmere-dream-6370a90266412_1920x1920.png?1668327723|https://cdncloudcart.com/28510/products/images/1598/matrak-cashmere-dream-6370a900f0b2c_1920x1920.jpeg?1668327699|https://cdncloudcart.com/28510/products/images/1598/matrak-cashmere-dream-6370a7c6badea_800x800.jpeg?1668327688
23008638-1-80-/-200,"Матрак CASHMERE DREAM, двулицев - 80 / 200","Този модел е направен изцяло от еластична пяна и предоставя отличен комфорт. Използваната BodyCare пяна е високотехнологичен материал с отлични характеристики и плътност. Специалната структура ѝ позволява да се адаптира лесно и да поеме нежно натиска от тежестта на тялото , който се усеща най-много в таза, гърба и раменете. По този начин матрак Cashmere Dream осигурява спокойна и релаксирана позиция на тялото през цялата нощ , което предотвратява болки, схващания и напрежение по време на сън. Повърхността на матрака е обогатена с двоен слой мемори пяна , което предлага допълнителна мекота и удобство. Освен това дава възможност да избирате между по-мека и твърда страна според индивидуалното предпочитание за комфорт. Дамаската е от плат TED Cashmеrе &ndash; изработен с истински луксозни, естествени кашмирени нишки . Уникално фини, меки и приятни на допир. Със средна степен на твърдост. Ще се събуждате наистина отпочинали и заредени за новия ден!",Матраци,1,229.06,171.80,100,https://cdncloudcart.com/28510/products/images/1598/matrak-cashmere-dream-6370a90266412_1920x1920.png?1668327723|https://cdncloudcart.com/28510/products/images/1598/matrak-cashmere-dream-6370a900f0b2c_1920x1920.jpeg?1668327699|https://cdncloudcart.com/28510/products/images/1598/matrak-cashmere-dream-6370a7c6badea_800x800.jpeg?1668327688
23008638-1-82-/-190,"Матрак CASHMERE DREAM, двулицев - 82 / 190","Този модел е направен изцяло от еластична пяна и предоставя отличен комфорт. Използваната BodyCare пяна е високотехнологичен материал с отлични характеристики и плътност. Специалната структура ѝ позволява да се адаптира лесно и да поеме нежно натиска от тежестта на тялото , който се усеща най-много в таза, гърба и раменете. По този начин матрак Cashmere Dream осигурява спокойна и релаксирана позиция на тялото през цялата нощ , което предотвратява болки, схващания и напрежение по време на сън. Повърхността на матрака е обогатена с двоен слой мемори пяна , което предлага допълнителна мекота и удобство. Освен това дава възможност да избирате между по-мека и твърда страна според индивидуалното предпочитание за комфорт. Дамаската е от плат TED Cashmеrе &ndash; изработен с истински луксозни, естествени кашмирени нишки . Уникално фини, меки и приятни на допир. Със средна степен на твърдост. Ще се събуждате наистина отпочинали и заредени за новия ден!",Матраци,1,223.43,167.57,100,https://cdncloudcart.com/28510/products/images/1598/matrak-cashmere-dream-6370a90266412_1920x1920.png?1668327723|https://cdncloudcart.com/28510/products/images/1598/matrak-cashmere-dream-6370a900f0b2c_1920x1920.jpeg?1668327699|https://cdncloudcart.com/28510/products/images/1598/matrak-cashmere-dream-6370a7c6badea_800x800.jpeg?1668327688
23008638-1-90-/-190,"Матрак CASHMERE DREAM, двулицев - 90 / 190","Този модел е направен изцяло от еластична пяна и предоставя отличен комфорт. Използваната BodyCare пяна е високотехнологичен материал с отлични характеристики и плътност. Специалната структура ѝ позволява да се адаптира лесно и да поеме нежно натиска от тежестта на тялото , който се усеща най-много в таза, гърба и раменете. По този начин матрак Cashmere Dream осигурява спокойна и релаксирана позиция на тялото през цялата нощ , което предотвратява болки, схващания и напрежение по време на сън. Повърхността на матрака е обогатена с двоен слой мемори пяна , което предлага допълнителна мекота и удобство. Освен това дава възможност да избирате между по-мека и твърда страна според индивидуалното предпочитание за комфорт. Дамаската е от плат TED Cashmеrе &ndash; изработен с истински луксозни, естествени кашмирени нишки . Уникално фини, меки и приятни на допир. Със средна степен на твърдост. Ще се събуждате наистина отпочинали и заредени за новия ден!",Матраци,1,244.91,183.68,100,https://cdncloudcart.com/28510/products/images/1598/matrak-cashmere-dream-6370a90266412_1920x1920.png?1668327723|https://cdncloudcart.com/28510/products/images/1598/matrak-cashmere-dream-6370a900f0b2c_1920x1920.jpeg?1668327699|https://cdncloudcart.com/28510/products/images/1598/matrak-cashmere-dream-6370a7c6badea_800x800.jpeg?1668327688
23008638-1-90-/-200,"Матрак CASHMERE DREAM, двулицев - 90 / 200","Този модел е направен изцяло от еластична пяна и предоставя отличен комфорт. Използваната BodyCare пяна е високотехнологичен материал с отлични характеристики и плътност. Специалната структура ѝ позволява да се адаптира лесно и да поеме нежно натиска от тежестта на тялото , който се усеща най-много в таза, гърба и раменете. По този начин матрак Cashmere Dream осигурява спокойна и релаксирана позиция на тялото през цялата нощ , което предотвратява болки, схващания и напрежение по време на сън. Повърхността на матрака е обогатена с двоен слой мемори пяна , което предлага допълнителна мекота и удобство. Освен това дава възможност да избирате между по-мека и твърда страна според индивидуалното предпочитание за комфорт. Дамаската е от плат TED Cashmеrе &ndash; изработен с истински луксозни, естествени кашмирени нишки . Уникално фини, меки и приятни на допир. Със средна степен на твърдост. Ще се събуждате наистина отпочинали и заредени за новия ден!",Матраци,1,257.69,193.27,100,https://cdncloudcart.com/28510/products/images/1598/matrak-cashmere-dream-6370a90266412_1920x1920.png?1668327723|https://cdncloudcart.com/28510/products/images/1598/matrak-cashmere-dream-6370a900f0b2c_1920x1920.jpeg?1668327699|https://cdncloudcart.com/28510/products/images/1598/matrak-cashmere-dream-6370a7c6badea_800x800.jpeg?1668327688
23008638-1-100-/-200,"Матрак CASHMERE DREAM, двулицев - 100 / 200","Този модел е направен изцяло от еластична пяна и предоставя отличен комфорт. Използваната BodyCare пяна е високотехнологичен материал с отлични характеристики и плътност. Специалната структура ѝ позволява да се адаптира лесно и да поеме нежно натиска от тежестта на тялото , който се усеща най-много в таза, гърба и раменете. По този начин матрак Cashmere Dream осигурява спокойна и релаксирана позиция на тялото през цялата нощ , което предотвратява болки, схващания и напрежение по време на сън. Повърхността на матрака е обогатена с двоен слой мемори пяна , което предлага допълнителна мекота и удобство. Освен това дава възможност да избирате между по-мека и твърда страна според индивидуалното предпочитание за комфорт. Дамаската е от плат TED Cashmеrе &ndash; изработен с истински луксозни, естествени кашмирени нишки . Уникално фини, меки и приятни на допир. Със средна степен на твърдост. Ще се събуждате наистина отпочинали и заредени за новия ден!",Матраци,1,288.88,216.66,100,https://cdncloudcart.com/28510/products/images/1598/matrak-cashmere-dream-6370a90266412_1920x1920.png?1668327723|https://cdncloudcart.com/28510/products/images/1598/matrak-cashmere-dream-6370a900f0b2c_1920x1920.jpeg?1668327699|https://cdncloudcart.com/28510/products/images/1598/matrak-cashmere-dream-6370a7c6badea_800x800.jpeg?1668327688
23008638-1-114-/-190,"Матрак CASHMERE DREAM, двулицев - 114 / 190","Този модел е направен изцяло от еластична пяна и предоставя отличен комфорт. Използваната BodyCare пяна е високотехнологичен материал с отлични характеристики и плътност. Специалната структура ѝ позволява да се адаптира лесно и да поеме нежно натиска от тежестта на тялото , който се усеща най-много в таза, гърба и раменете. По този начин матрак Cashmere Dream осигурява спокойна и релаксирана позиция на тялото през цялата нощ , което предотвратява болки, схващания и напрежение по време на сън. Повърхността на матрака е обогатена с двоен слой мемори пяна , което предлага допълнителна мекота и удобство. Освен това дава възможност да избирате между по-мека и твърда страна според индивидуалното предпочитание за комфорт. Дамаската е от плат TED Cashmеrе &ndash; изработен с истински луксозни, естествени кашмирени нишки . Уникално фини, меки и приятни на допир. Със средна степен на твърдост. Ще се събуждате наистина отпочинали и заредени за новия ден!",Матраци,1,294.50,220.88,100,https://cdncloudcart.com/28510/products/images/1598/matrak-cashmere-dream-6370a90266412_1920x1920.png?1668327723|https://cdncloudcart.com/28510/products/images/1598/matrak-cashmere-dream-6370a900f0b2c_1920x1920.jpeg?1668327699|https://cdncloudcart.com/28510/products/images/1598/matrak-cashmere-dream-6370a7c6badea_800x800.jpeg?1668327688
23008638-1-120-/-190,"Матрак CASHMERE DREAM, двулицев - 120 / 190","Този модел е направен изцяло от еластична пяна и предоставя отличен комфорт. Използваната BodyCare пяна е високотехнологичен материал с отлични характеристики и плътност. Специалната структура ѝ позволява да се адаптира лесно и да поеме нежно натиска от тежестта на тялото , който се усеща най-много в таза, гърба и раменете. По този начин матрак Cashmere Dream осигурява спокойна и релаксирана позиция на тялото през цялата нощ , което предотвратява болки, схващания и напрежение по време на сън. Повърхността на матрака е обогатена с двоен слой мемори пяна , което предлага допълнителна мекота и удобство. Освен това дава възможност да избирате между по-мека и твърда страна според индивидуалното предпочитание за комфорт. Дамаската е от плат TED Cashmеrе &ndash; изработен с истински луксозни, естествени кашмирени нишки . Уникално фини, меки и приятни на допир. Със средна степен на твърдост. Ще се събуждате наистина отпочинали и заредени за новия ден!",Матраци,1,305.75,229.31,100,https://cdncloudcart.com/28510/products/images/1598/matrak-cashmere-dream-6370a90266412_1920x1920.png?1668327723|https://cdncloudcart.com/28510/products/images/1598/matrak-cashmere-dream-6370a900f0b2c_1920x1920.jpeg?1668327699|https://cdncloudcart.com/28510/products/images/1598/matrak-cashmere-dream-6370a7c6badea_800x800.jpeg?1668327688
23008638-1-120-/-200,"Матрак CASHMERE DREAM, двулицев - 120 / 200","Този модел е направен изцяло от еластична пяна и предоставя отличен комфорт. Използваната BodyCare пяна е високотехнологичен материал с отлични характеристики и плътност. Специалната структура ѝ позволява да се адаптира лесно и да поеме нежно натиска от тежестта на тялото , който се усеща най-много в таза, гърба и раменете. По този начин матрак Cashmere Dream осигурява спокойна и релаксирана позиция на тялото през цялата нощ , което предотвратява болки, схващания и напрежение по време на сън. Повърхността на матрака е обогатена с двоен слой мемори пяна , което предлага допълнителна мекота и удобство. Освен това дава възможност да избирате между по-мека и твърда страна според индивидуалното предпочитание за комфорт. Дамаската е от плат TED Cashmеrе &ndash; изработен с истински луксозни, естествени кашмирени нишки . Уникално фини, меки и приятни на допир. Със средна степен на твърдост. Ще се събуждате наистина отпочинали и заредени за новия ден!",Матраци,1,321.60,241.20,100,https://cdncloudcart.com/28510/products/images/1598/matrak-cashmere-dream-6370a90266412_1920x1920.png?1668327723|https://cdncloudcart.com/28510/products/images/1598/matrak-cashmere-dream-6370a900f0b2c_1920x1920.jpeg?1668327699|https://cdncloudcart.com/28510/products/images/1598/matrak-cashmere-dream-6370a7c6badea_800x800.jpeg?1668327688
23008638-1-140-/-190,"Матрак CASHMERE DREAM, двулицев - 140 / 190","Този модел е направен изцяло от еластична пяна и предоставя отличен комфорт. Използваната BodyCare пяна е високотехнологичен материал с отлични характеристики и плътност. Специалната структура ѝ позволява да се адаптира лесно и да поеме нежно натиска от тежестта на тялото , който се усеща най-много в таза, гърба и раменете. По този начин матрак Cashmere Dream осигурява спокойна и релаксирана позиция на тялото през цялата нощ , което предотвратява болки, схващания и напрежение по време на сън. Повърхността на матрака е обогатена с двоен слой мемори пяна , което предлага допълнителна мекота и удобство. Освен това дава възможност да избирате между по-мека и твърда страна според индивидуалното предпочитание за комфорт. Дамаската е от плат TED Cashmеrе &ndash; изработен с истински луксозни, естествени кашмирени нишки . Уникално фини, меки и приятни на допир. Със средна степен на твърдост. Ще се събуждате наистина отпочинали и заредени за новия ден!",Матраци,1,314.44,235.83,100,https://cdncloudcart.com/28510/products/images/1598/matrak-cashmere-dream-6370a90266412_1920x1920.png?1668327723|https://cdncloudcart.com/28510/products/images/1598/matrak-cashmere-dream-6370a900f0b2c_1920x1920.jpeg?1668327699|https://cdncloudcart.com/28510/products/images/1598/matrak-cashmere-dream-6370a7c6badea_800x800.jpeg?1668327688
23008638-1-140-/-200,"Матрак CASHMERE DREAM, двулицев - 140 / 200","Този модел е направен изцяло от еластична пяна и предоставя отличен комфорт. Използваната BodyCare пяна е високотехнологичен материал с отлични характеристики и плътност. Специалната структура ѝ позволява да се адаптира лесно и да поеме нежно натиска от тежестта на тялото , който се усеща най-много в таза, гърба и раменете. По този начин матрак Cashmere Dream осигурява спокойна и релаксирана позиция на тялото през цялата нощ , което предотвратява болки, схващания и напрежение по време на сън. Повърхността на матрака е обогатена с двоен слой мемори пяна , което предлага допълнителна мекота и удобство. Освен това дава възможност да избирате между по-мека и твърда страна според индивидуалното предпочитание за комфорт. Дамаската е от плат TED Cashmеrе &ndash; изработен с истински луксозни, естествени кашмирени нишки . Уникално фини, меки и приятни на допир. Със средна степен на твърдост. Ще се събуждате наистина отпочинали и заредени за новия ден!",Матраци,1,330.81,248.11,100,https://cdncloudcart.com/28510/products/images/1598/matrak-cashmere-dream-6370a90266412_1920x1920.png?1668327723|https://cdncloudcart.com/28510/products/images/1598/matrak-cashmere-dream-6370a900f0b2c_1920x1920.jpeg?1668327699|https://cdncloudcart.com/28510/products/images/1598/matrak-cashmere-dream-6370a7c6badea_800x800.jpeg?1668327688
23008638-1-144-/-190,"Матрак CASHMERE DREAM, двулицев - 144 / 190","Този модел е направен изцяло от еластична пяна и предоставя отличен комфорт. Използваната BodyCare пяна е високотехнологичен материал с отлични характеристики и плътност. Специалната структура ѝ позволява да се адаптира лесно и да поеме нежно натиска от тежестта на тялото , който се усеща най-много в таза, гърба и раменете. По този начин матрак Cashmere Dream осигурява спокойна и релаксирана позиция на тялото през цялата нощ , което предотвратява болки, схващания и напрежение по време на сън. Повърхността на матрака е обогатена с двоен слой мемори пяна , което предлага допълнителна мекота и удобство. Освен това дава възможност да избирате между по-мека и твърда страна според индивидуалното предпочитание за комфорт. Дамаската е от плат TED Cashmеrе &ndash; изработен с истински луксозни, естествени кашмирени нишки . Уникално фини, меки и приятни на допир. Със средна степен на твърдост. Ще се събуждате наистина отпочинали и заредени за новия ден!",Матраци,1,323.65,242.74,100,https://cdncloudcart.com/28510/products/images/1598/matrak-cashmere-dream-6370a90266412_1920x1920.png?1668327723|https://cdncloudcart.com/28510/products/images/1598/matrak-cashmere-dream-6370a900f0b2c_1920x1920.jpeg?1668327699|https://cdncloudcart.com/28510/products/images/1598/matrak-cashmere-dream-6370a7c6badea_800x800.jpeg?1668327688
23008638-1-160-/-190,"Матрак CASHMERE DREAM, двулицев - 160 / 190","Този модел е направен изцяло от еластична пяна и предоставя отличен комфорт. Използваната BodyCare пяна е високотехнологичен материал с отлични характеристики и плътност. Специалната структура ѝ позволява да се адаптира лесно и да поеме нежно натиска от тежестта на тялото , който се усеща най-много в таза, гърба и раменете. По този начин матрак Cashmere Dream осигурява спокойна и релаксирана позиция на тялото през цялата нощ , което предотвратява болки, схващания и напрежение по време на сън. Повърхността на матрака е обогатена с двоен слой мемори пяна , което предлага допълнителна мекота и удобство. Освен това дава възможност да избирате между по-мека и твърда страна според индивидуалното предпочитание за комфорт. Дамаската е от плат TED Cashmеrе &ndash; изработен с истински луксозни, естествени кашмирени нишки . Уникално фини, меки и приятни на допир. Със средна степен на твърдост. Ще се събуждате наистина отпочинали и заредени за новия ден!",Матраци,1,359.44,269.58,100,https://cdncloudcart.com/28510/products/images/1598/matrak-cashmere-dream-6370a90266412_1920x1920.png?1668327723|https://cdncloudcart.com/28510/products/images/1598/matrak-cashmere-dream-6370a900f0b2c_1920x1920.jpeg?1668327699|https://cdncloudcart.com/28510/products/images/1598/matrak-cashmere-dream-6370a7c6badea_800x800.jpeg?1668327688
23008638-1-160-/-200,"Матрак CASHMERE DREAM, двулицев - 160 / 200","Този модел е направен изцяло от еластична пяна и предоставя отличен комфорт. Използваната BodyCare пяна е високотехнологичен материал с отлични характеристики и плътност. Специалната структура ѝ позволява да се адаптира лесно и да поеме нежно натиска от тежестта на тялото , който се усеща най-много в таза, гърба и раменете. По този начин матрак Cashmere Dream осигурява спокойна и релаксирана позиция на тялото през цялата нощ , което предотвратява болки, схващания и напрежение по време на сън. Повърхността на матрака е обогатена с двоен слой мемори пяна , което предлага допълнителна мекота и удобство. Освен това дава възможност да избирате между по-мека и твърда страна според индивидуалното предпочитание за комфорт. Дамаската е от плат TED Cashmеrе &ndash; изработен с истински луксозни, естествени кашмирени нишки . Уникално фини, меки и приятни на допир. Със средна степен на твърдост. Ще се събуждате наистина отпочинали и заредени за новия ден!",Матраци,1,378.36,283.77,100,https://cdncloudcart.com/28510/products/images/1598/matrak-cashmere-dream-6370a90266412_1920x1920.png?1668327723|https://cdncloudcart.com/28510/products/images/1598/matrak-cashmere-dream-6370a900f0b2c_1920x1920.jpeg?1668327699|https://cdncloudcart.com/28510/products/images/1598/matrak-cashmere-dream-6370a7c6badea_800x800.jpeg?1668327688
23008638-1-164-/-190,"Матрак CASHMERE DREAM, двулицев - 164 / 190","Този модел е направен изцяло от еластична пяна и предоставя отличен комфорт. Използваната BodyCare пяна е високотехнологичен материал с отлични характеристики и плътност. Специалната структура ѝ позволява да се адаптира лесно и да поеме нежно натиска от тежестта на тялото , който се усеща най-много в таза, гърба и раменете. По този начин матрак Cashmere Dream осигурява спокойна и релаксирана позиция на тялото през цялата нощ , което предотвратява болки, схващания и напрежение по време на сън. Повърхността на матрака е обогатена с двоен слой мемори пяна , което предлага допълнителна мекота и удобство. Освен това дава възможност да избирате между по-мека и твърда страна според индивидуалното предпочитание за комфорт. Дамаската е от плат TED Cashmеrе &ndash; изработен с истински луксозни, естествени кашмирени нишки . Уникално фини, меки и приятни на допир. Със средна степен на твърдост. Ще се събуждате наистина отпочинали и заредени за новия ден!",Матраци,1,368.13,276.10,100,https://cdncloudcart.com/28510/products/images/1598/matrak-cashmere-dream-6370a90266412_1920x1920.png?1668327723|https://cdncloudcart.com/28510/products/images/1598/matrak-cashmere-dream-6370a900f0b2c_1920x1920.jpeg?1668327699|https://cdncloudcart.com/28510/products/images/1598/matrak-cashmere-dream-6370a7c6badea_800x800.jpeg?1668327688
23008638-1-164-/-200,"Матрак CASHMERE DREAM, двулицев - 164 / 200","Този модел е направен изцяло от еластична пяна и предоставя отличен комфорт. Използваната BodyCare пяна е високотехнологичен материал с отлични характеристики и плътност. Специалната структура ѝ позволява да се адаптира лесно и да поеме нежно натиска от тежестта на тялото , който се усеща най-много в таза, гърба и раменете. По този начин матрак Cashmere Dream осигурява спокойна и релаксирана позиция на тялото през цялата нощ , което предотвратява болки, схващания и напрежение по време на сън. Повърхността на матрака е обогатена с двоен слой мемори пяна , което предлага допълнителна мекота и удобство. Освен това дава възможност да избирате между по-мека и твърда страна според индивидуалното предпочитание за комфорт. Дамаската е от плат TED Cashmеrе &ndash; изработен с истински луксозни, естествени кашмирени нишки . Уникално фини, меки и приятни на допир. Със средна степен на твърдост. Ще се събуждате наистина отпочинали и заредени за новия ден!",Матраци,1,387.56,290.67,100,https://cdncloudcart.com/28510/products/images/1598/matrak-cashmere-dream-6370a90266412_1920x1920.png?1668327723|https://cdncloudcart.com/28510/products/images/1598/matrak-cashmere-dream-6370a900f0b2c_1920x1920.jpeg?1668327699|https://cdncloudcart.com/28510/products/images/1598/matrak-cashmere-dream-6370a7c6badea_800x800.jpeg?1668327688
23008638-1-180-/-200,"Матрак CASHMERE DREAM, двулицев - 180 / 200","Този модел е направен изцяло от еластична пяна и предоставя отличен комфорт. Използваната BodyCare пяна е високотехнологичен материал с отлични характеристики и плътност. Специалната структура ѝ позволява да се адаптира лесно и да поеме нежно натиска от тежестта на тялото , който се усеща най-много в таза, гърба и раменете. По този начин матрак Cashmere Dream осигурява спокойна и релаксирана позиция на тялото през цялата нощ , което предотвратява болки, схващания и напрежение по време на сън. Повърхността на матрака е обогатена с двоен слой мемори пяна , което предлага допълнителна мекота и удобство. Освен това дава възможност да избирате между по-мека и твърда страна според индивидуалното предпочитание за комфорт. Дамаската е от плат TED Cashmеrе &ndash; изработен с истински луксозни, естествени кашмирени нишки . Уникално фини, меки и приятни на допир. Със средна степен на твърдост. Ще се събуждате наистина отпочинали и заредени за новия ден!",Матраци,1,425.39,319.04,100,https://cdncloudcart.com/28510/products/images/1598/matrak-cashmere-dream-6370a90266412_1920x1920.png?1668327723|https://cdncloudcart.com/28510/products/images/1598/matrak-cashmere-dream-6370a900f0b2c_1920x1920.jpeg?1668327699|https://cdncloudcart.com/28510/products/images/1598/matrak-cashmere-dream-6370a7c6badea_800x800.jpeg?1668327688
23006808-1-72-/-190,"Матрак FAVOURITE NOVA Orthopedic, двулицев - 72 / 190","Ортопедичен матрак, регистриран от Българска агенция по лекарствата. Медицинско изделие със сертификат № BG/CA01/MD0017/10.11.2017 TED ви представя Favourite Nova Orthopedic , матрак от колекцията на TED Bed. Ортопедичен матрак, регистриран от Българска агенция по лекарствата. Този изключителен матрак се отличава с най-високо качество, гарантирано от лаборатории LG А, Германия . Favourite Nova Orthopedic е практичен и удобен матрак и е най-продаваният модел в този клас матраци . Това е първият матрак, който е създаден с интелигентната технология i - Springs Super Comfort за прецизна поддръжка и с обособени 7 зони на комфорт . Повече от 400 малки мулти покет пружинки реагират на всяко движение , без да го прехвърлят към съседните точки. Компактна високоеластична пяна осигурява максимално удобство и подпомага ортопедичния ефект на този уникален матрак, а луксозна та прошивка със слой мемори пяна и мек антистатичен текстил TED Balance осигуряват допълнителен комфорт и мекота на цялото тяло . Отличната вентилация на Favourite Nova Orthopedic има способността да предпазва от развитие на микроорганизми и осигурява чиста повърхност с оптимална температура за тялото по време на сън. Ортопедичният матрак Favourite Nova Orthopedic от колекцията на TED BED е вашият отговор, който може да ви помогне по много начини да постигнете желания дълготраен и спокоен сън, който заслужавате . Открийте света на Favourite Nova Orthopedic, регистриран ортопедичен матрак от колекцията на TED BED .",Матраци,1,200.43,150.32,100,https://cdncloudcart.com/28510/products/images/1599/matrak-favourite-nova-orthopedic-6370a9f39f713_1280x1280.jpeg?1668327939|https://cdncloudcart.com/28510/products/images/1599/matrak-favourite-nova-orthopedic-6370a9f64a03d_1280x1280.png?1668327950|https://cdncloudcart.com/28510/products/images/1599/matrak-favourite-nova-orthopedic-6370a9f7222ff_1920x1920.jpeg?1668327954|https://cdncloudcart.com/28510/products/images/1599/matrak-favourite-nova-orthopedic-6370a9f7d970a_1920x1920.jpeg?1668327952
23006808-1-80-/-200,"Матрак FAVOURITE NOVA Orthopedic, двулицев - 80 / 200","Ортопедичен матрак, регистриран от Българска агенция по лекарствата. Медицинско изделие със сертификат № BG/CA01/MD0017/10.11.2017 TED ви представя Favourite Nova Orthopedic , матрак от колекцията на TED Bed. Ортопедичен матрак, регистриран от Българска агенция по лекарствата. Този изключителен матрак се отличава с най-високо качество, гарантирано от лаборатории LG А, Германия . Favourite Nova Orthopedic е практичен и удобен матрак и е най-продаваният модел в този клас матраци . Това е първият матрак, който е създаден с интелигентната технология i - Springs Super Comfort за прецизна поддръжка и с обособени 7 зони на комфорт . Повече от 400 малки мулти покет пружинки реагират на всяко движение , без да го прехвърлят към съседните точки. Компактна високоеластична пяна осигурява максимално удобство и подпомага ортопедичния ефект на този уникален матрак, а луксозна та прошивка със слой мемори пяна и мек антистатичен текстил TED Balance осигуряват допълнителен комфорт и мекота на цялото тяло . Отличната вентилация на Favourite Nova Orthopedic има способността да предпазва от развитие на микроорганизми и осигурява чиста повърхност с оптимална температура за тялото по време на сън. Ортопедичният матрак Favourite Nova Orthopedic от колекцията на TED BED е вашият отговор, който може да ви помогне по много начини да постигнете желания дълготраен и спокоен сън, който заслужавате . Открийте света на Favourite Nova Orthopedic, регистриран ортопедичен матрак от колекцията на TED BED .",Матраци,1,245.42,184.06,100,https://cdncloudcart.com/28510/products/images/1599/matrak-favourite-nova-orthopedic-6370a9f39f713_1280x1280.jpeg?1668327939|https://cdncloudcart.com/28510/products/images/1599/matrak-favourite-nova-orthopedic-6370a9f64a03d_1280x1280.png?1668327950|https://cdncloudcart.com/28510/products/images/1599/matrak-favourite-nova-orthopedic-6370a9f7222ff_1920x1920.jpeg?1668327954|https://cdncloudcart.com/28510/products/images/1599/matrak-favourite-nova-orthopedic-6370a9f7d970a_1920x1920.jpeg?1668327952
23006808-1-82-/-190,"Матрак FAVOURITE NOVA Orthopedic, двулицев - 82 / 190","Ортопедичен матрак, регистриран от Българска агенция по лекарствата. Медицинско изделие със сертификат № BG/CA01/MD0017/10.11.2017 TED ви представя Favourite Nova Orthopedic , матрак от колекцията на TED Bed. Ортопедичен матрак, регистриран от Българска агенция по лекарствата. Този изключителен матрак се отличава с най-високо качество, гарантирано от лаборатории LG А, Германия . Favourite Nova Orthopedic е практичен и удобен матрак и е най-продаваният модел в този клас матраци . Това е първият матрак, който е създаден с интелигентната технология i - Springs Super Comfort за прецизна поддръжка и с обособени 7 зони на комфорт . Повече от 400 малки мулти покет пружинки реагират на всяко движение , без да го прехвърлят към съседните точки. Компактна високоеластична пяна осигурява максимално удобство и подпомага ортопедичния ефект на този уникален матрак, а луксозна та прошивка със слой мемори пяна и мек антистатичен текстил TED Balance осигуряват допълнителен комфорт и мекота на цялото тяло . Отличната вентилация на Favourite Nova Orthopedic има способността да предпазва от развитие на микроорганизми и осигурява чиста повърхност с оптимална температура за тялото по време на сън. Ортопедичният матрак Favourite Nova Orthopedic от колекцията на TED BED е вашият отговор, който може да ви помогне по много начини да постигнете желания дълготраен и спокоен сън, който заслужавате . Открийте света на Favourite Nova Orthopedic, регистриран ортопедичен матрак от колекцията на TED BED .",Матраци,1,236.73,177.55,100,https://cdncloudcart.com/28510/products/images/1599/matrak-favourite-nova-orthopedic-6370a9f39f713_1280x1280.jpeg?1668327939|https://cdncloudcart.com/28510/products/images/1599/matrak-favourite-nova-orthopedic-6370a9f64a03d_1280x1280.png?1668327950|https://cdncloudcart.com/28510/products/images/1599/matrak-favourite-nova-orthopedic-6370a9f7222ff_1920x1920.jpeg?1668327954|https://cdncloudcart.com/28510/products/images/1599/matrak-favourite-nova-orthopedic-6370a9f7d970a_1920x1920.jpeg?1668327952
23006808-1-90-/-190,"Матрак FAVOURITE NOVA Orthopedic, двулицев - 90 / 190","Ортопедичен матрак, регистриран от Българска агенция по лекарствата. Медицинско изделие със сертификат № BG/CA01/MD0017/10.11.2017 TED ви представя Favourite Nova Orthopedic , матрак от колекцията на TED Bed. Ортопедичен матрак, регистриран от Българска агенция по лекарствата. Този изключителен матрак се отличава с най-високо качество, гарантирано от лаборатории LG А, Германия . Favourite Nova Orthopedic е практичен и удобен матрак и е най-продаваният модел в този клас матраци . Това е първият матрак, който е създаден с интелигентната технология i - Springs Super Comfort за прецизна поддръжка и с обособени 7 зони на комфорт . Повече от 400 малки мулти покет пружинки реагират на всяко движение , без да го прехвърлят към съседните точки. Компактна високоеластична пяна осигурява максимално удобство и подпомага ортопедичния ефект на този уникален матрак, а луксозна та прошивка със слой мемори пяна и мек антистатичен текстил TED Balance осигуряват допълнителен комфорт и мекота на цялото тяло . Отличната вентилация на Favourite Nova Orthopedic има способността да предпазва от развитие на микроорганизми и осигурява чиста повърхност с оптимална температура за тялото по време на сън. Ортопедичният матрак Favourite Nova Orthopedic от колекцията на TED BED е вашият отговор, който може да ви помогне по много начини да постигнете желания дълготраен и спокоен сън, който заслужавате . Открийте света на Favourite Nova Orthopedic, регистриран ортопедичен матрак от колекцията на TED BED .",Матраци,1,254.62,190.97,100,https://cdncloudcart.com/28510/products/images/1599/matrak-favourite-nova-orthopedic-6370a9f39f713_1280x1280.jpeg?1668327939|https://cdncloudcart.com/28510/products/images/1599/matrak-favourite-nova-orthopedic-6370a9f64a03d_1280x1280.png?1668327950|https://cdncloudcart.com/28510/products/images/1599/matrak-favourite-nova-orthopedic-6370a9f7222ff_1920x1920.jpeg?1668327954|https://cdncloudcart.com/28510/products/images/1599/matrak-favourite-nova-orthopedic-6370a9f7d970a_1920x1920.jpeg?1668327952
23006808-1-90-/-200,"Матрак FAVOURITE NOVA Orthopedic, двулицев - 90 / 200","Ортопедичен матрак, регистриран от Българска агенция по лекарствата. Медицинско изделие със сертификат № BG/CA01/MD0017/10.11.2017 TED ви представя Favourite Nova Orthopedic , матрак от колекцията на TED Bed. Ортопедичен матрак, регистриран от Българска агенция по лекарствата. Този изключителен матрак се отличава с най-високо качество, гарантирано от лаборатории LG А, Германия . Favourite Nova Orthopedic е практичен и удобен матрак и е най-продаваният модел в този клас матраци . Това е първият матрак, който е създаден с интелигентната технология i - Springs Super Comfort за прецизна поддръжка и с обособени 7 зони на комфорт . Повече от 400 малки мулти покет пружинки реагират на всяко движение , без да го прехвърлят към съседните точки. Компактна високоеластична пяна осигурява максимално удобство и подпомага ортопедичния ефект на този уникален матрак, а луксозна та прошивка със слой мемори пяна и мек антистатичен текстил TED Balance осигуряват допълнителен комфорт и мекота на цялото тяло . Отличната вентилация на Favourite Nova Orthopedic има способността да предпазва от развитие на микроорганизми и осигурява чиста повърхност с оптимална температура за тялото по време на сън. Ортопедичният матрак Favourite Nova Orthopedic от колекцията на TED BED е вашият отговор, който може да ви помогне по много начини да постигнете желания дълготраен и спокоен сън, който заслужавате . Открийте света на Favourite Nova Orthopedic, регистриран ортопедичен матрак от колекцията на TED BED .",Матраци,1,258.71,194.03,100,https://cdncloudcart.com/28510/products/images/1599/matrak-favourite-nova-orthopedic-6370a9f39f713_1280x1280.jpeg?1668327939|https://cdncloudcart.com/28510/products/images/1599/matrak-favourite-nova-orthopedic-6370a9f64a03d_1280x1280.png?1668327950|https://cdncloudcart.com/28510/products/images/1599/matrak-favourite-nova-orthopedic-6370a9f7222ff_1920x1920.jpeg?1668327954|https://cdncloudcart.com/28510/products/images/1599/matrak-favourite-nova-orthopedic-6370a9f7d970a_1920x1920.jpeg?1668327952
23006808-1-100-/-200,"Матрак FAVOURITE NOVA Orthopedic, двулицев - 100 / 200","Ортопедичен матрак, регистриран от Българска агенция по лекарствата. Медицинско изделие със сертификат № BG/CA01/MD0017/10.11.2017 TED ви представя Favourite Nova Orthopedic , матрак от колекцията на TED Bed. Ортопедичен матрак, регистриран от Българска агенция по лекарствата. Този изключителен матрак се отличава с най-високо качество, гарантирано от лаборатории LG А, Германия . Favourite Nova Orthopedic е практичен и удобен матрак и е най-продаваният модел в този клас матраци . Това е първият матрак, който е създаден с интелигентната технология i - Springs Super Comfort за прецизна поддръжка и с обособени 7 зони на комфорт . Повече от 400 малки мулти покет пружинки реагират на всяко движение , без да го прехвърлят към съседните точки. Компактна високоеластична пяна осигурява максимално удобство и подпомага ортопедичния ефект на този уникален матрак, а луксозна та прошивка със слой мемори пяна и мек антистатичен текстил TED Balance осигуряват допълнителен комфорт и мекота на цялото тяло . Отличната вентилация на Favourite Nova Orthopedic има способността да предпазва от развитие на микроорганизми и осигурява чиста повърхност с оптимална температура за тялото по време на сън. Ортопедичният матрак Favourite Nova Orthopedic от колекцията на TED BED е вашият отговор, който може да ви помогне по много начини да постигнете желания дълготраен и спокоен сън, който заслужавате . Открийте света на Favourite Nova Orthopedic, регистриран ортопедичен матрак от колекцията на TED BED .",Матраци,1,285.81,214.36,100,https://cdncloudcart.com/28510/products/images/1599/matrak-favourite-nova-orthopedic-6370a9f39f713_1280x1280.jpeg?1668327939|https://cdncloudcart.com/28510/products/images/1599/matrak-favourite-nova-orthopedic-6370a9f64a03d_1280x1280.png?1668327950|https://cdncloudcart.com/28510/products/images/1599/matrak-favourite-nova-orthopedic-6370a9f7222ff_1920x1920.jpeg?1668327954|https://cdncloudcart.com/28510/products/images/1599/matrak-favourite-nova-orthopedic-6370a9f7d970a_1920x1920.jpeg?1668327952
23006808-1-114-/-190,"Матрак FAVOURITE NOVA Orthopedic, двулицев - 114 / 190","Ортопедичен матрак, регистриран от Българска агенция по лекарствата. Медицинско изделие със сертификат № BG/CA01/MD0017/10.11.2017 TED ви представя Favourite Nova Orthopedic , матрак от колекцията на TED Bed. Ортопедичен матрак, регистриран от Българска агенция по лекарствата. Този изключителен матрак се отличава с най-високо качество, гарантирано от лаборатории LG А, Германия . Favourite Nova Orthopedic е практичен и удобен матрак и е най-продаваният модел в този клас матраци . Това е първият матрак, който е създаден с интелигентната технология i - Springs Super Comfort за прецизна поддръжка и с обособени 7 зони на комфорт . Повече от 400 малки мулти покет пружинки реагират на всяко движение , без да го прехвърлят към съседните точки. Компактна високоеластична пяна осигурява максимално удобство и подпомага ортопедичния ефект на този уникален матрак, а луксозна та прошивка със слой мемори пяна и мек антистатичен текстил TED Balance осигуряват допълнителен комфорт и мекота на цялото тяло . Отличната вентилация на Favourite Nova Orthopedic има способността да предпазва от развитие на микроорганизми и осигурява чиста повърхност с оптимална температура за тялото по време на сън. Ортопедичният матрак Favourite Nova Orthopedic от колекцията на TED BED е вашият отговор, който може да ви помогне по много начини да постигнете желания дълготраен и спокоен сън, който заслужавате . Открийте света на Favourite Nova Orthopedic, регистриран ортопедичен матрак от колекцията на TED BED .",Матраци,1,305.24,228.93,100,https://cdncloudcart.com/28510/products/images/1599/matrak-favourite-nova-orthopedic-6370a9f39f713_1280x1280.jpeg?1668327939|https://cdncloudcart.com/28510/products/images/1599/matrak-favourite-nova-orthopedic-6370a9f64a03d_1280x1280.png?1668327950|https://cdncloudcart.com/28510/products/images/1599/matrak-favourite-nova-orthopedic-6370a9f7222ff_1920x1920.jpeg?1668327954|https://cdncloudcart.com/28510/products/images/1599/matrak-favourite-nova-orthopedic-6370a9f7d970a_1920x1920.jpeg?1668327952
23006808-1-120-/-190,"Матрак FAVOURITE NOVA Orthopedic, двулицев - 120 / 190","Ортопедичен матрак, регистриран от Българска агенция по лекарствата. Медицинско изделие със сертификат № BG/CA01/MD0017/10.11.2017 TED ви представя Favourite Nova Orthopedic , матрак от колекцията на TED Bed. Ортопедичен матрак, регистриран от Българска агенция по лекарствата. Този изключителен матрак се отличава с най-високо качество, гарантирано от лаборатории LG А, Германия . Favourite Nova Orthopedic е практичен и удобен матрак и е най-продаваният модел в този клас матраци . Това е първият матрак, който е създаден с интелигентната технология i - Springs Super Comfort за прецизна поддръжка и с обособени 7 зони на комфорт . Повече от 400 малки мулти покет пружинки реагират на всяко движение , без да го прехвърлят към съседните точки. Компактна високоеластична пяна осигурява максимално удобство и подпомага ортопедичния ефект на този уникален матрак, а луксозна та прошивка със слой мемори пяна и мек антистатичен текстил TED Balance осигуряват допълнителен комфорт и мекота на цялото тяло . Отличната вентилация на Favourite Nova Orthopedic има способността да предпазва от развитие на микроорганизми и осигурява чиста повърхност с оптимална температура за тялото по време на сън. Ортопедичният матрак Favourite Nova Orthopedic от колекцията на TED BED е вашият отговор, който може да ви помогне по много начини да постигнете желания дълготраен и спокоен сън, който заслужавате . Открийте света на Favourite Nova Orthopedic, регистриран ортопедичен матрак от колекцията на TED BED .",Матраци,1,322.11,241.58,100,https://cdncloudcart.com/28510/products/images/1599/matrak-favourite-nova-orthopedic-6370a9f39f713_1280x1280.jpeg?1668327939|https://cdncloudcart.com/28510/products/images/1599/matrak-favourite-nova-orthopedic-6370a9f64a03d_1280x1280.png?1668327950|https://cdncloudcart.com/28510/products/images/1599/matrak-favourite-nova-orthopedic-6370a9f7222ff_1920x1920.jpeg?1668327954|https://cdncloudcart.com/28510/products/images/1599/matrak-favourite-nova-orthopedic-6370a9f7d970a_1920x1920.jpeg?1668327952
23006808-1-120-/-200,"Матрак FAVOURITE NOVA Orthopedic, двулицев - 120 / 200","Ортопедичен матрак, регистриран от Българска агенция по лекарствата. Медицинско изделие със сертификат № BG/CA01/MD0017/10.11.2017 TED ви представя Favourite Nova Orthopedic , матрак от колекцията на TED Bed. Ортопедичен матрак, регистриран от Българска агенция по лекарствата. Този изключителен матрак се отличава с най-високо качество, гарантирано от лаборатории LG А, Германия . Favourite Nova Orthopedic е практичен и удобен матрак и е най-продаваният модел в този клас матраци . Това е първият матрак, който е създаден с интелигентната технология i - Springs Super Comfort за прецизна поддръжка и с обособени 7 зони на комфорт . Повече от 400 малки мулти покет пружинки реагират на всяко движение , без да го прехвърлят към съседните точки. Компактна високоеластична пяна осигурява максимално удобство и подпомага ортопедичния ефект на този уникален матрак, а луксозна та прошивка със слой мемори пяна и мек антистатичен текстил TED Balance осигуряват допълнителен комфорт и мекота на цялото тяло . Отличната вентилация на Favourite Nova Orthopedic има способността да предпазва от развитие на микроорганизми и осигурява чиста повърхност с оптимална температура за тялото по време на сън. Ортопедичният матрак Favourite Nova Orthopedic от колекцията на TED BED е вашият отговор, който може да ви помогне по много начини да постигнете желания дълготраен и спокоен сън, който заслужавате . Открийте света на Favourite Nova Orthopedic, регистриран ортопедичен матрак от колекцията на TED BED .",Матраци,1,341.54,256.16,100,https://cdncloudcart.com/28510/products/images/1599/matrak-favourite-nova-orthopedic-6370a9f39f713_1280x1280.jpeg?1668327939|https://cdncloudcart.com/28510/products/images/1599/matrak-favourite-nova-orthopedic-6370a9f64a03d_1280x1280.png?1668327950|https://cdncloudcart.com/28510/products/images/1599/matrak-favourite-nova-orthopedic-6370a9f7222ff_1920x1920.jpeg?1668327954|https://cdncloudcart.com/28510/products/images/1599/matrak-favourite-nova-orthopedic-6370a9f7d970a_1920x1920.jpeg?1668327952
23006808-1-140-/-190,"Матрак FAVOURITE NOVA Orthopedic, двулицев - 140 / 190","Ортопедичен матрак, регистриран от Българска агенция по лекарствата. Медицинско изделие със сертификат № BG/CA01/MD0017/10.11.2017 TED ви представя Favourite Nova Orthopedic , матрак от колекцията на TED Bed. Ортопедичен матрак, регистриран от Българска агенция по лекарствата. Този изключителен матрак се отличава с най-високо качество, гарантирано от лаборатории LG А, Германия . Favourite Nova Orthopedic е практичен и удобен матрак и е най-продаваният модел в този клас матраци . Това е първият матрак, който е създаден с интелигентната технология i - Springs Super Comfort за прецизна поддръжка и с обособени 7 зони на комфорт . Повече от 400 малки мулти покет пружинки реагират на всяко движение , без да го прехвърлят към съседните точки. Компактна високоеластична пяна осигурява максимално удобство и подпомага ортопедичния ефект на този уникален матрак, а луксозна та прошивка със слой мемори пяна и мек антистатичен текстил TED Balance осигуряват допълнителен комфорт и мекота на цялото тяло . Отличната вентилация на Favourite Nova Orthopedic има способността да предпазва от развитие на микроорганизми и осигурява чиста повърхност с оптимална температура за тялото по време на сън. Ортопедичният матрак Favourite Nova Orthopedic от колекцията на TED BED е вашият отговор, който може да ви помогне по много начини да постигнете желания дълготраен и спокоен сън, който заслужавате . Открийте света на Favourite Nova Orthopedic, регистриран ортопедичен матрак от колекцията на TED BED .",Матраци,1,386.54,289.91,100,https://cdncloudcart.com/28510/products/images/1599/matrak-favourite-nova-orthopedic-6370a9f39f713_1280x1280.jpeg?1668327939|https://cdncloudcart.com/28510/products/images/1599/matrak-favourite-nova-orthopedic-6370a9f64a03d_1280x1280.png?1668327950|https://cdncloudcart.com/28510/products/images/1599/matrak-favourite-nova-orthopedic-6370a9f7222ff_1920x1920.jpeg?1668327954|https://cdncloudcart.com/28510/products/images/1599/matrak-favourite-nova-orthopedic-6370a9f7d970a_1920x1920.jpeg?1668327952
23006808-1-140-/-200,"Матрак FAVOURITE NOVA Orthopedic, двулицев - 140 / 200","Ортопедичен матрак, регистриран от Българска агенция по лекарствата. Медицинско изделие със сертификат № BG/CA01/MD0017/10.11.2017 TED ви представя Favourite Nova Orthopedic , матрак от колекцията на TED Bed. Ортопедичен матрак, регистриран от Българска агенция по лекарствата. Този изключителен матрак се отличава с най-високо качество, гарантирано от лаборатории LG А, Германия . Favourite Nova Orthopedic е практичен и удобен матрак и е най-продаваният модел в този клас матраци . Това е първият матрак, който е създаден с интелигентната технология i - Springs Super Comfort за прецизна поддръжка и с обособени 7 зони на комфорт . Повече от 400 малки мулти покет пружинки реагират на всяко движение , без да го прехвърлят към съседните точки. Компактна високоеластична пяна осигурява максимално удобство и подпомага ортопедичния ефект на този уникален матрак, а луксозна та прошивка със слой мемори пяна и мек антистатичен текстил TED Balance осигуряват допълнителен комфорт и мекота на цялото тяло . Отличната вентилация на Favourite Nova Orthopedic има способността да предпазва от развитие на микроорганизми и осигурява чиста повърхност с оптимална температура за тялото по време на сън. Ортопедичният матрак Favourite Nova Orthopedic от колекцията на TED BED е вашият отговор, който може да ви помогне по много начини да постигнете желания дълготраен и спокоен сън, който заслужавате . Открийте света на Favourite Nova Orthopedic, регистриран ортопедичен матрак от колекцията на TED BED .",Матраци,1,390.12,292.59,100,https://cdncloudcart.com/28510/products/images/1599/matrak-favourite-nova-orthopedic-6370a9f39f713_1280x1280.jpeg?1668327939|https://cdncloudcart.com/28510/products/images/1599/matrak-favourite-nova-orthopedic-6370a9f64a03d_1280x1280.png?1668327950|https://cdncloudcart.com/28510/products/images/1599/matrak-favourite-nova-orthopedic-6370a9f7222ff_1920x1920.jpeg?1668327954|https://cdncloudcart.com/28510/products/images/1599/matrak-favourite-nova-orthopedic-6370a9f7d970a_1920x1920.jpeg?1668327952
23006808-1-144-/-190,"Матрак FAVOURITE NOVA Orthopedic, двулицев - 144 / 190","Ортопедичен матрак, регистриран от Българска агенция по лекарствата. Медицинско изделие със сертификат № BG/CA01/MD0017/10.11.2017 TED ви представя Favourite Nova Orthopedic , матрак от колекцията на TED Bed. Ортопедичен матрак, регистриран от Българска агенция по лекарствата. Този изключителен матрак се отличава с най-високо качество, гарантирано от лаборатории LG А, Германия . Favourite Nova Orthopedic е практичен и удобен матрак и е най-продаваният модел в този клас матраци . Това е първият матрак, който е създаден с интелигентната технология i - Springs Super Comfort за прецизна поддръжка и с обособени 7 зони на комфорт . Повече от 400 малки мулти покет пружинки реагират на всяко движение , без да го прехвърлят към съседните точки. Компактна високоеластична пяна осигурява максимално удобство и подпомага ортопедичния ефект на този уникален матрак, а луксозна та прошивка със слой мемори пяна и мек антистатичен текстил TED Balance осигуряват допълнителен комфорт и мекота на цялото тяло . Отличната вентилация на Favourite Nova Orthopedic има способността да предпазва от развитие на микроорганизми и осигурява чиста повърхност с оптимална температура за тялото по време на сън. Ортопедичният матрак Favourite Nova Orthopedic от колекцията на TED BED е вашият отговор, който може да ви помогне по много начини да постигнете желания дълготраен и спокоен сън, който заслужавате . Открийте света на Favourite Nova Orthopedic, регистриран ортопедичен матрак от колекцията на TED BED .",Матраци,1,401.88,301.41,100,https://cdncloudcart.com/28510/products/images/1599/matrak-favourite-nova-orthopedic-6370a9f39f713_1280x1280.jpeg?1668327939|https://cdncloudcart.com/28510/products/images/1599/matrak-favourite-nova-orthopedic-6370a9f64a03d_1280x1280.png?1668327950|https://cdncloudcart.com/28510/products/images/1599/matrak-favourite-nova-orthopedic-6370a9f7222ff_1920x1920.jpeg?1668327954|https://cdncloudcart.com/28510/products/images/1599/matrak-favourite-nova-orthopedic-6370a9f7d970a_1920x1920.jpeg?1668327952
23006808-1-144-/-200,"Матрак FAVOURITE NOVA Orthopedic, двулицев - 144 / 200","Ортопедичен матрак, регистриран от Българска агенция по лекарствата. Медицинско изделие със сертификат № BG/CA01/MD0017/10.11.2017 TED ви представя Favourite Nova Orthopedic , матрак от колекцията на TED Bed. Ортопедичен матрак, регистриран от Българска агенция по лекарствата. Този изключителен матрак се отличава с най-високо качество, гарантирано от лаборатории LG А, Германия . Favourite Nova Orthopedic е практичен и удобен матрак и е най-продаваният модел в този клас матраци . Това е първият матрак, който е създаден с интелигентната технология i - Springs Super Comfort за прецизна поддръжка и с обособени 7 зони на комфорт . Повече от 400 малки мулти покет пружинки реагират на всяко движение , без да го прехвърлят към съседните точки. Компактна високоеластична пяна осигурява максимално удобство и подпомага ортопедичния ефект на този уникален матрак, а луксозна та прошивка със слой мемори пяна и мек антистатичен текстил TED Balance осигуряват допълнителен комфорт и мекота на цялото тяло . Отличната вентилация на Favourite Nova Orthopedic има способността да предпазва от развитие на микроорганизми и осигурява чиста повърхност с оптимална температура за тялото по време на сън. Ортопедичният матрак Favourite Nova Orthopedic от колекцията на TED BED е вашият отговор, който може да ви помогне по много начини да постигнете желания дълготраен и спокоен сън, който заслужавате . Открийте света на Favourite Nova Orthopedic, регистриран ортопедичен матрак от колекцията на TED BED .",Матраци,1,418.75,314.06,100,https://cdncloudcart.com/28510/products/images/1599/matrak-favourite-nova-orthopedic-6370a9f39f713_1280x1280.jpeg?1668327939|https://cdncloudcart.com/28510/products/images/1599/matrak-favourite-nova-orthopedic-6370a9f64a03d_1280x1280.png?1668327950|https://cdncloudcart.com/28510/products/images/1599/matrak-favourite-nova-orthopedic-6370a9f7222ff_1920x1920.jpeg?1668327954|https://cdncloudcart.com/28510/products/images/1599/matrak-favourite-nova-orthopedic-6370a9f7d970a_1920x1920.jpeg?1668327952
23006808-1-160-/-190,"Матрак FAVOURITE NOVA Orthopedic, двулицев - 160 / 190","Ортопедичен матрак, регистриран от Българска агенция по лекарствата. Медицинско изделие със сертификат № BG/CA01/MD0017/10.11.2017 TED ви представя Favourite Nova Orthopedic , матрак от колекцията на TED Bed. Ортопедичен матрак, регистриран от Българска агенция по лекарствата. Този изключителен матрак се отличава с най-високо качество, гарантирано от лаборатории LG А, Германия . Favourite Nova Orthopedic е практичен и удобен матрак и е най-продаваният модел в този клас матраци . Това е първият матрак, който е създаден с интелигентната технология i - Springs Super Comfort за прецизна поддръжка и с обособени 7 зони на комфорт . Повече от 400 малки мулти покет пружинки реагират на всяко движение , без да го прехвърлят към съседните точки. Компактна високоеластична пяна осигурява максимално удобство и подпомага ортопедичния ефект на този уникален матрак, а луксозна та прошивка със слой мемори пяна и мек антистатичен текстил TED Balance осигуряват допълнителен комфорт и мекота на цялото тяло . Отличната вентилация на Favourite Nova Orthopedic има способността да предпазва от развитие на микроорганизми и осигурява чиста повърхност с оптимална температура за тялото по време на сън. Ортопедичният матрак Favourite Nova Orthopedic от колекцията на TED BED е вашият отговор, който може да ви помогне по много начини да постигнете желания дълготраен и спокоен сън, който заслужавате . Открийте света на Favourite Nova Orthopedic, регистриран ортопедичен матрак от колекцията на TED BED .",Матраци,1,417.21,312.91,100,https://cdncloudcart.com/28510/products/images/1599/matrak-favourite-nova-orthopedic-6370a9f39f713_1280x1280.jpeg?1668327939|https://cdncloudcart.com/28510/products/images/1599/matrak-favourite-nova-orthopedic-6370a9f64a03d_1280x1280.png?1668327950|https://cdncloudcart.com/28510/products/images/1599/matrak-favourite-nova-orthopedic-6370a9f7222ff_1920x1920.jpeg?1668327954|https://cdncloudcart.com/28510/products/images/1599/matrak-favourite-nova-orthopedic-6370a9f7d970a_1920x1920.jpeg?1668327952
23006808-1-160-/-200,"Матрак FAVOURITE NOVA Orthopedic, двулицев - 160 / 200","Ортопедичен матрак, регистриран от Българска агенция по лекарствата. Медицинско изделие със сертификат № BG/CA01/MD0017/10.11.2017 TED ви представя Favourite Nova Orthopedic , матрак от колекцията на TED Bed. Ортопедичен матрак, регистриран от Българска агенция по лекарствата. Този изключителен матрак се отличава с най-високо качество, гарантирано от лаборатории LG А, Германия . Favourite Nova Orthopedic е практичен и удобен матрак и е най-продаваният модел в този клас матраци . Това е първият матрак, който е създаден с интелигентната технология i - Springs Super Comfort за прецизна поддръжка и с обособени 7 зони на комфорт . Повече от 400 малки мулти покет пружинки реагират на всяко движение , без да го прехвърлят към съседните точки. Компактна високоеластична пяна осигурява максимално удобство и подпомага ортопедичния ефект на този уникален матрак, а луксозна та прошивка със слой мемори пяна и мек антистатичен текстил TED Balance осигуряват допълнителен комфорт и мекота на цялото тяло . Отличната вентилация на Favourite Nova Orthopedic има способността да предпазва от развитие на микроорганизми и осигурява чиста повърхност с оптимална температура за тялото по време на сън. Ортопедичният матрак Favourite Nova Orthopedic от колекцията на TED BED е вашият отговор, който може да ви помогне по много начини да постигнете желания дълготраен и спокоен сън, който заслужавате . Открийте света на Favourite Nova Orthopedic, регистриран ортопедичен матрак от колекцията на TED BED .",Матраци,1,433.58,325.19,100,https://cdncloudcart.com/28510/products/images/1599/matrak-favourite-nova-orthopedic-6370a9f39f713_1280x1280.jpeg?1668327939|https://cdncloudcart.com/28510/products/images/1599/matrak-favourite-nova-orthopedic-6370a9f64a03d_1280x1280.png?1668327950|https://cdncloudcart.com/28510/products/images/1599/matrak-favourite-nova-orthopedic-6370a9f7222ff_1920x1920.jpeg?1668327954|https://cdncloudcart.com/28510/products/images/1599/matrak-favourite-nova-orthopedic-6370a9f7d970a_1920x1920.jpeg?1668327952
23006808-1-164-/-190,"Матрак FAVOURITE NOVA Orthopedic, двулицев - 164 / 190","Ортопедичен матрак, регистриран от Българска агенция по лекарствата. Медицинско изделие със сертификат № BG/CA01/MD0017/10.11.2017 TED ви представя Favourite Nova Orthopedic , матрак от колекцията на TED Bed. Ортопедичен матрак, регистриран от Българска агенция по лекарствата. Този изключителен матрак се отличава с най-високо качество, гарантирано от лаборатории LG А, Германия . Favourite Nova Orthopedic е практичен и удобен матрак и е най-продаваният модел в този клас матраци . Това е първият матрак, който е създаден с интелигентната технология i - Springs Super Comfort за прецизна поддръжка и с обособени 7 зони на комфорт . Повече от 400 малки мулти покет пружинки реагират на всяко движение , без да го прехвърлят към съседните точки. Компактна високоеластична пяна осигурява максимално удобство и подпомага ортопедичния ефект на този уникален матрак, а луксозна та прошивка със слой мемори пяна и мек антистатичен текстил TED Balance осигуряват допълнителен комфорт и мекота на цялото тяло . Отличната вентилация на Favourite Nova Orthopedic има способността да предпазва от развитие на микроорганизми и осигурява чиста повърхност с оптимална температура за тялото по време на сън. Ортопедичният матрак Favourite Nova Orthopedic от колекцията на TED BED е вашият отговор, който може да ви помогне по много начини да постигнете желания дълготраен и спокоен сън, който заслужавате . Открийте света на Favourite Nova Orthopedic, регистриран ортопедичен матрак от колекцията на TED BED .",Матраци,1,430.51,322.88,100,https://cdncloudcart.com/28510/products/images/1599/matrak-favourite-nova-orthopedic-6370a9f39f713_1280x1280.jpeg?1668327939|https://cdncloudcart.com/28510/products/images/1599/matrak-favourite-nova-orthopedic-6370a9f64a03d_1280x1280.png?1668327950|https://cdncloudcart.com/28510/products/images/1599/matrak-favourite-nova-orthopedic-6370a9f7222ff_1920x1920.jpeg?1668327954|https://cdncloudcart.com/28510/products/images/1599/matrak-favourite-nova-orthopedic-6370a9f7d970a_1920x1920.jpeg?1668327952
23006808-1-164-/-200,"Матрак FAVOURITE NOVA Orthopedic, двулицев - 164 / 200","Ортопедичен матрак, регистриран от Българска агенция по лекарствата. Медицинско изделие със сертификат № BG/CA01/MD0017/10.11.2017 TED ви представя Favourite Nova Orthopedic , матрак от колекцията на TED Bed. Ортопедичен матрак, регистриран от Българска агенция по лекарствата. Този изключителен матрак се отличава с най-високо качество, гарантирано от лаборатории LG А, Германия . Favourite Nova Orthopedic е практичен и удобен матрак и е най-продаваният модел в този клас матраци . Това е първият матрак, който е създаден с интелигентната технология i - Springs Super Comfort за прецизна поддръжка и с обособени 7 зони на комфорт . Повече от 400 малки мулти покет пружинки реагират на всяко движение , без да го прехвърлят към съседните точки. Компактна високоеластична пяна осигурява максимално удобство и подпомага ортопедичния ефект на този уникален матрак, а луксозна та прошивка със слой мемори пяна и мек антистатичен текстил TED Balance осигуряват допълнителен комфорт и мекота на цялото тяло . Отличната вентилация на Favourite Nova Orthopedic има способността да предпазва от развитие на микроорганизми и осигурява чиста повърхност с оптимална температура за тялото по време на сън. Ортопедичният матрак Favourite Nova Orthopedic от колекцията на TED BED е вашият отговор, който може да ви помогне по много начини да постигнете желания дълготраен и спокоен сън, който заслужавате . Открийте света на Favourite Nova Orthopedic, регистриран ортопедичен матрак от колекцията на TED BED .",Матраци,1,454.54,340.91,100,https://cdncloudcart.com/28510/products/images/1599/matrak-favourite-nova-orthopedic-6370a9f39f713_1280x1280.jpeg?1668327939|https://cdncloudcart.com/28510/products/images/1599/matrak-favourite-nova-orthopedic-6370a9f64a03d_1280x1280.png?1668327950|https://cdncloudcart.com/28510/products/images/1599/matrak-favourite-nova-orthopedic-6370a9f7222ff_1920x1920.jpeg?1668327954|https://cdncloudcart.com/28510/products/images/1599/matrak-favourite-nova-orthopedic-6370a9f7d970a_1920x1920.jpeg?1668327952
23006808-1-180-/-200,"Матрак FAVOURITE NOVA Orthopedic, двулицев - 180 / 200","Ортопедичен матрак, регистриран от Българска агенция по лекарствата. Медицинско изделие със сертификат № BG/CA01/MD0017/10.11.2017 TED ви представя Favourite Nova Orthopedic , матрак от колекцията на TED Bed. Ортопедичен матрак, регистриран от Българска агенция по лекарствата. Този изключителен матрак се отличава с най-високо качество, гарантирано от лаборатории LG А, Германия . Favourite Nova Orthopedic е практичен и удобен матрак и е най-продаваният модел в този клас матраци . Това е първият матрак, който е създаден с интелигентната технология i - Springs Super Comfort за прецизна поддръжка и с обособени 7 зони на комфорт . Повече от 400 малки мулти покет пружинки реагират на всяко движение , без да го прехвърлят към съседните точки. Компактна високоеластична пяна осигурява максимално удобство и подпомага ортопедичния ефект на този уникален матрак, а луксозна та прошивка със слой мемори пяна и мек антистатичен текстил TED Balance осигуряват допълнителен комфорт и мекота на цялото тяло . Отличната вентилация на Favourite Nova Orthopedic има способността да предпазва от развитие на микроорганизми и осигурява чиста повърхност с оптимална температура за тялото по време на сън. Ортопедичният матрак Favourite Nova Orthopedic от колекцията на TED BED е вашият отговор, който може да ви помогне по много начини да постигнете желания дълготраен и спокоен сън, който заслужавате . Открийте света на Favourite Nova Orthopedic, регистриран ортопедичен матрак от колекцията на TED BED .",Матраци,1,483.68,362.76,100,https://cdncloudcart.com/28510/products/images/1599/matrak-favourite-nova-orthopedic-6370a9f39f713_1280x1280.jpeg?1668327939|https://cdncloudcart.com/28510/products/images/1599/matrak-favourite-nova-orthopedic-6370a9f64a03d_1280x1280.png?1668327950|https://cdncloudcart.com/28510/products/images/1599/matrak-favourite-nova-orthopedic-6370a9f7222ff_1920x1920.jpeg?1668327954|https://cdncloudcart.com/28510/products/images/1599/matrak-favourite-nova-orthopedic-6370a9f7d970a_1920x1920.jpeg?1668327952
23005571-1-82-/-190,"Матрак MY CASHMERE, двулицев - 82 / 190","Хибриден многопластов модел матрак Мy Cashmere e продукт на иновативни технологии: i-Springs Super Comfort, Memo Sense Technology и Air Flex Technology. С ядро от зонов пакет мултипокет със 500 бр пружинки /кв.м.; приблизително 900 бр в единичен размер и 1600 бр &ndash; в двоен. Всяка една пружинка е опорна точка, а всички те заедно осигуряват на тялото с лека, динамична, но и стабилна поддръжка . Ядрото на матрак My Cashmere e със 7 зонова конструкция , съобразена със спецификите на тялото; Матрак My Cashmere разполага със слой пяна с висока еластичност от двете страни на пружинния пакет; С допълнителен слой от мемори пяна 2 см в прошивката на матрака от едната страна. Дамаската е от плат TED Cashmеrе &ndash; изработен с истински луксозни, естествени кашмирени нишки. Уникално фини, меки и приятни на допир. Със средна степен на твърдост.",Матраци,1,378.87,284.15,100,https://cdncloudcart.com/28510/products/images/1601/matrak-my-cashmere-6370acf6270b5_1920x1920.png?1668328739|https://cdncloudcart.com/28510/products/images/1601/matrak-my-cashmere-6370acf405b5e_1920x1920.png?1668328722|https://cdncloudcart.com/28510/products/images/1601/matrak-my-cashmere-6370acf4a9d64_800x800.jpeg?1668328723|https://cdncloudcart.com/28510/products/images/1601/matrak-my-cashmere-6370acf6a177a_1920x1920.jpeg?1668328741
23005571-1-90-/-200,"Матрак MY CASHMERE, двулицев - 90 / 200","Хибриден многопластов модел матрак Мy Cashmere e продукт на иновативни технологии: i-Springs Super Comfort, Memo Sense Technology и Air Flex Technology. С ядро от зонов пакет мултипокет със 500 бр пружинки /кв.м.; приблизително 900 бр в единичен размер и 1600 бр &ndash; в двоен. Всяка една пружинка е опорна точка, а всички те заедно осигуряват на тялото с лека, динамична, но и стабилна поддръжка . Ядрото на матрак My Cashmere e със 7 зонова конструкция , съобразена със спецификите на тялото; Матрак My Cashmere разполага със слой пяна с висока еластичност от двете страни на пружинния пакет; С допълнителен слой от мемори пяна 2 см в прошивката на матрака от едната страна. Дамаската е от плат TED Cashmеrе &ndash; изработен с истински луксозни, естествени кашмирени нишки. Уникално фини, меки и приятни на допир. Със средна степен на твърдост.",Матраци,1,400.85,300.64,100,https://cdncloudcart.com/28510/products/images/1601/matrak-my-cashmere-6370acf6270b5_1920x1920.png?1668328739|https://cdncloudcart.com/28510/products/images/1601/matrak-my-cashmere-6370acf405b5e_1920x1920.png?1668328722|https://cdncloudcart.com/28510/products/images/1601/matrak-my-cashmere-6370acf4a9d64_800x800.jpeg?1668328723|https://cdncloudcart.com/28510/products/images/1601/matrak-my-cashmere-6370acf6a177a_1920x1920.jpeg?1668328741
23005571-1-120-/-190,"Матрак MY CASHMERE, двулицев - 120 / 190","Хибриден многопластов модел матрак Мy Cashmere e продукт на иновативни технологии: i-Springs Super Comfort, Memo Sense Technology и Air Flex Technology. С ядро от зонов пакет мултипокет със 500 бр пружинки /кв.м.; приблизително 900 бр в единичен размер и 1600 бр &ndash; в двоен. Всяка една пружинка е опорна точка, а всички те заедно осигуряват на тялото с лека, динамична, но и стабилна поддръжка . Ядрото на матрак My Cashmere e със 7 зонова конструкция , съобразена със спецификите на тялото; Матрак My Cashmere разполага със слой пяна с висока еластичност от двете страни на пружинния пакет; С допълнителен слой от мемори пяна 2 см в прошивката на матрака от едната страна. Дамаската е от плат TED Cashmеrе &ndash; изработен с истински луксозни, естествени кашмирени нишки. Уникално фини, меки и приятни на допир. Със средна степен на твърдост.",Матраци,1,516.92,387.69,100,https://cdncloudcart.com/28510/products/images/1601/matrak-my-cashmere-6370acf6270b5_1920x1920.png?1668328739|https://cdncloudcart.com/28510/products/images/1601/matrak-my-cashmere-6370acf405b5e_1920x1920.png?1668328722|https://cdncloudcart.com/28510/products/images/1601/matrak-my-cashmere-6370acf4a9d64_800x800.jpeg?1668328723|https://cdncloudcart.com/28510/products/images/1601/matrak-my-cashmere-6370acf6a177a_1920x1920.jpeg?1668328741
23005571-1-120-/-200,"Матрак MY CASHMERE, двулицев - 120 / 200","Хибриден многопластов модел матрак Мy Cashmere e продукт на иновативни технологии: i-Springs Super Comfort, Memo Sense Technology и Air Flex Technology. С ядро от зонов пакет мултипокет със 500 бр пружинки /кв.м.; приблизително 900 бр в единичен размер и 1600 бр &ndash; в двоен. Всяка една пружинка е опорна точка, а всички те заедно осигуряват на тялото с лека, динамична, но и стабилна поддръжка . Ядрото на матрак My Cashmere e със 7 зонова конструкция , съобразена със спецификите на тялото; Матрак My Cashmere разполага със слой пяна с висока еластичност от двете страни на пружинния пакет; С допълнителен слой от мемори пяна 2 см в прошивката на матрака от едната страна. Дамаската е от плат TED Cashmеrе &ndash; изработен с истински луксозни, естествени кашмирени нишки. Уникално фини, меки и приятни на допир. Със средна степен на твърдост.",Матраци,1,534.30,400.72,100,https://cdncloudcart.com/28510/products/images/1601/matrak-my-cashmere-6370acf6270b5_1920x1920.png?1668328739|https://cdncloudcart.com/28510/products/images/1601/matrak-my-cashmere-6370acf405b5e_1920x1920.png?1668328722|https://cdncloudcart.com/28510/products/images/1601/matrak-my-cashmere-6370acf4a9d64_800x800.jpeg?1668328723|https://cdncloudcart.com/28510/products/images/1601/matrak-my-cashmere-6370acf6a177a_1920x1920.jpeg?1668328741
23005571-1-140-/-200,"Матрак MY CASHMERE, двулицев - 140 / 200","Хибриден многопластов модел матрак Мy Cashmere e продукт на иновативни технологии: i-Springs Super Comfort, Memo Sense Technology и Air Flex Technology. С ядро от зонов пакет мултипокет със 500 бр пружинки /кв.м.; приблизително 900 бр в единичен размер и 1600 бр &ndash; в двоен. Всяка една пружинка е опорна точка, а всички те заедно осигуряват на тялото с лека, динамична, но и стабилна поддръжка . Ядрото на матрак My Cashmere e със 7 зонова конструкция , съобразена със спецификите на тялото; Матрак My Cashmere разполага със слой пяна с висока еластичност от двете страни на пружинния пакет; С допълнителен слой от мемори пяна 2 см в прошивката на матрака от едната страна. Дамаската е от плат TED Cashmеrе &ndash; изработен с истински луксозни, естествени кашмирени нишки. Уникално фини, меки и приятни на допир. Със средна степен на твърдост.",Матраци,1,641.16,480.87,100,https://cdncloudcart.com/28510/products/images/1601/matrak-my-cashmere-6370acf6270b5_1920x1920.png?1668328739|https://cdncloudcart.com/28510/products/images/1601/matrak-my-cashmere-6370acf405b5e_1920x1920.png?1668328722|https://cdncloudcart.com/28510/products/images/1601/matrak-my-cashmere-6370acf4a9d64_800x800.jpeg?1668328723|https://cdncloudcart.com/28510/products/images/1601/matrak-my-cashmere-6370acf6a177a_1920x1920.jpeg?1668328741
23005571-1-164-/-190,"Матрак MY CASHMERE, двулицев - 164 / 190","Хибриден многопластов модел матрак Мy Cashmere e продукт на иновативни технологии: i-Springs Super Comfort, Memo Sense Technology и Air Flex Technology. С ядро от зонов пакет мултипокет със 500 бр пружинки /кв.м.; приблизително 900 бр в единичен размер и 1600 бр &ndash; в двоен. Всяка една пружинка е опорна точка, а всички те заедно осигуряват на тялото с лека, динамична, но и стабилна поддръжка . Ядрото на матрак My Cashmere e със 7 зонова конструкция , съобразена със спецификите на тялото; Матрак My Cashmere разполага със слой пяна с висока еластичност от двете страни на пружинния пакет; С допълнителен слой от мемори пяна 2 см в прошивката на матрака от едната страна. Дамаската е от плат TED Cashmеrе &ndash; изработен с истински луксозни, естествени кашмирени нишки. Уникално фини, меки и приятни на допир. Със средна степен на твърдост.",Матраци,1,693.82,520.37,100,https://cdncloudcart.com/28510/products/images/1601/matrak-my-cashmere-6370acf6270b5_1920x1920.png?1668328739|https://cdncloudcart.com/28510/products/images/1601/matrak-my-cashmere-6370acf405b5e_1920x1920.png?1668328722|https://cdncloudcart.com/28510/products/images/1601/matrak-my-cashmere-6370acf4a9d64_800x800.jpeg?1668328723|https://cdncloudcart.com/28510/products/images/1601/matrak-my-cashmere-6370acf6a177a_1920x1920.jpeg?1668328741
23005571-1-180-/-200,"Матрак MY CASHMERE, двулицев - 180 / 200","Хибриден многопластов модел матрак Мy Cashmere e продукт на иновативни технологии: i-Springs Super Comfort, Memo Sense Technology и Air Flex Technology. С ядро от зонов пакет мултипокет със 500 бр пружинки /кв.м.; приблизително 900 бр в единичен размер и 1600 бр &ndash; в двоен. Всяка една пружинка е опорна точка, а всички те заедно осигуряват на тялото с лека, динамична, но и стабилна поддръжка . Ядрото на матрак My Cashmere e със 7 зонова конструкция , съобразена със спецификите на тялото; Матрак My Cashmere разполага със слой пяна с висока еластичност от двете страни на пружинния пакет; С допълнителен слой от мемори пяна 2 см в прошивката на матрака от едната страна. Дамаската е от плат TED Cashmеrе &ndash; изработен с истински луксозни, естествени кашмирени нишки. Уникално фини, меки и приятни на допир. Със средна степен на твърдост.",Матраци,1,765.40,574.05,100,https://cdncloudcart.com/28510/products/images/1601/matrak-my-cashmere-6370acf6270b5_1920x1920.png?1668328739|https://cdncloudcart.com/28510/products/images/1601/matrak-my-cashmere-6370acf405b5e_1920x1920.png?1668328722|https://cdncloudcart.com/28510/products/images/1601/matrak-my-cashmere-6370acf4a9d64_800x800.jpeg?1668328723|https://cdncloudcart.com/28510/products/images/1601/matrak-my-cashmere-6370acf6a177a_1920x1920.jpeg?1668328741
23005571-1-160/200,"Матрак MY CASHMERE, двулицев - 160/200","Хибриден многопластов модел матрак Мy Cashmere e продукт на иновативни технологии: i-Springs Super Comfort, Memo Sense Technology и Air Flex Technology. С ядро от зонов пакет мултипокет със 500 бр пружинки /кв.м.; приблизително 900 бр в единичен размер и 1600 бр &ndash; в двоен. Всяка една пружинка е опорна точка, а всички те заедно осигуряват на тялото с лека, динамична, но и стабилна поддръжка . Ядрото на матрак My Cashmere e със 7 зонова конструкция , съобразена със спецификите на тялото; Матрак My Cashmere разполага със слой пяна с висока еластичност от двете страни на пружинния пакет; С допълнителен слой от мемори пяна 2 см в прошивката на матрака от едната страна. Дамаската е от плат TED Cashmеrе &ndash; изработен с истински луксозни, естествени кашмирени нишки. Уникално фини, меки и приятни на допир. Със средна степен на твърдост.",Матраци,1,712.74,534.56,100,https://cdncloudcart.com/28510/products/images/1601/matrak-my-cashmere-6370acf6270b5_1920x1920.png?1668328739|https://cdncloudcart.com/28510/products/images/1601/matrak-my-cashmere-6370acf405b5e_1920x1920.png?1668328722|https://cdncloudcart.com/28510/products/images/1601/matrak-my-cashmere-6370acf4a9d64_800x800.jpeg?1668328723|https://cdncloudcart.com/28510/products/images/1601/matrak-my-cashmere-6370acf6a177a_1920x1920.jpeg?1668328741
22020792-1-82-/-190,"Матрак O-ZONE +, двулицев - 82 / 190","O-Zone+ матрак с олекотена конструкция Колекция продукти за сън Sleep Genesis е нова разработка на TED , която е фокусирана върху нуждите на съвременния човек. Sleep Genesis предлага олекотени конструкции, модернистични дизайни и чрез постигнатия ефект на нулева гравитация те пренася там, където се заражда съня. Уникалният профил на матрак O-Zone+ абсорбира дори и най-малкия натиск, благодарение на деликатния пружиниращ ефект . Повърхността е изключително комфортна с охлаждаща мемори пяна , а слоят кокосови влакна абсорбират излишната влага за перфектен температурен баланс .",Матраци,1,398.81,299.11,100,https://cdncloudcart.com/28510/products/images/1602/matrak-o-zone-6370af42a4a31_1280x1280.png?1668329308|https://cdncloudcart.com/28510/products/images/1602/matrak-o-zone-6370af4366dec_1280x1280.png?1668329319|https://cdncloudcart.com/28510/products/images/1602/matrak-o-zone-6370af41e4d30_800x800.png?1668329326|https://cdncloudcart.com/28510/products/images/1602/matrak-o-zone-6370af43ebdd0_1280x1280.png?1668329334|https://cdncloudcart.com/28510/products/images/1602/matrak-o-zone-6370af448f886_600x600.png?1668329341|https://cdncloudcart.com/28510/products/images/1602/matrak-o-zone-6370af4501122_800x800.jpeg?1668329335|https://cdncloudcart.com/28510/products/images/1602/matrak-o-zone-6370af413efe4_1920x1920.jpeg?1668329301|https://cdncloudcart.com/28510/products/images/1602/matrak-o-zone-6370af4558429_1280x1280.jpeg?1668329336|https://cdncloudcart.com/28510/products/images/1602/matrak-o-zone-6370af46779e0_1920x1920.png?1668329400|https://cdncloudcart.com/28510/products/images/1602/matrak-o-zone-6370af4769172_1920x1920.png?1668329362|https://cdncloudcart.com/28510/products/images/1602/matrak-o-zone-6370af49e2f5e_1920x1920.jpeg?1668329383|https://cdncloudcart.com/28510/products/images/1602/matrak-o-zone-6370af49661c2_1920x1920.jpeg?1668329344|https://cdncloudcart.com/28510/products/images/1602/matrak-o-zone-6370af4a4e3c2_1280x1280.jpeg?1668329401|https://cdncloudcart.com/28510/products/images/1602/matrak-o-zone-6370af4aba79d_1280x1280.jpeg?1668329402|https://cdncloudcart.com/28510/products/images/1602/matrak-o-zone-6370af489c2d0_1920x1920.png?1668329381
22020792-1-90-/-200,"Матрак O-ZONE +, двулицев - 90 / 200","O-Zone+ матрак с олекотена конструкция Колекция продукти за сън Sleep Genesis е нова разработка на TED , която е фокусирана върху нуждите на съвременния човек. Sleep Genesis предлага олекотени конструкции, модернистични дизайни и чрез постигнатия ефект на нулева гравитация те пренася там, където се заражда съня. Уникалният профил на матрак O-Zone+ абсорбира дори и най-малкия натиск, благодарение на деликатния пружиниращ ефект . Повърхността е изключително комфортна с охлаждаща мемори пяна , а слоят кокосови влакна абсорбират излишната влага за перфектен температурен баланс .",Матраци,1,439.20,329.40,100,https://cdncloudcart.com/28510/products/images/1602/matrak-o-zone-6370af42a4a31_1280x1280.png?1668329308|https://cdncloudcart.com/28510/products/images/1602/matrak-o-zone-6370af4366dec_1280x1280.png?1668329319|https://cdncloudcart.com/28510/products/images/1602/matrak-o-zone-6370af41e4d30_800x800.png?1668329326|https://cdncloudcart.com/28510/products/images/1602/matrak-o-zone-6370af43ebdd0_1280x1280.png?1668329334|https://cdncloudcart.com/28510/products/images/1602/matrak-o-zone-6370af448f886_600x600.png?1668329341|https://cdncloudcart.com/28510/products/images/1602/matrak-o-zone-6370af4501122_800x800.jpeg?1668329335|https://cdncloudcart.com/28510/products/images/1602/matrak-o-zone-6370af413efe4_1920x1920.jpeg?1668329301|https://cdncloudcart.com/28510/products/images/1602/matrak-o-zone-6370af4558429_1280x1280.jpeg?1668329336|https://cdncloudcart.com/28510/products/images/1602/matrak-o-zone-6370af46779e0_1920x1920.png?1668329400|https://cdncloudcart.com/28510/products/images/1602/matrak-o-zone-6370af4769172_1920x1920.png?1668329362|https://cdncloudcart.com/28510/products/images/1602/matrak-o-zone-6370af49e2f5e_1920x1920.jpeg?1668329383|https://cdncloudcart.com/28510/products/images/1602/matrak-o-zone-6370af49661c2_1920x1920.jpeg?1668329344|https://cdncloudcart.com/28510/products/images/1602/matrak-o-zone-6370af4a4e3c2_1280x1280.jpeg?1668329401|https://cdncloudcart.com/28510/products/images/1602/matrak-o-zone-6370af4aba79d_1280x1280.jpeg?1668329402|https://cdncloudcart.com/28510/products/images/1602/matrak-o-zone-6370af489c2d0_1920x1920.png?1668329381
22020792-1-100-/-200,"Матрак O-ZONE +, двулицев - 100 / 200","O-Zone+ матрак с олекотена конструкция Колекция продукти за сън Sleep Genesis е нова разработка на TED , която е фокусирана върху нуждите на съвременния човек. Sleep Genesis предлага олекотени конструкции, модернистични дизайни и чрез постигнатия ефект на нулева гравитация те пренася там, където се заражда съня. Уникалният профил на матрак O-Zone+ абсорбира дори и най-малкия натиск, благодарение на деликатния пружиниращ ефект . Повърхността е изключително комфортна с охлаждаща мемори пяна , а слоят кокосови влакна абсорбират излишната влага за перфектен температурен баланс .",Матраци,1,543.50,407.63,100,https://cdncloudcart.com/28510/products/images/1602/matrak-o-zone-6370af42a4a31_1280x1280.png?1668329308|https://cdncloudcart.com/28510/products/images/1602/matrak-o-zone-6370af4366dec_1280x1280.png?1668329319|https://cdncloudcart.com/28510/products/images/1602/matrak-o-zone-6370af41e4d30_800x800.png?1668329326|https://cdncloudcart.com/28510/products/images/1602/matrak-o-zone-6370af43ebdd0_1280x1280.png?1668329334|https://cdncloudcart.com/28510/products/images/1602/matrak-o-zone-6370af448f886_600x600.png?1668329341|https://cdncloudcart.com/28510/products/images/1602/matrak-o-zone-6370af4501122_800x800.jpeg?1668329335|https://cdncloudcart.com/28510/products/images/1602/matrak-o-zone-6370af413efe4_1920x1920.jpeg?1668329301|https://cdncloudcart.com/28510/products/images/1602/matrak-o-zone-6370af4558429_1280x1280.jpeg?1668329336|https://cdncloudcart.com/28510/products/images/1602/matrak-o-zone-6370af46779e0_1920x1920.png?1668329400|https://cdncloudcart.com/28510/products/images/1602/matrak-o-zone-6370af4769172_1920x1920.png?1668329362|https://cdncloudcart.com/28510/products/images/1602/matrak-o-zone-6370af49e2f5e_1920x1920.jpeg?1668329383|https://cdncloudcart.com/28510/products/images/1602/matrak-o-zone-6370af49661c2_1920x1920.jpeg?1668329344|https://cdncloudcart.com/28510/products/images/1602/matrak-o-zone-6370af4a4e3c2_1280x1280.jpeg?1668329401|https://cdncloudcart.com/28510/products/images/1602/matrak-o-zone-6370af4aba79d_1280x1280.jpeg?1668329402|https://cdncloudcart.com/28510/products/images/1602/matrak-o-zone-6370af489c2d0_1920x1920.png?1668329381
22020792-1-114-/-190,"Матрак O-ZONE +, двулицев - 114 / 190","O-Zone+ матрак с олекотена конструкция Колекция продукти за сън Sleep Genesis е нова разработка на TED , която е фокусирана върху нуждите на съвременния човек. Sleep Genesis предлага олекотени конструкции, модернистични дизайни и чрез постигнатия ефект на нулева гравитация те пренася там, където се заражда съня. Уникалният профил на матрак O-Zone+ абсорбира дори и най-малкия натиск, благодарение на деликатния пружиниращ ефект . Повърхността е изключително комфортна с охлаждаща мемори пяна , а слоят кокосови влакна абсорбират излишната влага за перфектен температурен баланс .",Матраци,1,555.77,416.83,100,https://cdncloudcart.com/28510/products/images/1602/matrak-o-zone-6370af42a4a31_1280x1280.png?1668329308|https://cdncloudcart.com/28510/products/images/1602/matrak-o-zone-6370af4366dec_1280x1280.png?1668329319|https://cdncloudcart.com/28510/products/images/1602/matrak-o-zone-6370af41e4d30_800x800.png?1668329326|https://cdncloudcart.com/28510/products/images/1602/matrak-o-zone-6370af43ebdd0_1280x1280.png?1668329334|https://cdncloudcart.com/28510/products/images/1602/matrak-o-zone-6370af448f886_600x600.png?1668329341|https://cdncloudcart.com/28510/products/images/1602/matrak-o-zone-6370af4501122_800x800.jpeg?1668329335|https://cdncloudcart.com/28510/products/images/1602/matrak-o-zone-6370af413efe4_1920x1920.jpeg?1668329301|https://cdncloudcart.com/28510/products/images/1602/matrak-o-zone-6370af4558429_1280x1280.jpeg?1668329336|https://cdncloudcart.com/28510/products/images/1602/matrak-o-zone-6370af46779e0_1920x1920.png?1668329400|https://cdncloudcart.com/28510/products/images/1602/matrak-o-zone-6370af4769172_1920x1920.png?1668329362|https://cdncloudcart.com/28510/products/images/1602/matrak-o-zone-6370af49e2f5e_1920x1920.jpeg?1668329383|https://cdncloudcart.com/28510/products/images/1602/matrak-o-zone-6370af49661c2_1920x1920.jpeg?1668329344|https://cdncloudcart.com/28510/products/images/1602/matrak-o-zone-6370af4a4e3c2_1280x1280.jpeg?1668329401|https://cdncloudcart.com/28510/products/images/1602/matrak-o-zone-6370af4aba79d_1280x1280.jpeg?1668329402|https://cdncloudcart.com/28510/products/images/1602/matrak-o-zone-6370af489c2d0_1920x1920.png?1668329381
22020792-1-120-/-190,"Матрак O-ZONE +, двулицев - 120 / 190","O-Zone+ матрак с олекотена конструкция Колекция продукти за сън Sleep Genesis е нова разработка на TED , която е фокусирана върху нуждите на съвременния човек. Sleep Genesis предлага олекотени конструкции, модернистични дизайни и чрез постигнатия ефект на нулева гравитация те пренася там, където се заражда съня. Уникалният профил на матрак O-Zone+ абсорбира дори и най-малкия натиск, благодарение на деликатния пружиниращ ефект . Повърхността е изключително комфортна с охлаждаща мемори пяна , а слоят кокосови влакна абсорбират излишната влага за перфектен температурен баланс .",Матраци,1,584.41,438.31,100,https://cdncloudcart.com/28510/products/images/1602/matrak-o-zone-6370af42a4a31_1280x1280.png?1668329308|https://cdncloudcart.com/28510/products/images/1602/matrak-o-zone-6370af4366dec_1280x1280.png?1668329319|https://cdncloudcart.com/28510/products/images/1602/matrak-o-zone-6370af41e4d30_800x800.png?1668329326|https://cdncloudcart.com/28510/products/images/1602/matrak-o-zone-6370af43ebdd0_1280x1280.png?1668329334|https://cdncloudcart.com/28510/products/images/1602/matrak-o-zone-6370af448f886_600x600.png?1668329341|https://cdncloudcart.com/28510/products/images/1602/matrak-o-zone-6370af4501122_800x800.jpeg?1668329335|https://cdncloudcart.com/28510/products/images/1602/matrak-o-zone-6370af413efe4_1920x1920.jpeg?1668329301|https://cdncloudcart.com/28510/products/images/1602/matrak-o-zone-6370af4558429_1280x1280.jpeg?1668329336|https://cdncloudcart.com/28510/products/images/1602/matrak-o-zone-6370af46779e0_1920x1920.png?1668329400|https://cdncloudcart.com/28510/products/images/1602/matrak-o-zone-6370af4769172_1920x1920.png?1668329362|https://cdncloudcart.com/28510/products/images/1602/matrak-o-zone-6370af49e2f5e_1920x1920.jpeg?1668329383|https://cdncloudcart.com/28510/products/images/1602/matrak-o-zone-6370af49661c2_1920x1920.jpeg?1668329344|https://cdncloudcart.com/28510/products/images/1602/matrak-o-zone-6370af4a4e3c2_1280x1280.jpeg?1668329401|https://cdncloudcart.com/28510/products/images/1602/matrak-o-zone-6370af4aba79d_1280x1280.jpeg?1668329402|https://cdncloudcart.com/28510/products/images/1602/matrak-o-zone-6370af489c2d0_1920x1920.png?1668329381
22020792-1-120-/-200,"Матрак O-ZONE +, двулицев - 120 / 200","O-Zone+ матрак с олекотена конструкция Колекция продукти за сън Sleep Genesis е нова разработка на TED , която е фокусирана върху нуждите на съвременния човек. Sleep Genesis предлага олекотени конструкции, модернистични дизайни и чрез постигнатия ефект на нулева гравитация те пренася там, където се заражда съня. Уникалният профил на матрак O-Zone+ абсорбира дори и най-малкия натиск, благодарение на деликатния пружиниращ ефект . Повърхността е изключително комфортна с охлаждаща мемори пяна , а слоят кокосови влакна абсорбират излишната влага за перфектен температурен баланс .",Матраци,1,592.08,444.06,100,https://cdncloudcart.com/28510/products/images/1602/matrak-o-zone-6370af42a4a31_1280x1280.png?1668329308|https://cdncloudcart.com/28510/products/images/1602/matrak-o-zone-6370af4366dec_1280x1280.png?1668329319|https://cdncloudcart.com/28510/products/images/1602/matrak-o-zone-6370af41e4d30_800x800.png?1668329326|https://cdncloudcart.com/28510/products/images/1602/matrak-o-zone-6370af43ebdd0_1280x1280.png?1668329334|https://cdncloudcart.com/28510/products/images/1602/matrak-o-zone-6370af448f886_600x600.png?1668329341|https://cdncloudcart.com/28510/products/images/1602/matrak-o-zone-6370af4501122_800x800.jpeg?1668329335|https://cdncloudcart.com/28510/products/images/1602/matrak-o-zone-6370af413efe4_1920x1920.jpeg?1668329301|https://cdncloudcart.com/28510/products/images/1602/matrak-o-zone-6370af4558429_1280x1280.jpeg?1668329336|https://cdncloudcart.com/28510/products/images/1602/matrak-o-zone-6370af46779e0_1920x1920.png?1668329400|https://cdncloudcart.com/28510/products/images/1602/matrak-o-zone-6370af4769172_1920x1920.png?1668329362|https://cdncloudcart.com/28510/products/images/1602/matrak-o-zone-6370af49e2f5e_1920x1920.jpeg?1668329383|https://cdncloudcart.com/28510/products/images/1602/matrak-o-zone-6370af49661c2_1920x1920.jpeg?1668329344|https://cdncloudcart.com/28510/products/images/1602/matrak-o-zone-6370af4a4e3c2_1280x1280.jpeg?1668329401|https://cdncloudcart.com/28510/products/images/1602/matrak-o-zone-6370af4aba79d_1280x1280.jpeg?1668329402|https://cdncloudcart.com/28510/products/images/1602/matrak-o-zone-6370af489c2d0_1920x1920.png?1668329381
22020792-1-140-/-190,"Матрак O-ZONE +, двулицев - 140 / 190","O-Zone+ матрак с олекотена конструкция Колекция продукти за сън Sleep Genesis е нова разработка на TED , която е фокусирана върху нуждите на съвременния човек. Sleep Genesis предлага олекотени конструкции, модернистични дизайни и чрез постигнатия ефект на нулева гравитация те пренася там, където се заражда съня. Уникалният профил на матрак O-Zone+ абсорбира дори и най-малкия натиск, благодарение на деликатния пружиниращ ефект . Повърхността е изключително комфортна с охлаждаща мемори пяна , а слоят кокосови влакна абсорбират излишната влага за перфектен температурен баланс .",Матраци,1,673.88,505.41,100,https://cdncloudcart.com/28510/products/images/1602/matrak-o-zone-6370af42a4a31_1280x1280.png?1668329308|https://cdncloudcart.com/28510/products/images/1602/matrak-o-zone-6370af4366dec_1280x1280.png?1668329319|https://cdncloudcart.com/28510/products/images/1602/matrak-o-zone-6370af41e4d30_800x800.png?1668329326|https://cdncloudcart.com/28510/products/images/1602/matrak-o-zone-6370af43ebdd0_1280x1280.png?1668329334|https://cdncloudcart.com/28510/products/images/1602/matrak-o-zone-6370af448f886_600x600.png?1668329341|https://cdncloudcart.com/28510/products/images/1602/matrak-o-zone-6370af4501122_800x800.jpeg?1668329335|https://cdncloudcart.com/28510/products/images/1602/matrak-o-zone-6370af413efe4_1920x1920.jpeg?1668329301|https://cdncloudcart.com/28510/products/images/1602/matrak-o-zone-6370af4558429_1280x1280.jpeg?1668329336|https://cdncloudcart.com/28510/products/images/1602/matrak-o-zone-6370af46779e0_1920x1920.png?1668329400|https://cdncloudcart.com/28510/products/images/1602/matrak-o-zone-6370af4769172_1920x1920.png?1668329362|https://cdncloudcart.com/28510/products/images/1602/matrak-o-zone-6370af49e2f5e_1920x1920.jpeg?1668329383|https://cdncloudcart.com/28510/products/images/1602/matrak-o-zone-6370af49661c2_1920x1920.jpeg?1668329344|https://cdncloudcart.com/28510/products/images/1602/matrak-o-zone-6370af4a4e3c2_1280x1280.jpeg?1668329401|https://cdncloudcart.com/28510/products/images/1602/matrak-o-zone-6370af4aba79d_1280x1280.jpeg?1668329402|https://cdncloudcart.com/28510/products/images/1602/matrak-o-zone-6370af489c2d0_1920x1920.png?1668329381
22020792-1-140-/-200,"Матрак O-ZONE +, двулицев - 140 / 200","O-Zone+ матрак с олекотена конструкция Колекция продукти за сън Sleep Genesis е нова разработка на TED , която е фокусирана върху нуждите на съвременния човек. Sleep Genesis предлага олекотени конструкции, модернистични дизайни и чрез постигнатия ефект на нулева гравитация те пренася там, където се заражда съня. Уникалният профил на матрак O-Zone+ абсорбира дори и най-малкия натиск, благодарение на деликатния пружиниращ ефект . Повърхността е изключително комфортна с охлаждаща мемори пяна , а слоят кокосови влакна абсорбират излишната влага за перфектен температурен баланс .",Матраци,1,699.45,524.59,100,https://cdncloudcart.com/28510/products/images/1602/matrak-o-zone-6370af42a4a31_1280x1280.png?1668329308|https://cdncloudcart.com/28510/products/images/1602/matrak-o-zone-6370af4366dec_1280x1280.png?1668329319|https://cdncloudcart.com/28510/products/images/1602/matrak-o-zone-6370af41e4d30_800x800.png?1668329326|https://cdncloudcart.com/28510/products/images/1602/matrak-o-zone-6370af43ebdd0_1280x1280.png?1668329334|https://cdncloudcart.com/28510/products/images/1602/matrak-o-zone-6370af448f886_600x600.png?1668329341|https://cdncloudcart.com/28510/products/images/1602/matrak-o-zone-6370af4501122_800x800.jpeg?1668329335|https://cdncloudcart.com/28510/products/images/1602/matrak-o-zone-6370af413efe4_1920x1920.jpeg?1668329301|https://cdncloudcart.com/28510/products/images/1602/matrak-o-zone-6370af4558429_1280x1280.jpeg?1668329336|https://cdncloudcart.com/28510/products/images/1602/matrak-o-zone-6370af46779e0_1920x1920.png?1668329400|https://cdncloudcart.com/28510/products/images/1602/matrak-o-zone-6370af4769172_1920x1920.png?1668329362|https://cdncloudcart.com/28510/products/images/1602/matrak-o-zone-6370af49e2f5e_1920x1920.jpeg?1668329383|https://cdncloudcart.com/28510/products/images/1602/matrak-o-zone-6370af49661c2_1920x1920.jpeg?1668329344|https://cdncloudcart.com/28510/products/images/1602/matrak-o-zone-6370af4a4e3c2_1280x1280.jpeg?1668329401|https://cdncloudcart.com/28510/products/images/1602/matrak-o-zone-6370af4aba79d_1280x1280.jpeg?1668329402|https://cdncloudcart.com/28510/products/images/1602/matrak-o-zone-6370af489c2d0_1920x1920.png?1668329381
22020792-1-144-/-190,"Матрак O-ZONE +, двулицев - 144 / 190","O-Zone+ матрак с олекотена конструкция Колекция продукти за сън Sleep Genesis е нова разработка на TED , която е фокусирана върху нуждите на съвременния човек. Sleep Genesis предлага олекотени конструкции, модернистични дизайни и чрез постигнатия ефект на нулева гравитация те пренася там, където се заражда съня. Уникалният профил на матрак O-Zone+ абсорбира дори и най-малкия натиск, благодарение на деликатния пружиниращ ефект . Повърхността е изключително комфортна с охлаждаща мемори пяна , а слоят кокосови влакна абсорбират излишната влага за перфектен температурен баланс .",Матраци,1,693.31,519.98,100,https://cdncloudcart.com/28510/products/images/1602/matrak-o-zone-6370af42a4a31_1280x1280.png?1668329308|https://cdncloudcart.com/28510/products/images/1602/matrak-o-zone-6370af4366dec_1280x1280.png?1668329319|https://cdncloudcart.com/28510/products/images/1602/matrak-o-zone-6370af41e4d30_800x800.png?1668329326|https://cdncloudcart.com/28510/products/images/1602/matrak-o-zone-6370af43ebdd0_1280x1280.png?1668329334|https://cdncloudcart.com/28510/products/images/1602/matrak-o-zone-6370af448f886_600x600.png?1668329341|https://cdncloudcart.com/28510/products/images/1602/matrak-o-zone-6370af4501122_800x800.jpeg?1668329335|https://cdncloudcart.com/28510/products/images/1602/matrak-o-zone-6370af413efe4_1920x1920.jpeg?1668329301|https://cdncloudcart.com/28510/products/images/1602/matrak-o-zone-6370af4558429_1280x1280.jpeg?1668329336|https://cdncloudcart.com/28510/products/images/1602/matrak-o-zone-6370af46779e0_1920x1920.png?1668329400|https://cdncloudcart.com/28510/products/images/1602/matrak-o-zone-6370af4769172_1920x1920.png?1668329362|https://cdncloudcart.com/28510/products/images/1602/matrak-o-zone-6370af49e2f5e_1920x1920.jpeg?1668329383|https://cdncloudcart.com/28510/products/images/1602/matrak-o-zone-6370af49661c2_1920x1920.jpeg?1668329344|https://cdncloudcart.com/28510/products/images/1602/matrak-o-zone-6370af4a4e3c2_1280x1280.jpeg?1668329401|https://cdncloudcart.com/28510/products/images/1602/matrak-o-zone-6370af4aba79d_1280x1280.jpeg?1668329402|https://cdncloudcart.com/28510/products/images/1602/matrak-o-zone-6370af489c2d0_1920x1920.png?1668329381
22020792-1-160-/-190,"Матрак O-ZONE +, двулицев - 160 / 190","O-Zone+ матрак с олекотена конструкция Колекция продукти за сън Sleep Genesis е нова разработка на TED , която е фокусирана върху нуждите на съвременния човек. Sleep Genesis предлага олекотени конструкции, модернистични дизайни и чрез постигнатия ефект на нулева гравитация те пренася там, където се заражда съня. Уникалният профил на матрак O-Zone+ абсорбира дори и най-малкия натиск, благодарение на деликатния пружиниращ ефект . Повърхността е изключително комфортна с охлаждаща мемори пяна , а слоят кокосови влакна абсорбират излишната влага за перфектен температурен баланс .",Матраци,1,753.13,564.85,100,https://cdncloudcart.com/28510/products/images/1602/matrak-o-zone-6370af42a4a31_1280x1280.png?1668329308|https://cdncloudcart.com/28510/products/images/1602/matrak-o-zone-6370af4366dec_1280x1280.png?1668329319|https://cdncloudcart.com/28510/products/images/1602/matrak-o-zone-6370af41e4d30_800x800.png?1668329326|https://cdncloudcart.com/28510/products/images/1602/matrak-o-zone-6370af43ebdd0_1280x1280.png?1668329334|https://cdncloudcart.com/28510/products/images/1602/matrak-o-zone-6370af448f886_600x600.png?1668329341|https://cdncloudcart.com/28510/products/images/1602/matrak-o-zone-6370af4501122_800x800.jpeg?1668329335|https://cdncloudcart.com/28510/products/images/1602/matrak-o-zone-6370af413efe4_1920x1920.jpeg?1668329301|https://cdncloudcart.com/28510/products/images/1602/matrak-o-zone-6370af4558429_1280x1280.jpeg?1668329336|https://cdncloudcart.com/28510/products/images/1602/matrak-o-zone-6370af46779e0_1920x1920.png?1668329400|https://cdncloudcart.com/28510/products/images/1602/matrak-o-zone-6370af4769172_1920x1920.png?1668329362|https://cdncloudcart.com/28510/products/images/1602/matrak-o-zone-6370af49e2f5e_1920x1920.jpeg?1668329383|https://cdncloudcart.com/28510/products/images/1602/matrak-o-zone-6370af49661c2_1920x1920.jpeg?1668329344|https://cdncloudcart.com/28510/products/images/1602/matrak-o-zone-6370af4a4e3c2_1280x1280.jpeg?1668329401|https://cdncloudcart.com/28510/products/images/1602/matrak-o-zone-6370af4aba79d_1280x1280.jpeg?1668329402|https://cdncloudcart.com/28510/products/images/1602/matrak-o-zone-6370af489c2d0_1920x1920.png?1668329381
22020792-1-160-/-200,"Матрак O-ZONE +, двулицев - 160 / 200","O-Zone+ матрак с олекотена конструкция Колекция продукти за сън Sleep Genesis е нова разработка на TED , която е фокусирана върху нуждите на съвременния човек. Sleep Genesis предлага олекотени конструкции, модернистични дизайни и чрез постигнатия ефект на нулева гравитация те пренася там, където се заражда съня. Уникалният профил на матрак O-Zone+ абсорбира дори и най-малкия натиск, благодарение на деликатния пружиниращ ефект . Повърхността е изключително комфортна с охлаждаща мемори пяна , а слоят кокосови влакна абсорбират излишната влага за перфектен температурен баланс .",Матраци,1,765.92,574.44,100,https://cdncloudcart.com/28510/products/images/1602/matrak-o-zone-6370af42a4a31_1280x1280.png?1668329308|https://cdncloudcart.com/28510/products/images/1602/matrak-o-zone-6370af4366dec_1280x1280.png?1668329319|https://cdncloudcart.com/28510/products/images/1602/matrak-o-zone-6370af41e4d30_800x800.png?1668329326|https://cdncloudcart.com/28510/products/images/1602/matrak-o-zone-6370af43ebdd0_1280x1280.png?1668329334|https://cdncloudcart.com/28510/products/images/1602/matrak-o-zone-6370af448f886_600x600.png?1668329341|https://cdncloudcart.com/28510/products/images/1602/matrak-o-zone-6370af4501122_800x800.jpeg?1668329335|https://cdncloudcart.com/28510/products/images/1602/matrak-o-zone-6370af413efe4_1920x1920.jpeg?1668329301|https://cdncloudcart.com/28510/products/images/1602/matrak-o-zone-6370af4558429_1280x1280.jpeg?1668329336|https://cdncloudcart.com/28510/products/images/1602/matrak-o-zone-6370af46779e0_1920x1920.png?1668329400|https://cdncloudcart.com/28510/products/images/1602/matrak-o-zone-6370af4769172_1920x1920.png?1668329362|https://cdncloudcart.com/28510/products/images/1602/matrak-o-zone-6370af49e2f5e_1920x1920.jpeg?1668329383|https://cdncloudcart.com/28510/products/images/1602/matrak-o-zone-6370af49661c2_1920x1920.jpeg?1668329344|https://cdncloudcart.com/28510/products/images/1602/matrak-o-zone-6370af4a4e3c2_1280x1280.jpeg?1668329401|https://cdncloudcart.com/28510/products/images/1602/matrak-o-zone-6370af4aba79d_1280x1280.jpeg?1668329402|https://cdncloudcart.com/28510/products/images/1602/matrak-o-zone-6370af489c2d0_1920x1920.png?1668329381
22020792-1-164-/-190,"Матрак O-ZONE +, двулицев - 164 / 190","O-Zone+ матрак с олекотена конструкция Колекция продукти за сън Sleep Genesis е нова разработка на TED , която е фокусирана върху нуждите на съвременния човек. Sleep Genesis предлага олекотени конструкции, модернистични дизайни и чрез постигнатия ефект на нулева гравитация те пренася там, където се заражда съня. Уникалният профил на матрак O-Zone+ абсорбира дори и най-малкия натиск, благодарение на деликатния пружиниращ ефект . Повърхността е изключително комфортна с охлаждаща мемори пяна , а слоят кокосови влакна абсорбират излишната влага за перфектен температурен баланс .",Матраци,1,772.05,579.04,100,https://cdncloudcart.com/28510/products/images/1602/matrak-o-zone-6370af42a4a31_1280x1280.png?1668329308|https://cdncloudcart.com/28510/products/images/1602/matrak-o-zone-6370af4366dec_1280x1280.png?1668329319|https://cdncloudcart.com/28510/products/images/1602/matrak-o-zone-6370af41e4d30_800x800.png?1668329326|https://cdncloudcart.com/28510/products/images/1602/matrak-o-zone-6370af43ebdd0_1280x1280.png?1668329334|https://cdncloudcart.com/28510/products/images/1602/matrak-o-zone-6370af448f886_600x600.png?1668329341|https://cdncloudcart.com/28510/products/images/1602/matrak-o-zone-6370af4501122_800x800.jpeg?1668329335|https://cdncloudcart.com/28510/products/images/1602/matrak-o-zone-6370af413efe4_1920x1920.jpeg?1668329301|https://cdncloudcart.com/28510/products/images/1602/matrak-o-zone-6370af4558429_1280x1280.jpeg?1668329336|https://cdncloudcart.com/28510/products/images/1602/matrak-o-zone-6370af46779e0_1920x1920.png?1668329400|https://cdncloudcart.com/28510/products/images/1602/matrak-o-zone-6370af4769172_1920x1920.png?1668329362|https://cdncloudcart.com/28510/products/images/1602/matrak-o-zone-6370af49e2f5e_1920x1920.jpeg?1668329383|https://cdncloudcart.com/28510/products/images/1602/matrak-o-zone-6370af49661c2_1920x1920.jpeg?1668329344|https://cdncloudcart.com/28510/products/images/1602/matrak-o-zone-6370af4a4e3c2_1280x1280.jpeg?1668329401|https://cdncloudcart.com/28510/products/images/1602/matrak-o-zone-6370af4aba79d_1280x1280.jpeg?1668329402|https://cdncloudcart.com/28510/products/images/1602/matrak-o-zone-6370af489c2d0_1920x1920.png?1668329381
22020792-1-164-/-200,"Матрак O-ZONE +, двулицев - 164 / 200","O-Zone+ матрак с олекотена конструкция Колекция продукти за сън Sleep Genesis е нова разработка на TED , която е фокусирана върху нуждите на съвременния човек. Sleep Genesis предлага олекотени конструкции, модернистични дизайни и чрез постигнатия ефект на нулева гравитация те пренася там, където се заражда съня. Уникалният профил на матрак O-Zone+ абсорбира дори и най-малкия натиск, благодарение на деликатния пружиниращ ефект . Повърхността е изключително комфортна с охлаждаща мемори пяна , а слоят кокосови влакна абсорбират излишната влага за перфектен температурен баланс .",Матраци,1,786.88,590.16,100,https://cdncloudcart.com/28510/products/images/1602/matrak-o-zone-6370af42a4a31_1280x1280.png?1668329308|https://cdncloudcart.com/28510/products/images/1602/matrak-o-zone-6370af4366dec_1280x1280.png?1668329319|https://cdncloudcart.com/28510/products/images/1602/matrak-o-zone-6370af41e4d30_800x800.png?1668329326|https://cdncloudcart.com/28510/products/images/1602/matrak-o-zone-6370af43ebdd0_1280x1280.png?1668329334|https://cdncloudcart.com/28510/products/images/1602/matrak-o-zone-6370af448f886_600x600.png?1668329341|https://cdncloudcart.com/28510/products/images/1602/matrak-o-zone-6370af4501122_800x800.jpeg?1668329335|https://cdncloudcart.com/28510/products/images/1602/matrak-o-zone-6370af413efe4_1920x1920.jpeg?1668329301|https://cdncloudcart.com/28510/products/images/1602/matrak-o-zone-6370af4558429_1280x1280.jpeg?1668329336|https://cdncloudcart.com/28510/products/images/1602/matrak-o-zone-6370af46779e0_1920x1920.png?1668329400|https://cdncloudcart.com/28510/products/images/1602/matrak-o-zone-6370af4769172_1920x1920.png?1668329362|https://cdncloudcart.com/28510/products/images/1602/matrak-o-zone-6370af49e2f5e_1920x1920.jpeg?1668329383|https://cdncloudcart.com/28510/products/images/1602/matrak-o-zone-6370af49661c2_1920x1920.jpeg?1668329344|https://cdncloudcart.com/28510/products/images/1602/matrak-o-zone-6370af4a4e3c2_1280x1280.jpeg?1668329401|https://cdncloudcart.com/28510/products/images/1602/matrak-o-zone-6370af4aba79d_1280x1280.jpeg?1668329402|https://cdncloudcart.com/28510/products/images/1602/matrak-o-zone-6370af489c2d0_1920x1920.png?1668329381
22020792-1-180-/-200,"Матрак O-ZONE +, двулицев - 180 / 200","O-Zone+ матрак с олекотена конструкция Колекция продукти за сън Sleep Genesis е нова разработка на TED , която е фокусирана върху нуждите на съвременния човек. Sleep Genesis предлага олекотени конструкции, модернистични дизайни и чрез постигнатия ефект на нулева гравитация те пренася там, където се заражда съня. Уникалният профил на матрак O-Zone+ абсорбира дори и най-малкия натиск, благодарение на деликатния пружиниращ ефект . Повърхността е изключително комфортна с охлаждаща мемори пяна , а слоят кокосови влакна абсорбират излишната влага за перфектен температурен баланс .",Матраци,1,856.41,642.31,100,https://cdncloudcart.com/28510/products/images/1602/matrak-o-zone-6370af42a4a31_1280x1280.png?1668329308|https://cdncloudcart.com/28510/products/images/1602/matrak-o-zone-6370af4366dec_1280x1280.png?1668329319|https://cdncloudcart.com/28510/products/images/1602/matrak-o-zone-6370af41e4d30_800x800.png?1668329326|https://cdncloudcart.com/28510/products/images/1602/matrak-o-zone-6370af43ebdd0_1280x1280.png?1668329334|https://cdncloudcart.com/28510/products/images/1602/matrak-o-zone-6370af448f886_600x600.png?1668329341|https://cdncloudcart.com/28510/products/images/1602/matrak-o-zone-6370af4501122_800x800.jpeg?1668329335|https://cdncloudcart.com/28510/products/images/1602/matrak-o-zone-6370af413efe4_1920x1920.jpeg?1668329301|https://cdncloudcart.com/28510/products/images/1602/matrak-o-zone-6370af4558429_1280x1280.jpeg?1668329336|https://cdncloudcart.com/28510/products/images/1602/matrak-o-zone-6370af46779e0_1920x1920.png?1668329400|https://cdncloudcart.com/28510/products/images/1602/matrak-o-zone-6370af4769172_1920x1920.png?1668329362|https://cdncloudcart.com/28510/products/images/1602/matrak-o-zone-6370af49e2f5e_1920x1920.jpeg?1668329383|https://cdncloudcart.com/28510/products/images/1602/matrak-o-zone-6370af49661c2_1920x1920.jpeg?1668329344|https://cdncloudcart.com/28510/products/images/1602/matrak-o-zone-6370af4a4e3c2_1280x1280.jpeg?1668329401|https://cdncloudcart.com/28510/products/images/1602/matrak-o-zone-6370af4aba79d_1280x1280.jpeg?1668329402|https://cdncloudcart.com/28510/products/images/1602/matrak-o-zone-6370af489c2d0_1920x1920.png?1668329381
21011463-1-72-/-190,"Матрак SILVER EXCLUSIVE, еднолицев - 72 / 190","Еднолицев матрак с красив плат със сребърни нишки Кой е единственият продукт, който все още липсва в твоята спалня &ndash; качественият и удобен еднолицев матрак Silver Exclusive, носещ със себе си топлина и уют. Той идва при теб обвит в красив плат със сребърни нишки. Продуктът е от Хит колекцията на TED Silver Exclusive, които се радват на все по-голям успех заради своите доказани предимства. Еднолицевият матрак Silver Exclusive е висококачествен матрак с уникални по рода си ортопедични свойства. Този висококласен матрак гарантира правилното позициониране на гръбначния стълб по време на сън. Специално създаденото ядро на матрака от мултипокет пружини осигурява динамична поддръжка, посредством два пъти повече опорни точки, които дават нужната подкрепа на тялото за разлика от обикновените пружинни пакети. Всичко това се адаптира лесно към извивките на тялото и създава мека и удобна повърхност, предпоставка за релаксация на тялото. Кулминацията на този продукт е специалният текстил със сребърни нишки и обемната прошивка, които носят усещане за лукс и комфорт в спалнята. Еднолицевият матрак Exclusive Silver е покрит с луксозна тъкан, прошита със сребърни влакна, изключително мека при допир с кожата. Благодарение на естествените антибактериални свойства на среброто, се потиска образуването на бактерии и задържането на неприятни миризми, което от своя страна гарантира хигиенична среда по време на сън. Наслади ѝ се! Завършеният цялостен вид на матрака постигнахме с: ✓ 7 зонов мултипокет Система, която разпределя равномерно тежестта на тялото и практична дървена рамка. Стабилна поддръжка с над 500 независими опорни точки на кв.м. гарантира дълготраен комфорт. ✓ Полиуретанова Body Care &trade; пяна Материал с добра плътност, който поддържа тялото и предотвратява създаването на изолирани зони на тежест и дискомфорт. Полиуретановата пяна е лесна за профилиране, което ѝ придава допълнителни анатомични свойства. ✓ Филц Използва се като разделителен слой върху пружинените пакети за стабилизиране на структурата и равномерно разпределение на товара по цялата площ на матрака. ✓ Дървена рамка За кого е подходящ матрак Silver Exclusive? Еднолицев матрак Silver Exclusive е идеален избор за тези, които искат да се насладят на ортопедична опора, но не правят компромис и с висококачествения текстил, а залагат на анти-бактериален плат със сребърни нишки. Матракът е произведен в България и има 5 години гаранция.",Матраци,1,169.24,126.93,100,https://cdncloudcart.com/28510/products/images/1603/matrak-silver-exclusive-ednolicev-672b3e494f58e.webp?1730887241|https://cdncloudcart.com/28510/products/images/1603/matrak-silver-exclusive-ednolicev-672b3e4b82b09.webp?1730887243|https://cdncloudcart.com/28510/products/images/1603/matrak-silver-exclusive-ednolicev-672b3e4d4bcda.webp?1730887245
21011463-1-80-/-200,"Матрак SILVER EXCLUSIVE, еднолицев - 80 / 200","Еднолицев матрак с красив плат със сребърни нишки Кой е единственият продукт, който все още липсва в твоята спалня &ndash; качественият и удобен еднолицев матрак Silver Exclusive, носещ със себе си топлина и уют. Той идва при теб обвит в красив плат със сребърни нишки. Продуктът е от Хит колекцията на TED Silver Exclusive, които се радват на все по-голям успех заради своите доказани предимства. Еднолицевият матрак Silver Exclusive е висококачествен матрак с уникални по рода си ортопедични свойства. Този висококласен матрак гарантира правилното позициониране на гръбначния стълб по време на сън. Специално създаденото ядро на матрака от мултипокет пружини осигурява динамична поддръжка, посредством два пъти повече опорни точки, които дават нужната подкрепа на тялото за разлика от обикновените пружинни пакети. Всичко това се адаптира лесно към извивките на тялото и създава мека и удобна повърхност, предпоставка за релаксация на тялото. Кулминацията на този продукт е специалният текстил със сребърни нишки и обемната прошивка, които носят усещане за лукс и комфорт в спалнята. Еднолицевият матрак Exclusive Silver е покрит с луксозна тъкан, прошита със сребърни влакна, изключително мека при допир с кожата. Благодарение на естествените антибактериални свойства на среброто, се потиска образуването на бактерии и задържането на неприятни миризми, което от своя страна гарантира хигиенична среда по време на сън. Наслади ѝ се! Завършеният цялостен вид на матрака постигнахме с: ✓ 7 зонов мултипокет Система, която разпределя равномерно тежестта на тялото и практична дървена рамка. Стабилна поддръжка с над 500 независими опорни точки на кв.м. гарантира дълготраен комфорт. ✓ Полиуретанова Body Care &trade; пяна Материал с добра плътност, който поддържа тялото и предотвратява създаването на изолирани зони на тежест и дискомфорт. Полиуретановата пяна е лесна за профилиране, което ѝ придава допълнителни анатомични свойства. ✓ Филц Използва се като разделителен слой върху пружинените пакети за стабилизиране на структурата и равномерно разпределение на товара по цялата площ на матрака. ✓ Дървена рамка За кого е подходящ матрак Silver Exclusive? Еднолицев матрак Silver Exclusive е идеален избор за тези, които искат да се насладят на ортопедична опора, но не правят компромис и с висококачествения текстил, а залагат на анти-бактериален плат със сребърни нишки. Матракът е произведен в България и има 5 години гаранция.",Матраци,1,191.22,143.41,100,https://cdncloudcart.com/28510/products/images/1603/matrak-silver-exclusive-ednolicev-672b3e494f58e.webp?1730887241|https://cdncloudcart.com/28510/products/images/1603/matrak-silver-exclusive-ednolicev-672b3e4b82b09.webp?1730887243|https://cdncloudcart.com/28510/products/images/1603/matrak-silver-exclusive-ednolicev-672b3e4d4bcda.webp?1730887245
21011463-1-82-/-190,"Матрак SILVER EXCLUSIVE, еднолицев - 82 / 190","Еднолицев матрак с красив плат със сребърни нишки Кой е единственият продукт, който все още липсва в твоята спалня &ndash; качественият и удобен еднолицев матрак Silver Exclusive, носещ със себе си топлина и уют. Той идва при теб обвит в красив плат със сребърни нишки. Продуктът е от Хит колекцията на TED Silver Exclusive, които се радват на все по-голям успех заради своите доказани предимства. Еднолицевият матрак Silver Exclusive е висококачествен матрак с уникални по рода си ортопедични свойства. Този висококласен матрак гарантира правилното позициониране на гръбначния стълб по време на сън. Специално създаденото ядро на матрака от мултипокет пружини осигурява динамична поддръжка, посредством два пъти повече опорни точки, които дават нужната подкрепа на тялото за разлика от обикновените пружинни пакети. Всичко това се адаптира лесно към извивките на тялото и създава мека и удобна повърхност, предпоставка за релаксация на тялото. Кулминацията на този продукт е специалният текстил със сребърни нишки и обемната прошивка, които носят усещане за лукс и комфорт в спалнята. Еднолицевият матрак Exclusive Silver е покрит с луксозна тъкан, прошита със сребърни влакна, изключително мека при допир с кожата. Благодарение на естествените антибактериални свойства на среброто, се потиска образуването на бактерии и задържането на неприятни миризми, което от своя страна гарантира хигиенична среда по време на сън. Наслади ѝ се! Завършеният цялостен вид на матрака постигнахме с: ✓ 7 зонов мултипокет Система, която разпределя равномерно тежестта на тялото и практична дървена рамка. Стабилна поддръжка с над 500 независими опорни точки на кв.м. гарантира дълготраен комфорт. ✓ Полиуретанова Body Care &trade; пяна Материал с добра плътност, който поддържа тялото и предотвратява създаването на изолирани зони на тежест и дискомфорт. Полиуретановата пяна е лесна за профилиране, което ѝ придава допълнителни анатомични свойства. ✓ Филц Използва се като разделителен слой върху пружинените пакети за стабилизиране на структурата и равномерно разпределение на товара по цялата площ на матрака. ✓ Дървена рамка За кого е подходящ матрак Silver Exclusive? Еднолицев матрак Silver Exclusive е идеален избор за тези, които искат да се насладят на ортопедична опора, но не правят компромис и с висококачествения текстил, а залагат на анти-бактериален плат със сребърни нишки. Матракът е произведен в България и има 5 години гаранция.",Матраци,1,193.27,144.95,100,https://cdncloudcart.com/28510/products/images/1603/matrak-silver-exclusive-ednolicev-672b3e494f58e.webp?1730887241|https://cdncloudcart.com/28510/products/images/1603/matrak-silver-exclusive-ednolicev-672b3e4b82b09.webp?1730887243|https://cdncloudcart.com/28510/products/images/1603/matrak-silver-exclusive-ednolicev-672b3e4d4bcda.webp?1730887245
21011463-1-90-/-190,"Матрак SILVER EXCLUSIVE, еднолицев - 90 / 190","Еднолицев матрак с красив плат със сребърни нишки Кой е единственият продукт, който все още липсва в твоята спалня &ndash; качественият и удобен еднолицев матрак Silver Exclusive, носещ със себе си топлина и уют. Той идва при теб обвит в красив плат със сребърни нишки. Продуктът е от Хит колекцията на TED Silver Exclusive, които се радват на все по-голям успех заради своите доказани предимства. Еднолицевият матрак Silver Exclusive е висококачествен матрак с уникални по рода си ортопедични свойства. Този висококласен матрак гарантира правилното позициониране на гръбначния стълб по време на сън. Специално създаденото ядро на матрака от мултипокет пружини осигурява динамична поддръжка, посредством два пъти повече опорни точки, които дават нужната подкрепа на тялото за разлика от обикновените пружинни пакети. Всичко това се адаптира лесно към извивките на тялото и създава мека и удобна повърхност, предпоставка за релаксация на тялото. Кулминацията на този продукт е специалният текстил със сребърни нишки и обемната прошивка, които носят усещане за лукс и комфорт в спалнята. Еднолицевият матрак Exclusive Silver е покрит с луксозна тъкан, прошита със сребърни влакна, изключително мека при допир с кожата. Благодарение на естествените антибактериални свойства на среброто, се потиска образуването на бактерии и задържането на неприятни миризми, което от своя страна гарантира хигиенична среда по време на сън. Наслади ѝ се! Завършеният цялостен вид на матрака постигнахме с: ✓ 7 зонов мултипокет Система, която разпределя равномерно тежестта на тялото и практична дървена рамка. Стабилна поддръжка с над 500 независими опорни точки на кв.м. гарантира дълготраен комфорт. ✓ Полиуретанова Body Care &trade; пяна Материал с добра плътност, който поддържа тялото и предотвратява създаването на изолирани зони на тежест и дискомфорт. Полиуретановата пяна е лесна за профилиране, което ѝ придава допълнителни анатомични свойства. ✓ Филц Използва се като разделителен слой върху пружинените пакети за стабилизиране на структурата и равномерно разпределение на товара по цялата площ на матрака. ✓ Дървена рамка За кого е подходящ матрак Silver Exclusive? Еднолицев матрак Silver Exclusive е идеален избор за тези, които искат да се насладят на ортопедична опора, но не правят компромис и с висококачествения текстил, а залагат на анти-бактериален плат със сребърни нишки. Матракът е произведен в България и има 5 години гаранция.",Матраци,1,208.10,156.07,100,https://cdncloudcart.com/28510/products/images/1603/matrak-silver-exclusive-ednolicev-672b3e494f58e.webp?1730887241|https://cdncloudcart.com/28510/products/images/1603/matrak-silver-exclusive-ednolicev-672b3e4b82b09.webp?1730887243|https://cdncloudcart.com/28510/products/images/1603/matrak-silver-exclusive-ednolicev-672b3e4d4bcda.webp?1730887245
21011463-1-90-/-200,"Матрак SILVER EXCLUSIVE, еднолицев - 90 / 200","Еднолицев матрак с красив плат със сребърни нишки Кой е единственият продукт, който все още липсва в твоята спалня &ndash; качественият и удобен еднолицев матрак Silver Exclusive, носещ със себе си топлина и уют. Той идва при теб обвит в красив плат със сребърни нишки. Продуктът е от Хит колекцията на TED Silver Exclusive, които се радват на все по-голям успех заради своите доказани предимства. Еднолицевият матрак Silver Exclusive е висококачествен матрак с уникални по рода си ортопедични свойства. Този висококласен матрак гарантира правилното позициониране на гръбначния стълб по време на сън. Специално създаденото ядро на матрака от мултипокет пружини осигурява динамична поддръжка, посредством два пъти повече опорни точки, които дават нужната подкрепа на тялото за разлика от обикновените пружинни пакети. Всичко това се адаптира лесно към извивките на тялото и създава мека и удобна повърхност, предпоставка за релаксация на тялото. Кулминацията на този продукт е специалният текстил със сребърни нишки и обемната прошивка, които носят усещане за лукс и комфорт в спалнята. Еднолицевият матрак Exclusive Silver е покрит с луксозна тъкан, прошита със сребърни влакна, изключително мека при допир с кожата. Благодарение на естествените антибактериални свойства на среброто, се потиска образуването на бактерии и задържането на неприятни миризми, което от своя страна гарантира хигиенична среда по време на сън. Наслади ѝ се! Завършеният цялостен вид на матрака постигнахме с: ✓ 7 зонов мултипокет Система, която разпределя равномерно тежестта на тялото и практична дървена рамка. Стабилна поддръжка с над 500 независими опорни точки на кв.м. гарантира дълготраен комфорт. ✓ Полиуретанова Body Care &trade; пяна Материал с добра плътност, който поддържа тялото и предотвратява създаването на изолирани зони на тежест и дискомфорт. Полиуретановата пяна е лесна за профилиране, което ѝ придава допълнителни анатомични свойства. ✓ Филц Използва се като разделителен слой върху пружинените пакети за стабилизиране на структурата и равномерно разпределение на товара по цялата площ на матрака. ✓ Дървена рамка За кого е подходящ матрак Silver Exclusive? Еднолицев матрак Silver Exclusive е идеален избор за тези, които искат да се насладят на ортопедична опора, но не правят компромис и с висококачествения текстил, а залагат на анти-бактериален плат със сребърни нишки. Матракът е произведен в България и има 5 години гаранция.",Матраци,1,215.25,161.44,100,https://cdncloudcart.com/28510/products/images/1603/matrak-silver-exclusive-ednolicev-672b3e494f58e.webp?1730887241|https://cdncloudcart.com/28510/products/images/1603/matrak-silver-exclusive-ednolicev-672b3e4b82b09.webp?1730887243|https://cdncloudcart.com/28510/products/images/1603/matrak-silver-exclusive-ednolicev-672b3e4d4bcda.webp?1730887245
21011463-1-120-/-200,"Матрак SILVER EXCLUSIVE, еднолицев - 120 / 200","Еднолицев матрак с красив плат със сребърни нишки Кой е единственият продукт, който все още липсва в твоята спалня &ndash; качественият и удобен еднолицев матрак Silver Exclusive, носещ със себе си топлина и уют. Той идва при теб обвит в красив плат със сребърни нишки. Продуктът е от Хит колекцията на TED Silver Exclusive, които се радват на все по-голям успех заради своите доказани предимства. Еднолицевият матрак Silver Exclusive е висококачествен матрак с уникални по рода си ортопедични свойства. Този висококласен матрак гарантира правилното позициониране на гръбначния стълб по време на сън. Специално създаденото ядро на матрака от мултипокет пружини осигурява динамична поддръжка, посредством два пъти повече опорни точки, които дават нужната подкрепа на тялото за разлика от обикновените пружинни пакети. Всичко това се адаптира лесно към извивките на тялото и създава мека и удобна повърхност, предпоставка за релаксация на тялото. Кулминацията на този продукт е специалният текстил със сребърни нишки и обемната прошивка, които носят усещане за лукс и комфорт в спалнята. Еднолицевият матрак Exclusive Silver е покрит с луксозна тъкан, прошита със сребърни влакна, изключително мека при допир с кожата. Благодарение на естествените антибактериални свойства на среброто, се потиска образуването на бактерии и задържането на неприятни миризми, което от своя страна гарантира хигиенична среда по време на сън. Наслади ѝ се! Завършеният цялостен вид на матрака постигнахме с: ✓ 7 зонов мултипокет Система, която разпределя равномерно тежестта на тялото и практична дървена рамка. Стабилна поддръжка с над 500 независими опорни точки на кв.м. гарантира дълготраен комфорт. ✓ Полиуретанова Body Care &trade; пяна Материал с добра плътност, който поддържа тялото и предотвратява създаването на изолирани зони на тежест и дискомфорт. Полиуретановата пяна е лесна за профилиране, което ѝ придава допълнителни анатомични свойства. ✓ Филц Използва се като разделителен слой върху пружинените пакети за стабилизиране на структурата и равномерно разпределение на товара по цялата площ на матрака. ✓ Дървена рамка За кого е подходящ матрак Silver Exclusive? Еднолицев матрак Silver Exclusive е идеален избор за тези, които искат да се насладят на ортопедична опора, но не правят компромис и с висококачествения текстил, а залагат на анти-бактериален плат със сребърни нишки. Матракът е произведен в България и има 5 години гаранция.",Матраци,1,276.10,207.08,100,https://cdncloudcart.com/28510/products/images/1603/matrak-silver-exclusive-ednolicev-672b3e494f58e.webp?1730887241|https://cdncloudcart.com/28510/products/images/1603/matrak-silver-exclusive-ednolicev-672b3e4b82b09.webp?1730887243|https://cdncloudcart.com/28510/products/images/1603/matrak-silver-exclusive-ednolicev-672b3e4d4bcda.webp?1730887245
21011463-1-140-/-190,"Матрак SILVER EXCLUSIVE, еднолицев - 140 / 190","Еднолицев матрак с красив плат със сребърни нишки Кой е единственият продукт, който все още липсва в твоята спалня &ndash; качественият и удобен еднолицев матрак Silver Exclusive, носещ със себе си топлина и уют. Той идва при теб обвит в красив плат със сребърни нишки. Продуктът е от Хит колекцията на TED Silver Exclusive, които се радват на все по-голям успех заради своите доказани предимства. Еднолицевият матрак Silver Exclusive е висококачествен матрак с уникални по рода си ортопедични свойства. Този висококласен матрак гарантира правилното позициониране на гръбначния стълб по време на сън. Специално създаденото ядро на матрака от мултипокет пружини осигурява динамична поддръжка, посредством два пъти повече опорни точки, които дават нужната подкрепа на тялото за разлика от обикновените пружинни пакети. Всичко това се адаптира лесно към извивките на тялото и създава мека и удобна повърхност, предпоставка за релаксация на тялото. Кулминацията на този продукт е специалният текстил със сребърни нишки и обемната прошивка, които носят усещане за лукс и комфорт в спалнята. Еднолицевият матрак Exclusive Silver е покрит с луксозна тъкан, прошита със сребърни влакна, изключително мека при допир с кожата. Благодарение на естествените антибактериални свойства на среброто, се потиска образуването на бактерии и задържането на неприятни миризми, което от своя страна гарантира хигиенична среда по време на сън. Наслади ѝ се! Завършеният цялостен вид на матрака постигнахме с: ✓ 7 зонов мултипокет Система, която разпределя равномерно тежестта на тялото и практична дървена рамка. Стабилна поддръжка с над 500 независими опорни точки на кв.м. гарантира дълготраен комфорт. ✓ Полиуретанова Body Care &trade; пяна Материал с добра плътност, който поддържа тялото и предотвратява създаването на изолирани зони на тежест и дискомфорт. Полиуретановата пяна е лесна за профилиране, което ѝ придава допълнителни анатомични свойства. ✓ Филц Използва се като разделителен слой върху пружинените пакети за стабилизиране на структурата и равномерно разпределение на товара по цялата площ на матрака. ✓ Дървена рамка За кого е подходящ матрак Silver Exclusive? Еднолицев матрак Silver Exclusive е идеален избор за тези, които искат да се насладят на ортопедична опора, но не правят компромис и с висококачествения текстил, а залагат на анти-бактериален плат със сребърни нишки. Матракът е произведен в България и има 5 години гаранция.",Матраци,1,311.38,233.53,100,https://cdncloudcart.com/28510/products/images/1603/matrak-silver-exclusive-ednolicev-672b3e494f58e.webp?1730887241|https://cdncloudcart.com/28510/products/images/1603/matrak-silver-exclusive-ednolicev-672b3e4b82b09.webp?1730887243|https://cdncloudcart.com/28510/products/images/1603/matrak-silver-exclusive-ednolicev-672b3e4d4bcda.webp?1730887245
21011463-1-140-/-200,"Матрак SILVER EXCLUSIVE, еднолицев - 140 / 200","Еднолицев матрак с красив плат със сребърни нишки Кой е единственият продукт, който все още липсва в твоята спалня &ndash; качественият и удобен еднолицев матрак Silver Exclusive, носещ със себе си топлина и уют. Той идва при теб обвит в красив плат със сребърни нишки. Продуктът е от Хит колекцията на TED Silver Exclusive, които се радват на все по-голям успех заради своите доказани предимства. Еднолицевият матрак Silver Exclusive е висококачествен матрак с уникални по рода си ортопедични свойства. Този висококласен матрак гарантира правилното позициониране на гръбначния стълб по време на сън. Специално създаденото ядро на матрака от мултипокет пружини осигурява динамична поддръжка, посредством два пъти повече опорни точки, които дават нужната подкрепа на тялото за разлика от обикновените пружинни пакети. Всичко това се адаптира лесно към извивките на тялото и създава мека и удобна повърхност, предпоставка за релаксация на тялото. Кулминацията на този продукт е специалният текстил със сребърни нишки и обемната прошивка, които носят усещане за лукс и комфорт в спалнята. Еднолицевият матрак Exclusive Silver е покрит с луксозна тъкан, прошита със сребърни влакна, изключително мека при допир с кожата. Благодарение на естествените антибактериални свойства на среброто, се потиска образуването на бактерии и задържането на неприятни миризми, което от своя страна гарантира хигиенична среда по време на сън. Наслади ѝ се! Завършеният цялостен вид на матрака постигнахме с: ✓ 7 зонов мултипокет Система, която разпределя равномерно тежестта на тялото и практична дървена рамка. Стабилна поддръжка с над 500 независими опорни точки на кв.м. гарантира дълготраен комфорт. ✓ Полиуретанова Body Care &trade; пяна Материал с добра плътност, който поддържа тялото и предотвратява създаването на изолирани зони на тежест и дискомфорт. Полиуретановата пяна е лесна за профилиране, което ѝ придава допълнителни анатомични свойства. ✓ Филц Използва се като разделителен слой върху пружинените пакети за стабилизиране на структурата и равномерно разпределение на товара по цялата площ на матрака. ✓ Дървена рамка За кого е подходящ матрак Silver Exclusive? Еднолицев матрак Silver Exclusive е идеален избор за тези, които искат да се насладят на ортопедична опора, но не правят компромис и с висококачествения текстил, а залагат на анти-бактериален плат със сребърни нишки. Матракът е произведен в България и има 5 години гаранция.",Матраци,1,327.74,245.81,100,https://cdncloudcart.com/28510/products/images/1603/matrak-silver-exclusive-ednolicev-672b3e494f58e.webp?1730887241|https://cdncloudcart.com/28510/products/images/1603/matrak-silver-exclusive-ednolicev-672b3e4b82b09.webp?1730887243|https://cdncloudcart.com/28510/products/images/1603/matrak-silver-exclusive-ednolicev-672b3e4d4bcda.webp?1730887245
21011463-1-144-/-190,"Матрак SILVER EXCLUSIVE, еднолицев - 144 / 190","Еднолицев матрак с красив плат със сребърни нишки Кой е единственият продукт, който все още липсва в твоята спалня &ndash; качественият и удобен еднолицев матрак Silver Exclusive, носещ със себе си топлина и уют. Той идва при теб обвит в красив плат със сребърни нишки. Продуктът е от Хит колекцията на TED Silver Exclusive, които се радват на все по-голям успех заради своите доказани предимства. Еднолицевият матрак Silver Exclusive е висококачествен матрак с уникални по рода си ортопедични свойства. Този висококласен матрак гарантира правилното позициониране на гръбначния стълб по време на сън. Специално създаденото ядро на матрака от мултипокет пружини осигурява динамична поддръжка, посредством два пъти повече опорни точки, които дават нужната подкрепа на тялото за разлика от обикновените пружинни пакети. Всичко това се адаптира лесно към извивките на тялото и създава мека и удобна повърхност, предпоставка за релаксация на тялото. Кулминацията на този продукт е специалният текстил със сребърни нишки и обемната прошивка, които носят усещане за лукс и комфорт в спалнята. Еднолицевият матрак Exclusive Silver е покрит с луксозна тъкан, прошита със сребърни влакна, изключително мека при допир с кожата. Благодарение на естествените антибактериални свойства на среброто, се потиска образуването на бактерии и задържането на неприятни миризми, което от своя страна гарантира хигиенична среда по време на сън. Наслади ѝ се! Завършеният цялостен вид на матрака постигнахме с: ✓ 7 зонов мултипокет Система, която разпределя равномерно тежестта на тялото и практична дървена рамка. Стабилна поддръжка с над 500 независими опорни точки на кв.м. гарантира дълготраен комфорт. ✓ Полиуретанова Body Care &trade; пяна Материал с добра плътност, който поддържа тялото и предотвратява създаването на изолирани зони на тежест и дискомфорт. Полиуретановата пяна е лесна за профилиране, което ѝ придава допълнителни анатомични свойства. ✓ Филц Използва се като разделителен слой върху пружинените пакети за стабилизиране на структурата и равномерно разпределение на товара по цялата площ на матрака. ✓ Дървена рамка За кого е подходящ матрак Silver Exclusive? Еднолицев матрак Silver Exclusive е идеален избор за тези, които искат да се насладят на ортопедична опора, но не правят компромис и с висококачествения текстил, а залагат на анти-бактериален плат със сребърни нишки. Матракът е произведен в България и има 5 години гаранция.",Матраци,1,314.96,236.22,100,https://cdncloudcart.com/28510/products/images/1603/matrak-silver-exclusive-ednolicev-672b3e494f58e.webp?1730887241|https://cdncloudcart.com/28510/products/images/1603/matrak-silver-exclusive-ednolicev-672b3e4b82b09.webp?1730887243|https://cdncloudcart.com/28510/products/images/1603/matrak-silver-exclusive-ednolicev-672b3e4d4bcda.webp?1730887245
21011463-1-144-/-200,"Матрак SILVER EXCLUSIVE, еднолицев - 144 / 200","Еднолицев матрак с красив плат със сребърни нишки Кой е единственият продукт, който все още липсва в твоята спалня &ndash; качественият и удобен еднолицев матрак Silver Exclusive, носещ със себе си топлина и уют. Той идва при теб обвит в красив плат със сребърни нишки. Продуктът е от Хит колекцията на TED Silver Exclusive, които се радват на все по-голям успех заради своите доказани предимства. Еднолицевият матрак Silver Exclusive е висококачествен матрак с уникални по рода си ортопедични свойства. Този висококласен матрак гарантира правилното позициониране на гръбначния стълб по време на сън. Специално създаденото ядро на матрака от мултипокет пружини осигурява динамична поддръжка, посредством два пъти повече опорни точки, които дават нужната подкрепа на тялото за разлика от обикновените пружинни пакети. Всичко това се адаптира лесно към извивките на тялото и създава мека и удобна повърхност, предпоставка за релаксация на тялото. Кулминацията на този продукт е специалният текстил със сребърни нишки и обемната прошивка, които носят усещане за лукс и комфорт в спалнята. Еднолицевият матрак Exclusive Silver е покрит с луксозна тъкан, прошита със сребърни влакна, изключително мека при допир с кожата. Благодарение на естествените антибактериални свойства на среброто, се потиска образуването на бактерии и задържането на неприятни миризми, което от своя страна гарантира хигиенична среда по време на сън. Наслади ѝ се! Завършеният цялостен вид на матрака постигнахме с: ✓ 7 зонов мултипокет Система, която разпределя равномерно тежестта на тялото и практична дървена рамка. Стабилна поддръжка с над 500 независими опорни точки на кв.м. гарантира дълготраен комфорт. ✓ Полиуретанова Body Care &trade; пяна Материал с добра плътност, който поддържа тялото и предотвратява създаването на изолирани зони на тежест и дискомфорт. Полиуретановата пяна е лесна за профилиране, което ѝ придава допълнителни анатомични свойства. ✓ Филц Използва се като разделителен слой върху пружинените пакети за стабилизиране на структурата и равномерно разпределение на товара по цялата площ на матрака. ✓ Дървена рамка За кого е подходящ матрак Silver Exclusive? Еднолицев матрак Silver Exclusive е идеален избор за тези, които искат да се насладят на ортопедична опора, но не правят компромис и с висококачествения текстил, а залагат на анти-бактериален плат със сребърни нишки. Матракът е произведен в България и има 5 години гаранция.",Матраци,1,327.74,245.81,100,https://cdncloudcart.com/28510/products/images/1603/matrak-silver-exclusive-ednolicev-672b3e494f58e.webp?1730887241|https://cdncloudcart.com/28510/products/images/1603/matrak-silver-exclusive-ednolicev-672b3e4b82b09.webp?1730887243|https://cdncloudcart.com/28510/products/images/1603/matrak-silver-exclusive-ednolicev-672b3e4d4bcda.webp?1730887245
21011463-1-160-/-190,"Матрак SILVER EXCLUSIVE, еднолицев - 160 / 190","Еднолицев матрак с красив плат със сребърни нишки Кой е единственият продукт, който все още липсва в твоята спалня &ndash; качественият и удобен еднолицев матрак Silver Exclusive, носещ със себе си топлина и уют. Той идва при теб обвит в красив плат със сребърни нишки. Продуктът е от Хит колекцията на TED Silver Exclusive, които се радват на все по-голям успех заради своите доказани предимства. Еднолицевият матрак Silver Exclusive е висококачествен матрак с уникални по рода си ортопедични свойства. Този висококласен матрак гарантира правилното позициониране на гръбначния стълб по време на сън. Специално създаденото ядро на матрака от мултипокет пружини осигурява динамична поддръжка, посредством два пъти повече опорни точки, които дават нужната подкрепа на тялото за разлика от обикновените пружинни пакети. Всичко това се адаптира лесно към извивките на тялото и създава мека и удобна повърхност, предпоставка за релаксация на тялото. Кулминацията на този продукт е специалният текстил със сребърни нишки и обемната прошивка, които носят усещане за лукс и комфорт в спалнята. Еднолицевият матрак Exclusive Silver е покрит с луксозна тъкан, прошита със сребърни влакна, изключително мека при допир с кожата. Благодарение на естествените антибактериални свойства на среброто, се потиска образуването на бактерии и задържането на неприятни миризми, което от своя страна гарантира хигиенична среда по време на сън. Наслади ѝ се! Завършеният цялостен вид на матрака постигнахме с: ✓ 7 зонов мултипокет Система, която разпределя равномерно тежестта на тялото и практична дървена рамка. Стабилна поддръжка с над 500 независими опорни точки на кв.м. гарантира дълготраен комфорт. ✓ Полиуретанова Body Care &trade; пяна Материал с добра плътност, който поддържа тялото и предотвратява създаването на изолирани зони на тежест и дискомфорт. Полиуретановата пяна е лесна за профилиране, което ѝ придава допълнителни анатомични свойства. ✓ Филц Използва се като разделителен слой върху пружинените пакети за стабилизиране на структурата и равномерно разпределение на товара по цялата площ на матрака. ✓ Дървена рамка За кого е подходящ матрак Silver Exclusive? Еднолицев матрак Silver Exclusive е идеален избор за тези, които искат да се насладят на ортопедична опора, но не правят компромис и с висококачествения текстил, а залагат на анти-бактериален плат със сребърни нишки. Матракът е произведен в България и има 5 години гаранция.",Матраци,1,350.23,262.67,100,https://cdncloudcart.com/28510/products/images/1603/matrak-silver-exclusive-ednolicev-672b3e494f58e.webp?1730887241|https://cdncloudcart.com/28510/products/images/1603/matrak-silver-exclusive-ednolicev-672b3e4b82b09.webp?1730887243|https://cdncloudcart.com/28510/products/images/1603/matrak-silver-exclusive-ednolicev-672b3e4d4bcda.webp?1730887245
21011463-1-160-/-200,"Матрак SILVER EXCLUSIVE, еднолицев - 160 / 200","Еднолицев матрак с красив плат със сребърни нишки Кой е единственият продукт, който все още липсва в твоята спалня &ndash; качественият и удобен еднолицев матрак Silver Exclusive, носещ със себе си топлина и уют. Той идва при теб обвит в красив плат със сребърни нишки. Продуктът е от Хит колекцията на TED Silver Exclusive, които се радват на все по-голям успех заради своите доказани предимства. Еднолицевият матрак Silver Exclusive е висококачествен матрак с уникални по рода си ортопедични свойства. Този висококласен матрак гарантира правилното позициониране на гръбначния стълб по време на сън. Специално създаденото ядро на матрака от мултипокет пружини осигурява динамична поддръжка, посредством два пъти повече опорни точки, които дават нужната подкрепа на тялото за разлика от обикновените пружинни пакети. Всичко това се адаптира лесно към извивките на тялото и създава мека и удобна повърхност, предпоставка за релаксация на тялото. Кулминацията на този продукт е специалният текстил със сребърни нишки и обемната прошивка, които носят усещане за лукс и комфорт в спалнята. Еднолицевият матрак Exclusive Silver е покрит с луксозна тъкан, прошита със сребърни влакна, изключително мека при допир с кожата. Благодарение на естествените антибактериални свойства на среброто, се потиска образуването на бактерии и задържането на неприятни миризми, което от своя страна гарантира хигиенична среда по време на сън. Наслади ѝ се! Завършеният цялостен вид на матрака постигнахме с: ✓ 7 зонов мултипокет Система, която разпределя равномерно тежестта на тялото и практична дървена рамка. Стабилна поддръжка с над 500 независими опорни точки на кв.м. гарантира дълготраен комфорт. ✓ Полиуретанова Body Care &trade; пяна Материал с добра плътност, който поддържа тялото и предотвратява създаването на изолирани зони на тежест и дискомфорт. Полиуретановата пяна е лесна за профилиране, което ѝ придава допълнителни анатомични свойства. ✓ Филц Използва се като разделителен слой върху пружинените пакети за стабилизиране на структурата и равномерно разпределение на товара по цялата площ на матрака. ✓ Дървена рамка За кого е подходящ матрак Silver Exclusive? Еднолицев матрак Silver Exclusive е идеален избор за тези, които искат да се насладят на ортопедична опора, но не правят компромис и с висококачествения текстил, а залагат на анти-бактериален плат със сребърни нишки. Матракът е произведен в България и има 5 години гаранция.",Матраци,1,357.39,268.04,100,https://cdncloudcart.com/28510/products/images/1603/matrak-silver-exclusive-ednolicev-672b3e494f58e.webp?1730887241|https://cdncloudcart.com/28510/products/images/1603/matrak-silver-exclusive-ednolicev-672b3e4b82b09.webp?1730887243|https://cdncloudcart.com/28510/products/images/1603/matrak-silver-exclusive-ednolicev-672b3e4d4bcda.webp?1730887245
21011463-1-164-/-190,"Матрак SILVER EXCLUSIVE, еднолицев - 164 / 190","Еднолицев матрак с красив плат със сребърни нишки Кой е единственият продукт, който все още липсва в твоята спалня &ndash; качественият и удобен еднолицев матрак Silver Exclusive, носещ със себе си топлина и уют. Той идва при теб обвит в красив плат със сребърни нишки. Продуктът е от Хит колекцията на TED Silver Exclusive, които се радват на все по-голям успех заради своите доказани предимства. Еднолицевият матрак Silver Exclusive е висококачествен матрак с уникални по рода си ортопедични свойства. Този висококласен матрак гарантира правилното позициониране на гръбначния стълб по време на сън. Специално създаденото ядро на матрака от мултипокет пружини осигурява динамична поддръжка, посредством два пъти повече опорни точки, които дават нужната подкрепа на тялото за разлика от обикновените пружинни пакети. Всичко това се адаптира лесно към извивките на тялото и създава мека и удобна повърхност, предпоставка за релаксация на тялото. Кулминацията на този продукт е специалният текстил със сребърни нишки и обемната прошивка, които носят усещане за лукс и комфорт в спалнята. Еднолицевият матрак Exclusive Silver е покрит с луксозна тъкан, прошита със сребърни влакна, изключително мека при допир с кожата. Благодарение на естествените антибактериални свойства на среброто, се потиска образуването на бактерии и задържането на неприятни миризми, което от своя страна гарантира хигиенична среда по време на сън. Наслади ѝ се! Завършеният цялостен вид на матрака постигнахме с: ✓ 7 зонов мултипокет Система, която разпределя равномерно тежестта на тялото и практична дървена рамка. Стабилна поддръжка с над 500 независими опорни точки на кв.м. гарантира дълготраен комфорт. ✓ Полиуретанова Body Care &trade; пяна Материал с добра плътност, който поддържа тялото и предотвратява създаването на изолирани зони на тежест и дискомфорт. Полиуретановата пяна е лесна за профилиране, което ѝ придава допълнителни анатомични свойства. ✓ Филц Използва се като разделителен слой върху пружинените пакети за стабилизиране на структурата и равномерно разпределение на товара по цялата площ на матрака. ✓ Дървена рамка За кого е подходящ матрак Silver Exclusive? Еднолицев матрак Silver Exclusive е идеален избор за тези, които искат да се насладят на ортопедична опора, но не правят компромис и с висококачествения текстил, а залагат на анти-бактериален плат със сребърни нишки. Матракът е произведен в България и има 5 години гаранция.",Матраци,1,350.23,262.67,100,https://cdncloudcart.com/28510/products/images/1603/matrak-silver-exclusive-ednolicev-672b3e494f58e.webp?1730887241|https://cdncloudcart.com/28510/products/images/1603/matrak-silver-exclusive-ednolicev-672b3e4b82b09.webp?1730887243|https://cdncloudcart.com/28510/products/images/1603/matrak-silver-exclusive-ednolicev-672b3e4d4bcda.webp?1730887245
21011463-1-180-/-200,"Матрак SILVER EXCLUSIVE, еднолицев - 180 / 200","Еднолицев матрак с красив плат със сребърни нишки Кой е единственият продукт, който все още липсва в твоята спалня &ndash; качественият и удобен еднолицев матрак Silver Exclusive, носещ със себе си топлина и уют. Той идва при теб обвит в красив плат със сребърни нишки. Продуктът е от Хит колекцията на TED Silver Exclusive, които се радват на все по-голям успех заради своите доказани предимства. Еднолицевият матрак Silver Exclusive е висококачествен матрак с уникални по рода си ортопедични свойства. Този висококласен матрак гарантира правилното позициониране на гръбначния стълб по време на сън. Специално създаденото ядро на матрака от мултипокет пружини осигурява динамична поддръжка, посредством два пъти повече опорни точки, които дават нужната подкрепа на тялото за разлика от обикновените пружинни пакети. Всичко това се адаптира лесно към извивките на тялото и създава мека и удобна повърхност, предпоставка за релаксация на тялото. Кулминацията на този продукт е специалният текстил със сребърни нишки и обемната прошивка, които носят усещане за лукс и комфорт в спалнята. Еднолицевият матрак Exclusive Silver е покрит с луксозна тъкан, прошита със сребърни влакна, изключително мека при допир с кожата. Благодарение на естествените антибактериални свойства на среброто, се потиска образуването на бактерии и задържането на неприятни миризми, което от своя страна гарантира хигиенична среда по време на сън. Наслади ѝ се! Завършеният цялостен вид на матрака постигнахме с: ✓ 7 зонов мултипокет Система, която разпределя равномерно тежестта на тялото и практична дървена рамка. Стабилна поддръжка с над 500 независими опорни точки на кв.м. гарантира дълготраен комфорт. ✓ Полиуретанова Body Care &trade; пяна Материал с добра плътност, който поддържа тялото и предотвратява създаването на изолирани зони на тежест и дискомфорт. Полиуретановата пяна е лесна за профилиране, което ѝ придава допълнителни анатомични свойства. ✓ Филц Използва се като разделителен слой върху пружинените пакети за стабилизиране на структурата и равномерно разпределение на товара по цялата площ на матрака. ✓ Дървена рамка За кого е подходящ матрак Silver Exclusive? Еднолицев матрак Silver Exclusive е идеален избор за тези, които искат да се насладят на ортопедична опора, но не правят компромис и с висококачествения текстил, а залагат на анти-бактериален плат със сребърни нишки. Матракът е произведен в България и има 5 години гаранция.",Матраци,1,390.63,292.97,100,https://cdncloudcart.com/28510/products/images/1603/matrak-silver-exclusive-ednolicev-672b3e494f58e.webp?1730887241|https://cdncloudcart.com/28510/products/images/1603/matrak-silver-exclusive-ednolicev-672b3e4b82b09.webp?1730887243|https://cdncloudcart.com/28510/products/images/1603/matrak-silver-exclusive-ednolicev-672b3e4d4bcda.webp?1730887245
22017145-1-82-/-190,"Ортопедичен матрак ASTREA ORTHO, двулицев - 82 / 190","Медицинско изделие с регистрация BG/CA01/MD0019/22.07.2019 Astrea Ortho е ортопедичен матрак , който комбинира иновативни технологии и качествени материали , с по-голяма плътност и допълнително подсилване , за да се постигне оптимална ортопедична поддръжка и удобство при спане, дори при хора с по-голямо тегло. Липсата на ефективна опора обикновено е причина хората да се събуждат с болки във врата, гърба и кръста, тъй като тялото &bdquo;потъва&ldquo;, вместо да остава в балансирана позиция . Матракът Astrea Ortho разполага с ортопедична система от индивидуално пакетирани покет пружинки с по-голям диаметър на телта. Прецизна опора и комфорт, благодарение на множеството независими опорни точки, които се адаптират адекватно спрямо оказания натиск . Стабилност и по-малко пружиниране при по-голям натиск и движение . Надеждност, благодарение на подсилената пружина, която е изключително издръжлива и не се деформира толкова лесно, в сравнение с други материали. Отлична циркулация на въздуха - не задържа влагата , която се отделя по време на сън. С плътна полиуретанова пяна за по-голямата дебелина и плътност, която в същото време позволява на тялото да заеме естествена позиция по време на сън.Матрак Astrea Ortho е модел с висока степен на ортопедичност, който оказва опора на цялото тяло, а не само на отделните части. Той осигурява естествена позиция, независимо от позата по време на сън, без напрежение в мускулите и ставите.",Матраци,1,245.93,184.45,100,https://cdncloudcart.com/28510/products/images/1604/ortopedicen-matrak-astrea-ortho-6370b6457b69c_1280x1280.png?1668331101|https://cdncloudcart.com/28510/products/images/1604/ortopedicen-matrak-astrea-ortho-6370b58b4ab00_1280x1280.png?1668331082|https://cdncloudcart.com/28510/products/images/1604/ortopedicen-matrak-astrea-ortho-6370b56da783b_1920x1920.jpeg?1668331082|https://cdncloudcart.com/28510/products/images/1604/ortopedicen-matrak-astrea-ortho-6370b56e5e5ad_1920x1920.jpeg?1668331082|https://cdncloudcart.com/28510/products/images/1604/ortopedicen-matrak-astrea-ortho-6370b58bc6a1b_1280x1280.png?1668331082
22017145-1-90-/-190,"Ортопедичен матрак ASTREA ORTHO, двулицев - 90 / 190","Медицинско изделие с регистрация BG/CA01/MD0019/22.07.2019 Astrea Ortho е ортопедичен матрак , който комбинира иновативни технологии и качествени материали , с по-голяма плътност и допълнително подсилване , за да се постигне оптимална ортопедична поддръжка и удобство при спане, дори при хора с по-голямо тегло. Липсата на ефективна опора обикновено е причина хората да се събуждат с болки във врата, гърба и кръста, тъй като тялото &bdquo;потъва&ldquo;, вместо да остава в балансирана позиция . Матракът Astrea Ortho разполага с ортопедична система от индивидуално пакетирани покет пружинки с по-голям диаметър на телта. Прецизна опора и комфорт, благодарение на множеството независими опорни точки, които се адаптират адекватно спрямо оказания натиск . Стабилност и по-малко пружиниране при по-голям натиск и движение . Надеждност, благодарение на подсилената пружина, която е изключително издръжлива и не се деформира толкова лесно, в сравнение с други материали. Отлична циркулация на въздуха - не задържа влагата , която се отделя по време на сън. С плътна полиуретанова пяна за по-голямата дебелина и плътност, която в същото време позволява на тялото да заеме естествена позиция по време на сън.Матрак Astrea Ortho е модел с висока степен на ортопедичност, който оказва опора на цялото тяло, а не само на отделните части. Той осигурява естествена позиция, независимо от позата по време на сън, без напрежение в мускулите и ставите.",Матраци,1,271.50,203.63,100,https://cdncloudcart.com/28510/products/images/1604/ortopedicen-matrak-astrea-ortho-6370b6457b69c_1280x1280.png?1668331101|https://cdncloudcart.com/28510/products/images/1604/ortopedicen-matrak-astrea-ortho-6370b58b4ab00_1280x1280.png?1668331082|https://cdncloudcart.com/28510/products/images/1604/ortopedicen-matrak-astrea-ortho-6370b56da783b_1920x1920.jpeg?1668331082|https://cdncloudcart.com/28510/products/images/1604/ortopedicen-matrak-astrea-ortho-6370b56e5e5ad_1920x1920.jpeg?1668331082|https://cdncloudcart.com/28510/products/images/1604/ortopedicen-matrak-astrea-ortho-6370b58bc6a1b_1280x1280.png?1668331082
22017145-1-90-/-200,"Ортопедичен матрак ASTREA ORTHO, двулицев - 90 / 200","Медицинско изделие с регистрация BG/CA01/MD0019/22.07.2019 Astrea Ortho е ортопедичен матрак , който комбинира иновативни технологии и качествени материали , с по-голяма плътност и допълнително подсилване , за да се постигне оптимална ортопедична поддръжка и удобство при спане, дори при хора с по-голямо тегло. Липсата на ефективна опора обикновено е причина хората да се събуждат с болки във врата, гърба и кръста, тъй като тялото &bdquo;потъва&ldquo;, вместо да остава в балансирана позиция . Матракът Astrea Ortho разполага с ортопедична система от индивидуално пакетирани покет пружинки с по-голям диаметър на телта. Прецизна опора и комфорт, благодарение на множеството независими опорни точки, които се адаптират адекватно спрямо оказания натиск . Стабилност и по-малко пружиниране при по-голям натиск и движение . Надеждност, благодарение на подсилената пружина, която е изключително издръжлива и не се деформира толкова лесно, в сравнение с други материали. Отлична циркулация на въздуха - не задържа влагата , която се отделя по време на сън. С плътна полиуретанова пяна за по-голямата дебелина и плътност, която в същото време позволява на тялото да заеме естествена позиция по време на сън.Матрак Astrea Ortho е модел с висока степен на ортопедичност, който оказва опора на цялото тяло, а не само на отделните части. Той осигурява естествена позиция, независимо от позата по време на сън, без напрежение в мускулите и ставите.",Матраци,1,283.77,212.83,100,https://cdncloudcart.com/28510/products/images/1604/ortopedicen-matrak-astrea-ortho-6370b6457b69c_1280x1280.png?1668331101|https://cdncloudcart.com/28510/products/images/1604/ortopedicen-matrak-astrea-ortho-6370b58b4ab00_1280x1280.png?1668331082|https://cdncloudcart.com/28510/products/images/1604/ortopedicen-matrak-astrea-ortho-6370b56da783b_1920x1920.jpeg?1668331082|https://cdncloudcart.com/28510/products/images/1604/ortopedicen-matrak-astrea-ortho-6370b56e5e5ad_1920x1920.jpeg?1668331082|https://cdncloudcart.com/28510/products/images/1604/ortopedicen-matrak-astrea-ortho-6370b58bc6a1b_1280x1280.png?1668331082
22017145-1-120-/-190,"Ортопедичен матрак ASTREA ORTHO, двулицев - 120 / 190","Медицинско изделие с регистрация BG/CA01/MD0019/22.07.2019 Astrea Ortho е ортопедичен матрак , който комбинира иновативни технологии и качествени материали , с по-голяма плътност и допълнително подсилване , за да се постигне оптимална ортопедична поддръжка и удобство при спане, дори при хора с по-голямо тегло. Липсата на ефективна опора обикновено е причина хората да се събуждат с болки във врата, гърба и кръста, тъй като тялото &bdquo;потъва&ldquo;, вместо да остава в балансирана позиция . Матракът Astrea Ortho разполага с ортопедична система от индивидуално пакетирани покет пружинки с по-голям диаметър на телта. Прецизна опора и комфорт, благодарение на множеството независими опорни точки, които се адаптират адекватно спрямо оказания натиск . Стабилност и по-малко пружиниране при по-голям натиск и движение . Надеждност, благодарение на подсилената пружина, която е изключително издръжлива и не се деформира толкова лесно, в сравнение с други материали. Отлична циркулация на въздуха - не задържа влагата , която се отделя по време на сън. С плътна полиуретанова пяна за по-голямата дебелина и плътност, която в същото време позволява на тялото да заеме естествена позиция по време на сън.Матрак Astrea Ortho е модел с висока степен на ортопедичност, който оказва опора на цялото тяло, а не само на отделните части. Той осигурява естествена позиция, независимо от позата по време на сън, без напрежение в мускулите и ставите.",Матраци,1,360.46,270.34,100,https://cdncloudcart.com/28510/products/images/1604/ortopedicen-matrak-astrea-ortho-6370b6457b69c_1280x1280.png?1668331101|https://cdncloudcart.com/28510/products/images/1604/ortopedicen-matrak-astrea-ortho-6370b58b4ab00_1280x1280.png?1668331082|https://cdncloudcart.com/28510/products/images/1604/ortopedicen-matrak-astrea-ortho-6370b56da783b_1920x1920.jpeg?1668331082|https://cdncloudcart.com/28510/products/images/1604/ortopedicen-matrak-astrea-ortho-6370b56e5e5ad_1920x1920.jpeg?1668331082|https://cdncloudcart.com/28510/products/images/1604/ortopedicen-matrak-astrea-ortho-6370b58bc6a1b_1280x1280.png?1668331082
22017145-1-120-/-200,"Ортопедичен матрак ASTREA ORTHO, двулицев - 120 / 200","Медицинско изделие с регистрация BG/CA01/MD0019/22.07.2019 Astrea Ortho е ортопедичен матрак , който комбинира иновативни технологии и качествени материали , с по-голяма плътност и допълнително подсилване , за да се постигне оптимална ортопедична поддръжка и удобство при спане, дори при хора с по-голямо тегло. Липсата на ефективна опора обикновено е причина хората да се събуждат с болки във врата, гърба и кръста, тъй като тялото &bdquo;потъва&ldquo;, вместо да остава в балансирана позиция . Матракът Astrea Ortho разполага с ортопедична система от индивидуално пакетирани покет пружинки с по-голям диаметър на телта. Прецизна опора и комфорт, благодарение на множеството независими опорни точки, които се адаптират адекватно спрямо оказания натиск . Стабилност и по-малко пружиниране при по-голям натиск и движение . Надеждност, благодарение на подсилената пружина, която е изключително издръжлива и не се деформира толкова лесно, в сравнение с други материали. Отлична циркулация на въздуха - не задържа влагата , която се отделя по време на сън. С плътна полиуретанова пяна за по-голямата дебелина и плътност, която в същото време позволява на тялото да заеме естествена позиция по време на сън.Матрак Astrea Ortho е модел с висока степен на ортопедичност, който оказва опора на цялото тяло, а не само на отделните части. Той осигурява естествена позиция, независимо от позата по време на сън, без напрежение в мускулите и ставите.",Матраци,1,378.87,284.15,100,https://cdncloudcart.com/28510/products/images/1604/ortopedicen-matrak-astrea-ortho-6370b6457b69c_1280x1280.png?1668331101|https://cdncloudcart.com/28510/products/images/1604/ortopedicen-matrak-astrea-ortho-6370b58b4ab00_1280x1280.png?1668331082|https://cdncloudcart.com/28510/products/images/1604/ortopedicen-matrak-astrea-ortho-6370b56da783b_1920x1920.jpeg?1668331082|https://cdncloudcart.com/28510/products/images/1604/ortopedicen-matrak-astrea-ortho-6370b56e5e5ad_1920x1920.jpeg?1668331082|https://cdncloudcart.com/28510/products/images/1604/ortopedicen-matrak-astrea-ortho-6370b58bc6a1b_1280x1280.png?1668331082
22017145-1-140-/-200,"Ортопедичен матрак ASTREA ORTHO, двулицев - 140 / 200","Медицинско изделие с регистрация BG/CA01/MD0019/22.07.2019 Astrea Ortho е ортопедичен матрак , който комбинира иновативни технологии и качествени материали , с по-голяма плътност и допълнително подсилване , за да се постигне оптимална ортопедична поддръжка и удобство при спане, дори при хора с по-голямо тегло. Липсата на ефективна опора обикновено е причина хората да се събуждат с болки във врата, гърба и кръста, тъй като тялото &bdquo;потъва&ldquo;, вместо да остава в балансирана позиция . Матракът Astrea Ortho разполага с ортопедична система от индивидуално пакетирани покет пружинки с по-голям диаметър на телта. Прецизна опора и комфорт, благодарение на множеството независими опорни точки, които се адаптират адекватно спрямо оказания натиск . Стабилност и по-малко пружиниране при по-голям натиск и движение . Надеждност, благодарение на подсилената пружина, която е изключително издръжлива и не се деформира толкова лесно, в сравнение с други материали. Отлична циркулация на въздуха - не задържа влагата , която се отделя по време на сън. С плътна полиуретанова пяна за по-голямата дебелина и плътност, която в същото време позволява на тялото да заеме естествена позиция по време на сън.Матрак Astrea Ortho е модел с висока степен на ортопедичност, който оказва опора на цялото тяло, а не само на отделните части. Той осигурява естествена позиция, независимо от позата по време на сън, без напрежение в мускулите и ставите.",Матраци,1,416.70,312.52,100,https://cdncloudcart.com/28510/products/images/1604/ortopedicen-matrak-astrea-ortho-6370b6457b69c_1280x1280.png?1668331101|https://cdncloudcart.com/28510/products/images/1604/ortopedicen-matrak-astrea-ortho-6370b58b4ab00_1280x1280.png?1668331082|https://cdncloudcart.com/28510/products/images/1604/ortopedicen-matrak-astrea-ortho-6370b56da783b_1920x1920.jpeg?1668331082|https://cdncloudcart.com/28510/products/images/1604/ortopedicen-matrak-astrea-ortho-6370b56e5e5ad_1920x1920.jpeg?1668331082|https://cdncloudcart.com/28510/products/images/1604/ortopedicen-matrak-astrea-ortho-6370b58bc6a1b_1280x1280.png?1668331082
22017145-1-144-/-190,"Ортопедичен матрак ASTREA ORTHO, двулицев - 144 / 190","Медицинско изделие с регистрация BG/CA01/MD0019/22.07.2019 Astrea Ortho е ортопедичен матрак , който комбинира иновативни технологии и качествени материали , с по-голяма плътност и допълнително подсилване , за да се постигне оптимална ортопедична поддръжка и удобство при спане, дори при хора с по-голямо тегло. Липсата на ефективна опора обикновено е причина хората да се събуждат с болки във врата, гърба и кръста, тъй като тялото &bdquo;потъва&ldquo;, вместо да остава в балансирана позиция . Матракът Astrea Ortho разполага с ортопедична система от индивидуално пакетирани покет пружинки с по-голям диаметър на телта. Прецизна опора и комфорт, благодарение на множеството независими опорни точки, които се адаптират адекватно спрямо оказания натиск . Стабилност и по-малко пружиниране при по-голям натиск и движение . Надеждност, благодарение на подсилената пружина, която е изключително издръжлива и не се деформира толкова лесно, в сравнение с други материали. Отлична циркулация на въздуха - не задържа влагата , която се отделя по време на сън. С плътна полиуретанова пяна за по-голямата дебелина и плътност, която в същото време позволява на тялото да заеме естествена позиция по време на сън.Матрак Astrea Ortho е модел с висока степен на ортопедичност, който оказва опора на цялото тяло, а не само на отделните части. Той осигурява естествена позиция, независимо от позата по време на сън, без напрежение в мускулите и ставите.",Матраци,1,391.14,293.36,100,https://cdncloudcart.com/28510/products/images/1604/ortopedicen-matrak-astrea-ortho-6370b6457b69c_1280x1280.png?1668331101|https://cdncloudcart.com/28510/products/images/1604/ortopedicen-matrak-astrea-ortho-6370b58b4ab00_1280x1280.png?1668331082|https://cdncloudcart.com/28510/products/images/1604/ortopedicen-matrak-astrea-ortho-6370b56da783b_1920x1920.jpeg?1668331082|https://cdncloudcart.com/28510/products/images/1604/ortopedicen-matrak-astrea-ortho-6370b56e5e5ad_1920x1920.jpeg?1668331082|https://cdncloudcart.com/28510/products/images/1604/ortopedicen-matrak-astrea-ortho-6370b58bc6a1b_1280x1280.png?1668331082
22017145-1-160-/-200,"Ортопедичен матрак ASTREA ORTHO, двулицев - 160 / 200","Медицинско изделие с регистрация BG/CA01/MD0019/22.07.2019 Astrea Ortho е ортопедичен матрак , който комбинира иновативни технологии и качествени материали , с по-голяма плътност и допълнително подсилване , за да се постигне оптимална ортопедична поддръжка и удобство при спане, дори при хора с по-голямо тегло. Липсата на ефективна опора обикновено е причина хората да се събуждат с болки във врата, гърба и кръста, тъй като тялото &bdquo;потъва&ldquo;, вместо да остава в балансирана позиция . Матракът Astrea Ortho разполага с ортопедична система от индивидуално пакетирани покет пружинки с по-голям диаметър на телта. Прецизна опора и комфорт, благодарение на множеството независими опорни точки, които се адаптират адекватно спрямо оказания натиск . Стабилност и по-малко пружиниране при по-голям натиск и движение . Надеждност, благодарение на подсилената пружина, която е изключително издръжлива и не се деформира толкова лесно, в сравнение с други материали. Отлична циркулация на въздуха - не задържа влагата , която се отделя по време на сън. С плътна полиуретанова пяна за по-голямата дебелина и плътност, която в същото време позволява на тялото да заеме естествена позиция по време на сън.Матрак Astrea Ortho е модел с висока степен на ортопедичност, който оказва опора на цялото тяло, а не само на отделните части. Той осигурява естествена позиция, независимо от позата по време на сън, без напрежение в мускулите и ставите.",Матраци,1,459.14,344.36,100,https://cdncloudcart.com/28510/products/images/1604/ortopedicen-matrak-astrea-ortho-6370b6457b69c_1280x1280.png?1668331101|https://cdncloudcart.com/28510/products/images/1604/ortopedicen-matrak-astrea-ortho-6370b58b4ab00_1280x1280.png?1668331082|https://cdncloudcart.com/28510/products/images/1604/ortopedicen-matrak-astrea-ortho-6370b56da783b_1920x1920.jpeg?1668331082|https://cdncloudcart.com/28510/products/images/1604/ortopedicen-matrak-astrea-ortho-6370b56e5e5ad_1920x1920.jpeg?1668331082|https://cdncloudcart.com/28510/products/images/1604/ortopedicen-matrak-astrea-ortho-6370b58bc6a1b_1280x1280.png?1668331082
22017145-1-164-/-190,"Ортопедичен матрак ASTREA ORTHO, двулицев - 164 / 190","Медицинско изделие с регистрация BG/CA01/MD0019/22.07.2019 Astrea Ortho е ортопедичен матрак , който комбинира иновативни технологии и качествени материали , с по-голяма плътност и допълнително подсилване , за да се постигне оптимална ортопедична поддръжка и удобство при спане, дори при хора с по-голямо тегло. Липсата на ефективна опора обикновено е причина хората да се събуждат с болки във врата, гърба и кръста, тъй като тялото &bdquo;потъва&ldquo;, вместо да остава в балансирана позиция . Матракът Astrea Ortho разполага с ортопедична система от индивидуално пакетирани покет пружинки с по-голям диаметър на телта. Прецизна опора и комфорт, благодарение на множеството независими опорни точки, които се адаптират адекватно спрямо оказания натиск . Стабилност и по-малко пружиниране при по-голям натиск и движение . Надеждност, благодарение на подсилената пружина, която е изключително издръжлива и не се деформира толкова лесно, в сравнение с други материали. Отлична циркулация на въздуха - не задържа влагата , която се отделя по време на сън. С плътна полиуретанова пяна за по-голямата дебелина и плътност, която в същото време позволява на тялото да заеме естествена позиция по време на сън.Матрак Astrea Ortho е модел с висока степен на ортопедичност, който оказва опора на цялото тяло, а не само на отделните части. Той осигурява естествена позиция, независимо от позата по време на сън, без напрежение в мускулите и ставите.",Матраци,1,445.34,334.00,100,https://cdncloudcart.com/28510/products/images/1604/ortopedicen-matrak-astrea-ortho-6370b6457b69c_1280x1280.png?1668331101|https://cdncloudcart.com/28510/products/images/1604/ortopedicen-matrak-astrea-ortho-6370b58b4ab00_1280x1280.png?1668331082|https://cdncloudcart.com/28510/products/images/1604/ortopedicen-matrak-astrea-ortho-6370b56da783b_1920x1920.jpeg?1668331082|https://cdncloudcart.com/28510/products/images/1604/ortopedicen-matrak-astrea-ortho-6370b56e5e5ad_1920x1920.jpeg?1668331082|https://cdncloudcart.com/28510/products/images/1604/ortopedicen-matrak-astrea-ortho-6370b58bc6a1b_1280x1280.png?1668331082
22017145-1-180-/-200,"Ортопедичен матрак ASTREA ORTHO, двулицев - 180 / 200","Медицинско изделие с регистрация BG/CA01/MD0019/22.07.2019 Astrea Ortho е ортопедичен матрак , който комбинира иновативни технологии и качествени материали , с по-голяма плътност и допълнително подсилване , за да се постигне оптимална ортопедична поддръжка и удобство при спане, дори при хора с по-голямо тегло. Липсата на ефективна опора обикновено е причина хората да се събуждат с болки във врата, гърба и кръста, тъй като тялото &bdquo;потъва&ldquo;, вместо да остава в балансирана позиция . Матракът Astrea Ortho разполага с ортопедична система от индивидуално пакетирани покет пружинки с по-голям диаметър на телта. Прецизна опора и комфорт, благодарение на множеството независими опорни точки, които се адаптират адекватно спрямо оказания натиск . Стабилност и по-малко пружиниране при по-голям натиск и движение . Надеждност, благодарение на подсилената пружина, която е изключително издръжлива и не се деформира толкова лесно, в сравнение с други материали. Отлична циркулация на въздуха - не задържа влагата , която се отделя по време на сън. С плътна полиуретанова пяна за по-голямата дебелина и плътност, която в същото време позволява на тялото да заеме естествена позиция по време на сън.Матрак Astrea Ortho е модел с висока степен на ортопедичност, който оказва опора на цялото тяло, а не само на отделните части. Той осигурява естествена позиция, независимо от позата по време на сън, без напрежение в мускулите и ставите.",Матраци,1,517.94,388.46,100,https://cdncloudcart.com/28510/products/images/1604/ortopedicen-matrak-astrea-ortho-6370b6457b69c_1280x1280.png?1668331101|https://cdncloudcart.com/28510/products/images/1604/ortopedicen-matrak-astrea-ortho-6370b58b4ab00_1280x1280.png?1668331082|https://cdncloudcart.com/28510/products/images/1604/ortopedicen-matrak-astrea-ortho-6370b56da783b_1920x1920.jpeg?1668331082|https://cdncloudcart.com/28510/products/images/1604/ortopedicen-matrak-astrea-ortho-6370b56e5e5ad_1920x1920.jpeg?1668331082|https://cdncloudcart.com/28510/products/images/1604/ortopedicen-matrak-astrea-ortho-6370b58bc6a1b_1280x1280.png?1668331082
23007382-1-82-/-190,"Ортопедичен матрак ERGO DISC, двулицев - 82 / 190","Матрак със сертификат за ортопедичност ERGO DISC. Медицинско изделие с регистрация BG/CA01/MD0019/22.07.2019. Колекция продукти за сън Sleep Genesis е нова разработка на TED , която е фокусирана върху нуждите на съвременния човек. Sleep Genesis предлага олекотени конструкции, модернистични дизайни и чрез постигнатия ефект на нулева гравитация те пренася там, където се заражда съня . Матрак ERGO DISC предлага грижа съобразена със спецификите и анатомията тялото. Ортопедичен продукт за сън с иновативен, многослоен профил и 7 зони на комфорт . Ergo Disc носи със себе си преживяване изпълнено със спокойствие, сигурност и безкрайно удобство . Заспиваш неусетно и се събуждаш отпочинал . Осъзнаваш, че си открил перфектният матрак - този, който е в хармония с теб.",Матраци,1,272.52,204.39,100,https://cdncloudcart.com/28510/products/images/1605/ortopedicen-matrak-ergo-disc-6370b6ea78ccd_1280x1280.png?1668331295|https://cdncloudcart.com/28510/products/images/1605/ortopedicen-matrak-ergo-disc-6370b6eb4531e_1280x1280.png?1668331267|https://cdncloudcart.com/28510/products/images/1605/ortopedicen-matrak-ergo-disc-6370b6ebc7910_1280x1280.png?1668331279|https://cdncloudcart.com/28510/products/images/1605/ortopedicen-matrak-ergo-disc-6370b6ec8fd6b_1920x1920.png?1668331310|https://cdncloudcart.com/28510/products/images/1605/ortopedicen-matrak-ergo-disc-6370b6e993d04_800x800.png?1668331285|https://cdncloudcart.com/28510/products/images/1605/ortopedicen-matrak-ergo-disc-6370b6ed7fcf8_1920x1920.png?1668331325|https://cdncloudcart.com/28510/products/images/1605/ortopedicen-matrak-ergo-disc-6370b6ee76140_1920x1920.png?1668331340|https://cdncloudcart.com/28510/products/images/1605/ortopedicen-matrak-ergo-disc-6370b6eee0852_1920x1920.jpeg?1668331346|https://cdncloudcart.com/28510/products/images/1605/ortopedicen-matrak-ergo-disc-6370b6ef41a0a_1280x1280.jpeg?1668331325
23007382-1-90-/-200,"Ортопедичен матрак ERGO DISC, двулицев - 90 / 200","Матрак със сертификат за ортопедичност ERGO DISC. Медицинско изделие с регистрация BG/CA01/MD0019/22.07.2019. Колекция продукти за сън Sleep Genesis е нова разработка на TED , която е фокусирана върху нуждите на съвременния човек. Sleep Genesis предлага олекотени конструкции, модернистични дизайни и чрез постигнатия ефект на нулева гравитация те пренася там, където се заражда съня . Матрак ERGO DISC предлага грижа съобразена със спецификите и анатомията тялото. Ортопедичен продукт за сън с иновативен, многослоен профил и 7 зони на комфорт . Ergo Disc носи със себе си преживяване изпълнено със спокойствие, сигурност и безкрайно удобство . Заспиваш неусетно и се събуждаш отпочинал . Осъзнаваш, че си открил перфектният матрак - този, който е в хармония с теб.",Матраци,1,295.53,221.65,100,https://cdncloudcart.com/28510/products/images/1605/ortopedicen-matrak-ergo-disc-6370b6ea78ccd_1280x1280.png?1668331295|https://cdncloudcart.com/28510/products/images/1605/ortopedicen-matrak-ergo-disc-6370b6eb4531e_1280x1280.png?1668331267|https://cdncloudcart.com/28510/products/images/1605/ortopedicen-matrak-ergo-disc-6370b6ebc7910_1280x1280.png?1668331279|https://cdncloudcart.com/28510/products/images/1605/ortopedicen-matrak-ergo-disc-6370b6ec8fd6b_1920x1920.png?1668331310|https://cdncloudcart.com/28510/products/images/1605/ortopedicen-matrak-ergo-disc-6370b6e993d04_800x800.png?1668331285|https://cdncloudcart.com/28510/products/images/1605/ortopedicen-matrak-ergo-disc-6370b6ed7fcf8_1920x1920.png?1668331325|https://cdncloudcart.com/28510/products/images/1605/ortopedicen-matrak-ergo-disc-6370b6ee76140_1920x1920.png?1668331340|https://cdncloudcart.com/28510/products/images/1605/ortopedicen-matrak-ergo-disc-6370b6eee0852_1920x1920.jpeg?1668331346|https://cdncloudcart.com/28510/products/images/1605/ortopedicen-matrak-ergo-disc-6370b6ef41a0a_1280x1280.jpeg?1668331325
23007382-1-120-/-190,"Ортопедичен матрак ERGO DISC, двулицев - 120 / 190","Матрак със сертификат за ортопедичност ERGO DISC. Медицинско изделие с регистрация BG/CA01/MD0019/22.07.2019. Колекция продукти за сън Sleep Genesis е нова разработка на TED , която е фокусирана върху нуждите на съвременния човек. Sleep Genesis предлага олекотени конструкции, модернистични дизайни и чрез постигнатия ефект на нулева гравитация те пренася там, където се заражда съня . Матрак ERGO DISC предлага грижа съобразена със спецификите и анатомията тялото. Ортопедичен продукт за сън с иновативен, многослоен профил и 7 зони на комфорт . Ergo Disc носи със себе си преживяване изпълнено със спокойствие, сигурност и безкрайно удобство . Заспиваш неусетно и се събуждаш отпочинал . Осъзнаваш, че си открил перфектният матрак - този, който е в хармония с теб.",Матраци,1,404.43,303.32,100,https://cdncloudcart.com/28510/products/images/1605/ortopedicen-matrak-ergo-disc-6370b6ea78ccd_1280x1280.png?1668331295|https://cdncloudcart.com/28510/products/images/1605/ortopedicen-matrak-ergo-disc-6370b6eb4531e_1280x1280.png?1668331267|https://cdncloudcart.com/28510/products/images/1605/ortopedicen-matrak-ergo-disc-6370b6ebc7910_1280x1280.png?1668331279|https://cdncloudcart.com/28510/products/images/1605/ortopedicen-matrak-ergo-disc-6370b6ec8fd6b_1920x1920.png?1668331310|https://cdncloudcart.com/28510/products/images/1605/ortopedicen-matrak-ergo-disc-6370b6e993d04_800x800.png?1668331285|https://cdncloudcart.com/28510/products/images/1605/ortopedicen-matrak-ergo-disc-6370b6ed7fcf8_1920x1920.png?1668331325|https://cdncloudcart.com/28510/products/images/1605/ortopedicen-matrak-ergo-disc-6370b6ee76140_1920x1920.png?1668331340|https://cdncloudcart.com/28510/products/images/1605/ortopedicen-matrak-ergo-disc-6370b6eee0852_1920x1920.jpeg?1668331346|https://cdncloudcart.com/28510/products/images/1605/ortopedicen-matrak-ergo-disc-6370b6ef41a0a_1280x1280.jpeg?1668331325
23007382-1-120-/-200,"Ортопедичен матрак ERGO DISC, двулицев - 120 / 200","Матрак със сертификат за ортопедичност ERGO DISC. Медицинско изделие с регистрация BG/CA01/MD0019/22.07.2019. Колекция продукти за сън Sleep Genesis е нова разработка на TED , която е фокусирана върху нуждите на съвременния човек. Sleep Genesis предлага олекотени конструкции, модернистични дизайни и чрез постигнатия ефект на нулева гравитация те пренася там, където се заражда съня . Матрак ERGO DISC предлага грижа съобразена със спецификите и анатомията тялото. Ортопедичен продукт за сън с иновативен, многослоен профил и 7 зони на комфорт . Ergo Disc носи със себе си преживяване изпълнено със спокойствие, сигурност и безкрайно удобство . Заспиваш неусетно и се събуждаш отпочинал . Осъзнаваш, че си открил перфектният матрак - този, който е в хармония с теб.",Матраци,1,410.57,307.93,100,https://cdncloudcart.com/28510/products/images/1605/ortopedicen-matrak-ergo-disc-6370b6ea78ccd_1280x1280.png?1668331295|https://cdncloudcart.com/28510/products/images/1605/ortopedicen-matrak-ergo-disc-6370b6eb4531e_1280x1280.png?1668331267|https://cdncloudcart.com/28510/products/images/1605/ortopedicen-matrak-ergo-disc-6370b6ebc7910_1280x1280.png?1668331279|https://cdncloudcart.com/28510/products/images/1605/ortopedicen-matrak-ergo-disc-6370b6ec8fd6b_1920x1920.png?1668331310|https://cdncloudcart.com/28510/products/images/1605/ortopedicen-matrak-ergo-disc-6370b6e993d04_800x800.png?1668331285|https://cdncloudcart.com/28510/products/images/1605/ortopedicen-matrak-ergo-disc-6370b6ed7fcf8_1920x1920.png?1668331325|https://cdncloudcart.com/28510/products/images/1605/ortopedicen-matrak-ergo-disc-6370b6ee76140_1920x1920.png?1668331340|https://cdncloudcart.com/28510/products/images/1605/ortopedicen-matrak-ergo-disc-6370b6eee0852_1920x1920.jpeg?1668331346|https://cdncloudcart.com/28510/products/images/1605/ortopedicen-matrak-ergo-disc-6370b6ef41a0a_1280x1280.jpeg?1668331325
23007382-1-140-/-200,"Ортопедичен матрак ERGO DISC, двулицев - 140 / 200","Матрак със сертификат за ортопедичност ERGO DISC. Медицинско изделие с регистрация BG/CA01/MD0019/22.07.2019. Колекция продукти за сън Sleep Genesis е нова разработка на TED , която е фокусирана върху нуждите на съвременния човек. Sleep Genesis предлага олекотени конструкции, модернистични дизайни и чрез постигнатия ефект на нулева гравитация те пренася там, където се заражда съня . Матрак ERGO DISC предлага грижа съобразена със спецификите и анатомията тялото. Ортопедичен продукт за сън с иновативен, многослоен профил и 7 зони на комфорт . Ergo Disc носи със себе си преживяване изпълнено със спокойствие, сигурност и безкрайно удобство . Заспиваш неусетно и се събуждаш отпочинал . Осъзнаваш, че си открил перфектният матрак - този, който е в хармония с теб.",Матраци,1,483.17,362.38,100,https://cdncloudcart.com/28510/products/images/1605/ortopedicen-matrak-ergo-disc-6370b6ea78ccd_1280x1280.png?1668331295|https://cdncloudcart.com/28510/products/images/1605/ortopedicen-matrak-ergo-disc-6370b6eb4531e_1280x1280.png?1668331267|https://cdncloudcart.com/28510/products/images/1605/ortopedicen-matrak-ergo-disc-6370b6ebc7910_1280x1280.png?1668331279|https://cdncloudcart.com/28510/products/images/1605/ortopedicen-matrak-ergo-disc-6370b6ec8fd6b_1920x1920.png?1668331310|https://cdncloudcart.com/28510/products/images/1605/ortopedicen-matrak-ergo-disc-6370b6e993d04_800x800.png?1668331285|https://cdncloudcart.com/28510/products/images/1605/ortopedicen-matrak-ergo-disc-6370b6ed7fcf8_1920x1920.png?1668331325|https://cdncloudcart.com/28510/products/images/1605/ortopedicen-matrak-ergo-disc-6370b6ee76140_1920x1920.png?1668331340|https://cdncloudcart.com/28510/products/images/1605/ortopedicen-matrak-ergo-disc-6370b6eee0852_1920x1920.jpeg?1668331346|https://cdncloudcart.com/28510/products/images/1605/ortopedicen-matrak-ergo-disc-6370b6ef41a0a_1280x1280.jpeg?1668331325
23007382-1-144-/-190,"Ортопедичен матрак ERGO DISC, двулицев - 144 / 190","Матрак със сертификат за ортопедичност ERGO DISC. Медицинско изделие с регистрация BG/CA01/MD0019/22.07.2019. Колекция продукти за сън Sleep Genesis е нова разработка на TED , която е фокусирана върху нуждите на съвременния човек. Sleep Genesis предлага олекотени конструкции, модернистични дизайни и чрез постигнатия ефект на нулева гравитация те пренася там, където се заражда съня . Матрак ERGO DISC предлага грижа съобразена със спецификите и анатомията тялото. Ортопедичен продукт за сън с иновативен, многослоен профил и 7 зони на комфорт . Ergo Disc носи със себе си преживяване изпълнено със спокойствие, сигурност и безкрайно удобство . Заспиваш неусетно и се събуждаш отпочинал . Осъзнаваш, че си открил перфектният матрак - този, който е в хармония с теб.",Матраци,1,477.04,357.78,100,https://cdncloudcart.com/28510/products/images/1605/ortopedicen-matrak-ergo-disc-6370b6ea78ccd_1280x1280.png?1668331295|https://cdncloudcart.com/28510/products/images/1605/ortopedicen-matrak-ergo-disc-6370b6eb4531e_1280x1280.png?1668331267|https://cdncloudcart.com/28510/products/images/1605/ortopedicen-matrak-ergo-disc-6370b6ebc7910_1280x1280.png?1668331279|https://cdncloudcart.com/28510/products/images/1605/ortopedicen-matrak-ergo-disc-6370b6ec8fd6b_1920x1920.png?1668331310|https://cdncloudcart.com/28510/products/images/1605/ortopedicen-matrak-ergo-disc-6370b6e993d04_800x800.png?1668331285|https://cdncloudcart.com/28510/products/images/1605/ortopedicen-matrak-ergo-disc-6370b6ed7fcf8_1920x1920.png?1668331325|https://cdncloudcart.com/28510/products/images/1605/ortopedicen-matrak-ergo-disc-6370b6ee76140_1920x1920.png?1668331340|https://cdncloudcart.com/28510/products/images/1605/ortopedicen-matrak-ergo-disc-6370b6eee0852_1920x1920.jpeg?1668331346|https://cdncloudcart.com/28510/products/images/1605/ortopedicen-matrak-ergo-disc-6370b6ef41a0a_1280x1280.jpeg?1668331325
23007382-1-160-/-200,"Ортопедичен матрак ERGO DISC, двулицев - 160 / 200","Матрак със сертификат за ортопедичност ERGO DISC. Медицинско изделие с регистрация BG/CA01/MD0019/22.07.2019. Колекция продукти за сън Sleep Genesis е нова разработка на TED , която е фокусирана върху нуждите на съвременния човек. Sleep Genesis предлага олекотени конструкции, модернистични дизайни и чрез постигнатия ефект на нулева гравитация те пренася там, където се заражда съня . Матрак ERGO DISC предлага грижа съобразена със спецификите и анатомията тялото. Ортопедичен продукт за сън с иновативен, многослоен профил и 7 зони на комфорт . Ergo Disc носи със себе си преживяване изпълнено със спокойствие, сигурност и безкрайно удобство . Заспиваш неусетно и се събуждаш отпочинал . Осъзнаваш, че си открил перфектният матрак - този, който е в хармония с теб.",Матраци,1,531.74,398.81,100,https://cdncloudcart.com/28510/products/images/1605/ortopedicen-matrak-ergo-disc-6370b6ea78ccd_1280x1280.png?1668331295|https://cdncloudcart.com/28510/products/images/1605/ortopedicen-matrak-ergo-disc-6370b6eb4531e_1280x1280.png?1668331267|https://cdncloudcart.com/28510/products/images/1605/ortopedicen-matrak-ergo-disc-6370b6ebc7910_1280x1280.png?1668331279|https://cdncloudcart.com/28510/products/images/1605/ortopedicen-matrak-ergo-disc-6370b6ec8fd6b_1920x1920.png?1668331310|https://cdncloudcart.com/28510/products/images/1605/ortopedicen-matrak-ergo-disc-6370b6e993d04_800x800.png?1668331285|https://cdncloudcart.com/28510/products/images/1605/ortopedicen-matrak-ergo-disc-6370b6ed7fcf8_1920x1920.png?1668331325|https://cdncloudcart.com/28510/products/images/1605/ortopedicen-matrak-ergo-disc-6370b6ee76140_1920x1920.png?1668331340|https://cdncloudcart.com/28510/products/images/1605/ortopedicen-matrak-ergo-disc-6370b6eee0852_1920x1920.jpeg?1668331346|https://cdncloudcart.com/28510/products/images/1605/ortopedicen-matrak-ergo-disc-6370b6ef41a0a_1280x1280.jpeg?1668331325
23007382-1-164-/-190,"Ортопедичен матрак ERGO DISC, двулицев - 164 / 190","Матрак със сертификат за ортопедичност ERGO DISC. Медицинско изделие с регистрация BG/CA01/MD0019/22.07.2019. Колекция продукти за сън Sleep Genesis е нова разработка на TED , която е фокусирана върху нуждите на съвременния човек. Sleep Genesis предлага олекотени конструкции, модернистични дизайни и чрез постигнатия ефект на нулева гравитация те пренася там, където се заражда съня . Матрак ERGO DISC предлага грижа съобразена със спецификите и анатомията тялото. Ортопедичен продукт за сън с иновативен, многослоен профил и 7 зони на комфорт . Ergo Disc носи със себе си преживяване изпълнено със спокойствие, сигурност и безкрайно удобство . Заспиваш неусетно и се събуждаш отпочинал . Осъзнаваш, че си открил перфектният матрак - този, който е в хармония с теб.",Матраци,1,525.61,394.21,100,https://cdncloudcart.com/28510/products/images/1605/ortopedicen-matrak-ergo-disc-6370b6ea78ccd_1280x1280.png?1668331295|https://cdncloudcart.com/28510/products/images/1605/ortopedicen-matrak-ergo-disc-6370b6eb4531e_1280x1280.png?1668331267|https://cdncloudcart.com/28510/products/images/1605/ortopedicen-matrak-ergo-disc-6370b6ebc7910_1280x1280.png?1668331279|https://cdncloudcart.com/28510/products/images/1605/ortopedicen-matrak-ergo-disc-6370b6ec8fd6b_1920x1920.png?1668331310|https://cdncloudcart.com/28510/products/images/1605/ortopedicen-matrak-ergo-disc-6370b6e993d04_800x800.png?1668331285|https://cdncloudcart.com/28510/products/images/1605/ortopedicen-matrak-ergo-disc-6370b6ed7fcf8_1920x1920.png?1668331325|https://cdncloudcart.com/28510/products/images/1605/ortopedicen-matrak-ergo-disc-6370b6ee76140_1920x1920.png?1668331340|https://cdncloudcart.com/28510/products/images/1605/ortopedicen-matrak-ergo-disc-6370b6eee0852_1920x1920.jpeg?1668331346|https://cdncloudcart.com/28510/products/images/1605/ortopedicen-matrak-ergo-disc-6370b6ef41a0a_1280x1280.jpeg?1668331325
23007382-1-180-/-200,"Ортопедичен матрак ERGO DISC, двулицев - 180 / 200","Матрак със сертификат за ортопедичност ERGO DISC. Медицинско изделие с регистрация BG/CA01/MD0019/22.07.2019. Колекция продукти за сън Sleep Genesis е нова разработка на TED , която е фокусирана върху нуждите на съвременния човек. Sleep Genesis предлага олекотени конструкции, модернистични дизайни и чрез постигнатия ефект на нулева гравитация те пренася там, където се заражда съня . Матрак ERGO DISC предлага грижа съобразена със спецификите и анатомията тялото. Ортопедичен продукт за сън с иновативен, многослоен профил и 7 зони на комфорт . Ergo Disc носи със себе си преживяване изпълнено със спокойствие, сигурност и безкрайно удобство . Заспиваш неусетно и се събуждаш отпочинал . Осъзнаваш, че си открил перфектният матрак - този, който е в хармония с теб.",Матраци,1,574.18,430.63,100,https://cdncloudcart.com/28510/products/images/1605/ortopedicen-matrak-ergo-disc-6370b6ea78ccd_1280x1280.png?1668331295|https://cdncloudcart.com/28510/products/images/1605/ortopedicen-matrak-ergo-disc-6370b6eb4531e_1280x1280.png?1668331267|https://cdncloudcart.com/28510/products/images/1605/ortopedicen-matrak-ergo-disc-6370b6ebc7910_1280x1280.png?1668331279|https://cdncloudcart.com/28510/products/images/1605/ortopedicen-matrak-ergo-disc-6370b6ec8fd6b_1920x1920.png?1668331310|https://cdncloudcart.com/28510/products/images/1605/ortopedicen-matrak-ergo-disc-6370b6e993d04_800x800.png?1668331285|https://cdncloudcart.com/28510/products/images/1605/ortopedicen-matrak-ergo-disc-6370b6ed7fcf8_1920x1920.png?1668331325|https://cdncloudcart.com/28510/products/images/1605/ortopedicen-matrak-ergo-disc-6370b6ee76140_1920x1920.png?1668331340|https://cdncloudcart.com/28510/products/images/1605/ortopedicen-matrak-ergo-disc-6370b6eee0852_1920x1920.jpeg?1668331346|https://cdncloudcart.com/28510/products/images/1605/ortopedicen-matrak-ergo-disc-6370b6ef41a0a_1280x1280.jpeg?1668331325
23003619-1-82-/-190,Топ матрак ALOE MEMO FLEX - 82 / 190,"Топ матрак с Алое Вера Топ матракът Aloe Memo Flex от колекцията на TED Bed е специално създаден с обемно ядро от полиуретанова пяна , която осигурява удобна поддръжка на тялото по време на сън. Този върховен топ матрак има в прошивката си слой мемори пяна, който създава великолепна повърхност, следвайки контура на тялото и запаметявайки неговата форма. Висококачественият текстил на топ матрак Aloe Memo Flex е обогатен с екстракт от алое вера , известен с отличния си хидратиращ и успокояващ ефект на кожата. Това невероятно растение не само осигурява антибактериална, антимикробна и антисептична защита , но и благодарение на подмладяващите свойства успокоява кожата. По този начин човек може да се събуди сутрин освежен и много спокоен. Този топ матрак е изключително подходящ за всеки, който иска да повиши нивото на комфорт и опора по време на сън. Топ матракът Aloe Memo Flex е чудесна инвестиция, тъй като може да подобри или дори да възстанови напълно нивото на комфорт на всеки матрак!",Топ Матраци,1,96.63,72.47,100,https://cdncloudcart.com/28510/products/images/1607/top-matrak-aloe-memo-flex-6370c0271e0aa_1280x1280.png?1668333658|https://cdncloudcart.com/28510/products/images/1607/top-matrak-aloe-memo-flex-6370c0065f03c_1280x1280.png?1668333643|https://cdncloudcart.com/28510/products/images/1607/top-matrak-aloe-memo-flex-6370c006e992b_1280x1280.png?1668333631|https://cdncloudcart.com/28510/products/images/1607/top-matrak-aloe-memo-flex-6370c007692b8_1920x1920.jpeg?1668333622|https://cdncloudcart.com/28510/products/images/1607/top-matrak-aloe-memo-flex-6370c007d4d65_1920x1920.jpeg?1668333649|https://cdncloudcart.com/28510/products/images/1607/top-matrak-aloe-memo-flex-6370c00837f68_800x800.jpeg?1668333649|https://cdncloudcart.com/28510/products/images/1607/top-matrak-aloe-memo-flex-6370c008cc6ab_1920x1920.jpeg?1668333634
23003619-1-90-/-190,Топ матрак ALOE MEMO FLEX - 90 / 190,"Топ матрак с Алое Вера Топ матракът Aloe Memo Flex от колекцията на TED Bed е специално създаден с обемно ядро от полиуретанова пяна , която осигурява удобна поддръжка на тялото по време на сън. Този върховен топ матрак има в прошивката си слой мемори пяна, който създава великолепна повърхност, следвайки контура на тялото и запаметявайки неговата форма. Висококачественият текстил на топ матрак Aloe Memo Flex е обогатен с екстракт от алое вера , известен с отличния си хидратиращ и успокояващ ефект на кожата. Това невероятно растение не само осигурява антибактериална, антимикробна и антисептична защита , но и благодарение на подмладяващите свойства успокоява кожата. По този начин човек може да се събуди сутрин освежен и много спокоен. Този топ матрак е изключително подходящ за всеки, който иска да повиши нивото на комфорт и опора по време на сън. Топ матракът Aloe Memo Flex е чудесна инвестиция, тъй като може да подобри или дори да възстанови напълно нивото на комфорт на всеки матрак!",Топ Матраци,1,106.86,80.14,100,https://cdncloudcart.com/28510/products/images/1607/top-matrak-aloe-memo-flex-6370c0271e0aa_1280x1280.png?1668333658|https://cdncloudcart.com/28510/products/images/1607/top-matrak-aloe-memo-flex-6370c0065f03c_1280x1280.png?1668333643|https://cdncloudcart.com/28510/products/images/1607/top-matrak-aloe-memo-flex-6370c006e992b_1280x1280.png?1668333631|https://cdncloudcart.com/28510/products/images/1607/top-matrak-aloe-memo-flex-6370c007692b8_1920x1920.jpeg?1668333622|https://cdncloudcart.com/28510/products/images/1607/top-matrak-aloe-memo-flex-6370c007d4d65_1920x1920.jpeg?1668333649|https://cdncloudcart.com/28510/products/images/1607/top-matrak-aloe-memo-flex-6370c00837f68_800x800.jpeg?1668333649|https://cdncloudcart.com/28510/products/images/1607/top-matrak-aloe-memo-flex-6370c008cc6ab_1920x1920.jpeg?1668333634
23003619-1-90-/-200,Топ матрак ALOE MEMO FLEX - 90 / 200,"Топ матрак с Алое Вера Топ матракът Aloe Memo Flex от колекцията на TED Bed е специално създаден с обемно ядро от полиуретанова пяна , която осигурява удобна поддръжка на тялото по време на сън. Този върховен топ матрак има в прошивката си слой мемори пяна, който създава великолепна повърхност, следвайки контура на тялото и запаметявайки неговата форма. Висококачественият текстил на топ матрак Aloe Memo Flex е обогатен с екстракт от алое вера , известен с отличния си хидратиращ и успокояващ ефект на кожата. Това невероятно растение не само осигурява антибактериална, антимикробна и антисептична защита , но и благодарение на подмладяващите свойства успокоява кожата. По този начин човек може да се събуди сутрин освежен и много спокоен. Този топ матрак е изключително подходящ за всеки, който иска да повиши нивото на комфорт и опора по време на сън. Топ матракът Aloe Memo Flex е чудесна инвестиция, тъй като може да подобри или дори да възстанови напълно нивото на комфорт на всеки матрак!",Топ Матраци,1,118.62,88.97,100,https://cdncloudcart.com/28510/products/images/1607/top-matrak-aloe-memo-flex-6370c0271e0aa_1280x1280.png?1668333658|https://cdncloudcart.com/28510/products/images/1607/top-matrak-aloe-memo-flex-6370c0065f03c_1280x1280.png?1668333643|https://cdncloudcart.com/28510/products/images/1607/top-matrak-aloe-memo-flex-6370c006e992b_1280x1280.png?1668333631|https://cdncloudcart.com/28510/products/images/1607/top-matrak-aloe-memo-flex-6370c007692b8_1920x1920.jpeg?1668333622|https://cdncloudcart.com/28510/products/images/1607/top-matrak-aloe-memo-flex-6370c007d4d65_1920x1920.jpeg?1668333649|https://cdncloudcart.com/28510/products/images/1607/top-matrak-aloe-memo-flex-6370c00837f68_800x800.jpeg?1668333649|https://cdncloudcart.com/28510/products/images/1607/top-matrak-aloe-memo-flex-6370c008cc6ab_1920x1920.jpeg?1668333634
23003619-1-120-/-190,Топ матрак ALOE MEMO FLEX - 120 / 190,"Топ матрак с Алое Вера Топ матракът Aloe Memo Flex от колекцията на TED Bed е специално създаден с обемно ядро от полиуретанова пяна , която осигурява удобна поддръжка на тялото по време на сън. Този върховен топ матрак има в прошивката си слой мемори пяна, който създава великолепна повърхност, следвайки контура на тялото и запаметявайки неговата форма. Висококачественият текстил на топ матрак Aloe Memo Flex е обогатен с екстракт от алое вера , известен с отличния си хидратиращ и успокояващ ефект на кожата. Това невероятно растение не само осигурява антибактериална, антимикробна и антисептична защита , но и благодарение на подмладяващите свойства успокоява кожата. По този начин човек може да се събуди сутрин освежен и много спокоен. Този топ матрак е изключително подходящ за всеки, който иска да повиши нивото на комфорт и опора по време на сън. Топ матракът Aloe Memo Flex е чудесна инвестиция, тъй като може да подобри или дори да възстанови напълно нивото на комфорт на всеки матрак!",Топ Матраци,1,139.07,104.30,100,https://cdncloudcart.com/28510/products/images/1607/top-matrak-aloe-memo-flex-6370c0271e0aa_1280x1280.png?1668333658|https://cdncloudcart.com/28510/products/images/1607/top-matrak-aloe-memo-flex-6370c0065f03c_1280x1280.png?1668333643|https://cdncloudcart.com/28510/products/images/1607/top-matrak-aloe-memo-flex-6370c006e992b_1280x1280.png?1668333631|https://cdncloudcart.com/28510/products/images/1607/top-matrak-aloe-memo-flex-6370c007692b8_1920x1920.jpeg?1668333622|https://cdncloudcart.com/28510/products/images/1607/top-matrak-aloe-memo-flex-6370c007d4d65_1920x1920.jpeg?1668333649|https://cdncloudcart.com/28510/products/images/1607/top-matrak-aloe-memo-flex-6370c00837f68_800x800.jpeg?1668333649|https://cdncloudcart.com/28510/products/images/1607/top-matrak-aloe-memo-flex-6370c008cc6ab_1920x1920.jpeg?1668333634
23003619-1-120-/-200,Топ матрак ALOE MEMO FLEX - 120 / 200,"Топ матрак с Алое Вера Топ матракът Aloe Memo Flex от колекцията на TED Bed е специално създаден с обемно ядро от полиуретанова пяна , която осигурява удобна поддръжка на тялото по време на сън. Този върховен топ матрак има в прошивката си слой мемори пяна, който създава великолепна повърхност, следвайки контура на тялото и запаметявайки неговата форма. Висококачественият текстил на топ матрак Aloe Memo Flex е обогатен с екстракт от алое вера , известен с отличния си хидратиращ и успокояващ ефект на кожата. Това невероятно растение не само осигурява антибактериална, антимикробна и антисептична защита , но и благодарение на подмладяващите свойства успокоява кожата. По този начин човек може да се събуди сутрин освежен и много спокоен. Този топ матрак е изключително подходящ за всеки, който иска да повиши нивото на комфорт и опора по време на сън. Топ матракът Aloe Memo Flex е чудесна инвестиция, тъй като може да подобри или дори да възстанови напълно нивото на комфорт на всеки матрак!",Топ Матраци,1,150.32,112.74,100,https://cdncloudcart.com/28510/products/images/1607/top-matrak-aloe-memo-flex-6370c0271e0aa_1280x1280.png?1668333658|https://cdncloudcart.com/28510/products/images/1607/top-matrak-aloe-memo-flex-6370c0065f03c_1280x1280.png?1668333643|https://cdncloudcart.com/28510/products/images/1607/top-matrak-aloe-memo-flex-6370c006e992b_1280x1280.png?1668333631|https://cdncloudcart.com/28510/products/images/1607/top-matrak-aloe-memo-flex-6370c007692b8_1920x1920.jpeg?1668333622|https://cdncloudcart.com/28510/products/images/1607/top-matrak-aloe-memo-flex-6370c007d4d65_1920x1920.jpeg?1668333649|https://cdncloudcart.com/28510/products/images/1607/top-matrak-aloe-memo-flex-6370c00837f68_800x800.jpeg?1668333649|https://cdncloudcart.com/28510/products/images/1607/top-matrak-aloe-memo-flex-6370c008cc6ab_1920x1920.jpeg?1668333634
23003619-1-140-/-200,Топ матрак ALOE MEMO FLEX - 140 / 200,"Топ матрак с Алое Вера Топ матракът Aloe Memo Flex от колекцията на TED Bed е специално създаден с обемно ядро от полиуретанова пяна , която осигурява удобна поддръжка на тялото по време на сън. Този върховен топ матрак има в прошивката си слой мемори пяна, който създава великолепна повърхност, следвайки контура на тялото и запаметявайки неговата форма. Висококачественият текстил на топ матрак Aloe Memo Flex е обогатен с екстракт от алое вера , известен с отличния си хидратиращ и успокояващ ефект на кожата. Това невероятно растение не само осигурява антибактериална, антимикробна и антисептична защита , но и благодарение на подмладяващите свойства успокоява кожата. По този начин човек може да се събуди сутрин освежен и много спокоен. Този топ матрак е изключително подходящ за всеки, който иска да повиши нивото на комфорт и опора по време на сън. Топ матракът Aloe Memo Flex е чудесна инвестиция, тъй като може да подобри или дори да възстанови напълно нивото на комфорт на всеки матрак!",Топ Матраци,1,152.88,114.66,100,https://cdncloudcart.com/28510/products/images/1607/top-matrak-aloe-memo-flex-6370c0271e0aa_1280x1280.png?1668333658|https://cdncloudcart.com/28510/products/images/1607/top-matrak-aloe-memo-flex-6370c0065f03c_1280x1280.png?1668333643|https://cdncloudcart.com/28510/products/images/1607/top-matrak-aloe-memo-flex-6370c006e992b_1280x1280.png?1668333631|https://cdncloudcart.com/28510/products/images/1607/top-matrak-aloe-memo-flex-6370c007692b8_1920x1920.jpeg?1668333622|https://cdncloudcart.com/28510/products/images/1607/top-matrak-aloe-memo-flex-6370c007d4d65_1920x1920.jpeg?1668333649|https://cdncloudcart.com/28510/products/images/1607/top-matrak-aloe-memo-flex-6370c00837f68_800x800.jpeg?1668333649|https://cdncloudcart.com/28510/products/images/1607/top-matrak-aloe-memo-flex-6370c008cc6ab_1920x1920.jpeg?1668333634
23003619-1-160-/-200,Топ матрак ALOE MEMO FLEX - 160 / 200,"Топ матрак с Алое Вера Топ матракът Aloe Memo Flex от колекцията на TED Bed е специално създаден с обемно ядро от полиуретанова пяна , която осигурява удобна поддръжка на тялото по време на сън. Този върховен топ матрак има в прошивката си слой мемори пяна, който създава великолепна повърхност, следвайки контура на тялото и запаметявайки неговата форма. Висококачественият текстил на топ матрак Aloe Memo Flex е обогатен с екстракт от алое вера , известен с отличния си хидратиращ и успокояващ ефект на кожата. Това невероятно растение не само осигурява антибактериална, антимикробна и антисептична защита , но и благодарение на подмладяващите свойства успокоява кожата. По този начин човек може да се събуди сутрин освежен и много спокоен. Този топ матрак е изключително подходящ за всеки, който иска да повиши нивото на комфорт и опора по време на сън. Топ матракът Aloe Memo Flex е чудесна инвестиция, тъй като може да подобри или дори да възстанови напълно нивото на комфорт на всеки матрак!",Топ Матраци,1,174.86,131.15,100,https://cdncloudcart.com/28510/products/images/1607/top-matrak-aloe-memo-flex-6370c0271e0aa_1280x1280.png?1668333658|https://cdncloudcart.com/28510/products/images/1607/top-matrak-aloe-memo-flex-6370c0065f03c_1280x1280.png?1668333643|https://cdncloudcart.com/28510/products/images/1607/top-matrak-aloe-memo-flex-6370c006e992b_1280x1280.png?1668333631|https://cdncloudcart.com/28510/products/images/1607/top-matrak-aloe-memo-flex-6370c007692b8_1920x1920.jpeg?1668333622|https://cdncloudcart.com/28510/products/images/1607/top-matrak-aloe-memo-flex-6370c007d4d65_1920x1920.jpeg?1668333649|https://cdncloudcart.com/28510/products/images/1607/top-matrak-aloe-memo-flex-6370c00837f68_800x800.jpeg?1668333649|https://cdncloudcart.com/28510/products/images/1607/top-matrak-aloe-memo-flex-6370c008cc6ab_1920x1920.jpeg?1668333634
23003619-1-164-/-190,Топ матрак ALOE MEMO FLEX - 164 / 190,"Топ матрак с Алое Вера Топ матракът Aloe Memo Flex от колекцията на TED Bed е специално създаден с обемно ядро от полиуретанова пяна , която осигурява удобна поддръжка на тялото по време на сън. Този върховен топ матрак има в прошивката си слой мемори пяна, който създава великолепна повърхност, следвайки контура на тялото и запаметявайки неговата форма. Висококачественият текстил на топ матрак Aloe Memo Flex е обогатен с екстракт от алое вера , известен с отличния си хидратиращ и успокояващ ефект на кожата. Това невероятно растение не само осигурява антибактериална, антимикробна и антисептична защита , но и благодарение на подмладяващите свойства успокоява кожата. По този начин човек може да се събуди сутрин освежен и много спокоен. Този топ матрак е изключително подходящ за всеки, който иска да повиши нивото на комфорт и опора по време на сън. Топ матракът Aloe Memo Flex е чудесна инвестиция, тъй като може да подобри или дори да възстанови напълно нивото на комфорт на всеки матрак!",Топ Матраци,1,172.31,129.23,100,https://cdncloudcart.com/28510/products/images/1607/top-matrak-aloe-memo-flex-6370c0271e0aa_1280x1280.png?1668333658|https://cdncloudcart.com/28510/products/images/1607/top-matrak-aloe-memo-flex-6370c0065f03c_1280x1280.png?1668333643|https://cdncloudcart.com/28510/products/images/1607/top-matrak-aloe-memo-flex-6370c006e992b_1280x1280.png?1668333631|https://cdncloudcart.com/28510/products/images/1607/top-matrak-aloe-memo-flex-6370c007692b8_1920x1920.jpeg?1668333622|https://cdncloudcart.com/28510/products/images/1607/top-matrak-aloe-memo-flex-6370c007d4d65_1920x1920.jpeg?1668333649|https://cdncloudcart.com/28510/products/images/1607/top-matrak-aloe-memo-flex-6370c00837f68_800x800.jpeg?1668333649|https://cdncloudcart.com/28510/products/images/1607/top-matrak-aloe-memo-flex-6370c008cc6ab_1920x1920.jpeg?1668333634
23003619-1-180-/-200,Топ матрак ALOE MEMO FLEX - 180 / 200,"Топ матрак с Алое Вера Топ матракът Aloe Memo Flex от колекцията на TED Bed е специално създаден с обемно ядро от полиуретанова пяна , която осигурява удобна поддръжка на тялото по време на сън. Този върховен топ матрак има в прошивката си слой мемори пяна, който създава великолепна повърхност, следвайки контура на тялото и запаметявайки неговата форма. Висококачественият текстил на топ матрак Aloe Memo Flex е обогатен с екстракт от алое вера , известен с отличния си хидратиращ и успокояващ ефект на кожата. Това невероятно растение не само осигурява антибактериална, антимикробна и антисептична защита , но и благодарение на подмладяващите свойства успокоява кожата. По този начин човек може да се събуди сутрин освежен и много спокоен. Този топ матрак е изключително подходящ за всеки, който иска да повиши нивото на комфорт и опора по време на сън. Топ матракът Aloe Memo Flex е чудесна инвестиция, тъй като може да подобри или дори да възстанови напълно нивото на комфорт на всеки матрак!",Топ Матраци,1,181.51,136.13,100,https://cdncloudcart.com/28510/products/images/1607/top-matrak-aloe-memo-flex-6370c0271e0aa_1280x1280.png?1668333658|https://cdncloudcart.com/28510/products/images/1607/top-matrak-aloe-memo-flex-6370c0065f03c_1280x1280.png?1668333643|https://cdncloudcart.com/28510/products/images/1607/top-matrak-aloe-memo-flex-6370c006e992b_1280x1280.png?1668333631|https://cdncloudcart.com/28510/products/images/1607/top-matrak-aloe-memo-flex-6370c007692b8_1920x1920.jpeg?1668333622|https://cdncloudcart.com/28510/products/images/1607/top-matrak-aloe-memo-flex-6370c007d4d65_1920x1920.jpeg?1668333649|https://cdncloudcart.com/28510/products/images/1607/top-matrak-aloe-memo-flex-6370c00837f68_800x800.jpeg?1668333649|https://cdncloudcart.com/28510/products/images/1607/top-matrak-aloe-memo-flex-6370c008cc6ab_1920x1920.jpeg?1668333634
28005265-1-80-/-200,Топ матрак TOP MEMORY SILVER - 80 / 200,"Топ матракът Top Silver Memory е създаден със сърцевина от термочувствителна мемори пяна, която осигурява деликатна подкрепа , като следва идеално извивките на тялото, помнейки неговите форми в най-малки детайли . С калъф от луксозен текстил със сребърни нишки . Благодарение на специално добавения слой полиуретанова пяна , този висококачествен топ матрак от колекцията на TED BED осигурява допълнителна височина към основния матрак , която значително подобрява комфорта и цялостното изживяване по време на сън. Топ матракът Top Silver Memory е отличен продукт , тъй като е облечен в сваляем калъф с цип с втъкани сребърни нишки в текстила и възможност за изпиране . Благодарение на естествените антибактериални свойства на среброто , се подтиска образуването на бактерии и задържането на неприятни миризми, което от своя страна гарантира хигиенична среда по време на сън. Този висококачествен топ матрак е идеално решение за всеки, който иска да си осигури допълнителна опора и да повиши нивото на подкрепа по време на сън. Топ матракът Top Silver Memory е една чудесна инвестиция, тъй като може да подобри и дори да възстанови напълно нивото на комфорт на стария матрак!",Топ Матраци,1,117.09,87.82,100,https://cdncloudcart.com/28510/products/images/1608/top-matrak-top-memory-silver-6370c2faa1847_1280x1280.png?1668334352|https://cdncloudcart.com/28510/products/images/1608/top-matrak-top-memory-silver-6370c1c15e01f_1280x1280.png?1668334334|https://cdncloudcart.com/28510/products/images/1608/top-matrak-top-memory-silver-6370c1c30f9c0_1280x1280.png?1668334334|https://cdncloudcart.com/28510/products/images/1608/top-matrak-top-memory-silver-6370c1c205581_1280x1280.png?1668334334|https://cdncloudcart.com/28510/products/images/1608/top-matrak-top-memory-silver-6370c1c26787e_1920x1920.jpeg?1668334334
28005265-1-82-/-190,Топ матрак TOP MEMORY SILVER - 82 / 190,"Топ матракът Top Silver Memory е създаден със сърцевина от термочувствителна мемори пяна, която осигурява деликатна подкрепа , като следва идеално извивките на тялото, помнейки неговите форми в най-малки детайли . С калъф от луксозен текстил със сребърни нишки . Благодарение на специално добавения слой полиуретанова пяна , този висококачествен топ матрак от колекцията на TED BED осигурява допълнителна височина към основния матрак , която значително подобрява комфорта и цялостното изживяване по време на сън. Топ матракът Top Silver Memory е отличен продукт , тъй като е облечен в сваляем калъф с цип с втъкани сребърни нишки в текстила и възможност за изпиране . Благодарение на естествените антибактериални свойства на среброто , се подтиска образуването на бактерии и задържането на неприятни миризми, което от своя страна гарантира хигиенична среда по време на сън. Този висококачествен топ матрак е идеално решение за всеки, който иска да си осигури допълнителна опора и да повиши нивото на подкрепа по време на сън. Топ матракът Top Silver Memory е една чудесна инвестиция, тъй като може да подобри и дори да възстанови напълно нивото на комфорт на стария матрак!",Топ Матраци,1,110.44,82.83,100,https://cdncloudcart.com/28510/products/images/1608/top-matrak-top-memory-silver-6370c2faa1847_1280x1280.png?1668334352|https://cdncloudcart.com/28510/products/images/1608/top-matrak-top-memory-silver-6370c1c15e01f_1280x1280.png?1668334334|https://cdncloudcart.com/28510/products/images/1608/top-matrak-top-memory-silver-6370c1c30f9c0_1280x1280.png?1668334334|https://cdncloudcart.com/28510/products/images/1608/top-matrak-top-memory-silver-6370c1c205581_1280x1280.png?1668334334|https://cdncloudcart.com/28510/products/images/1608/top-matrak-top-memory-silver-6370c1c26787e_1920x1920.jpeg?1668334334
28005265-1-90-/-200,Топ матрак TOP MEMORY SILVER - 90 / 200,"Топ матракът Top Silver Memory е създаден със сърцевина от термочувствителна мемори пяна, която осигурява деликатна подкрепа , като следва идеално извивките на тялото, помнейки неговите форми в най-малки детайли . С калъф от луксозен текстил със сребърни нишки . Благодарение на специално добавения слой полиуретанова пяна , този висококачествен топ матрак от колекцията на TED BED осигурява допълнителна височина към основния матрак , която значително подобрява комфорта и цялостното изживяване по време на сън. Топ матракът Top Silver Memory е отличен продукт , тъй като е облечен в сваляем калъф с цип с втъкани сребърни нишки в текстила и възможност за изпиране . Благодарение на естествените антибактериални свойства на среброто , се подтиска образуването на бактерии и задържането на неприятни миризми, което от своя страна гарантира хигиенична среда по време на сън. Този висококачествен топ матрак е идеално решение за всеки, който иска да си осигури допълнителна опора и да повиши нивото на подкрепа по време на сън. Топ матракът Top Silver Memory е една чудесна инвестиция, тъй като може да подобри и дори да възстанови напълно нивото на комфорт на стария матрак!",Топ Матраци,1,123.73,92.80,100,https://cdncloudcart.com/28510/products/images/1608/top-matrak-top-memory-silver-6370c2faa1847_1280x1280.png?1668334352|https://cdncloudcart.com/28510/products/images/1608/top-matrak-top-memory-silver-6370c1c15e01f_1280x1280.png?1668334334|https://cdncloudcart.com/28510/products/images/1608/top-matrak-top-memory-silver-6370c1c30f9c0_1280x1280.png?1668334334|https://cdncloudcart.com/28510/products/images/1608/top-matrak-top-memory-silver-6370c1c205581_1280x1280.png?1668334334|https://cdncloudcart.com/28510/products/images/1608/top-matrak-top-memory-silver-6370c1c26787e_1920x1920.jpeg?1668334334
28005265-1-114-/-190,Топ матрак TOP MEMORY SILVER - 114 / 190,"Топ матракът Top Silver Memory е създаден със сърцевина от термочувствителна мемори пяна, която осигурява деликатна подкрепа , като следва идеално извивките на тялото, помнейки неговите форми в най-малки детайли . С калъф от луксозен текстил със сребърни нишки . Благодарение на специално добавения слой полиуретанова пяна , този висококачествен топ матрак от колекцията на TED BED осигурява допълнителна височина към основния матрак , която значително подобрява комфорта и цялостното изживяване по време на сън. Топ матракът Top Silver Memory е отличен продукт , тъй като е облечен в сваляем калъф с цип с втъкани сребърни нишки в текстила и възможност за изпиране . Благодарение на естествените антибактериални свойства на среброто , се подтиска образуването на бактерии и задържането на неприятни миризми, което от своя страна гарантира хигиенична среда по време на сън. Този висококачествен топ матрак е идеално решение за всеки, който иска да си осигури допълнителна опора и да повиши нивото на подкрепа по време на сън. Топ матракът Top Silver Memory е една чудесна инвестиция, тъй като може да подобри и дори да възстанови напълно нивото на комфорт на стария матрак!",Топ Матраци,1,143.67,107.75,100,https://cdncloudcart.com/28510/products/images/1608/top-matrak-top-memory-silver-6370c2faa1847_1280x1280.png?1668334352|https://cdncloudcart.com/28510/products/images/1608/top-matrak-top-memory-silver-6370c1c15e01f_1280x1280.png?1668334334|https://cdncloudcart.com/28510/products/images/1608/top-matrak-top-memory-silver-6370c1c30f9c0_1280x1280.png?1668334334|https://cdncloudcart.com/28510/products/images/1608/top-matrak-top-memory-silver-6370c1c205581_1280x1280.png?1668334334|https://cdncloudcart.com/28510/products/images/1608/top-matrak-top-memory-silver-6370c1c26787e_1920x1920.jpeg?1668334334
28005265-1-120-/-190,Топ матрак TOP MEMORY SILVER - 120 / 190,"Топ матракът Top Silver Memory е създаден със сърцевина от термочувствителна мемори пяна, която осигурява деликатна подкрепа , като следва идеално извивките на тялото, помнейки неговите форми в най-малки детайли . С калъф от луксозен текстил със сребърни нишки . Благодарение на специално добавения слой полиуретанова пяна , този висококачествен топ матрак от колекцията на TED BED осигурява допълнителна височина към основния матрак , която значително подобрява комфорта и цялостното изживяване по време на сън. Топ матракът Top Silver Memory е отличен продукт , тъй като е облечен в сваляем калъф с цип с втъкани сребърни нишки в текстила и възможност за изпиране . Благодарение на естествените антибактериални свойства на среброто , се подтиска образуването на бактерии и задържането на неприятни миризми, което от своя страна гарантира хигиенична среда по време на сън. Този висококачествен топ матрак е идеално решение за всеки, който иска да си осигури допълнителна опора и да повиши нивото на подкрепа по време на сън. Топ матракът Top Silver Memory е една чудесна инвестиция, тъй като може да подобри и дори да възстанови напълно нивото на комфорт на стария матрак!",Топ Матраци,1,152.36,114.27,100,https://cdncloudcart.com/28510/products/images/1608/top-matrak-top-memory-silver-6370c2faa1847_1280x1280.png?1668334352|https://cdncloudcart.com/28510/products/images/1608/top-matrak-top-memory-silver-6370c1c15e01f_1280x1280.png?1668334334|https://cdncloudcart.com/28510/products/images/1608/top-matrak-top-memory-silver-6370c1c30f9c0_1280x1280.png?1668334334|https://cdncloudcart.com/28510/products/images/1608/top-matrak-top-memory-silver-6370c1c205581_1280x1280.png?1668334334|https://cdncloudcart.com/28510/products/images/1608/top-matrak-top-memory-silver-6370c1c26787e_1920x1920.jpeg?1668334334
28005265-1-120-/-200,Топ матрак TOP MEMORY SILVER - 120 / 200,"Топ матракът Top Silver Memory е създаден със сърцевина от термочувствителна мемори пяна, която осигурява деликатна подкрепа , като следва идеално извивките на тялото, помнейки неговите форми в най-малки детайли . С калъф от луксозен текстил със сребърни нишки . Благодарение на специално добавения слой полиуретанова пяна , този висококачествен топ матрак от колекцията на TED BED осигурява допълнителна височина към основния матрак , която значително подобрява комфорта и цялостното изживяване по време на сън. Топ матракът Top Silver Memory е отличен продукт , тъй като е облечен в сваляем калъф с цип с втъкани сребърни нишки в текстила и възможност за изпиране . Благодарение на естествените антибактериални свойства на среброто , се подтиска образуването на бактерии и задържането на неприятни миризми, което от своя страна гарантира хигиенична среда по време на сън. Този висококачествен топ матрак е идеално решение за всеки, който иска да си осигури допълнителна опора и да повиши нивото на подкрепа по време на сън. Топ матракът Top Silver Memory е една чудесна инвестиция, тъй като може да подобри и дори да възстанови напълно нивото на комфорт на стария матрак!",Топ Матраци,1,165.66,124.25,100,https://cdncloudcart.com/28510/products/images/1608/top-matrak-top-memory-silver-6370c2faa1847_1280x1280.png?1668334352|https://cdncloudcart.com/28510/products/images/1608/top-matrak-top-memory-silver-6370c1c15e01f_1280x1280.png?1668334334|https://cdncloudcart.com/28510/products/images/1608/top-matrak-top-memory-silver-6370c1c30f9c0_1280x1280.png?1668334334|https://cdncloudcart.com/28510/products/images/1608/top-matrak-top-memory-silver-6370c1c205581_1280x1280.png?1668334334|https://cdncloudcart.com/28510/products/images/1608/top-matrak-top-memory-silver-6370c1c26787e_1920x1920.jpeg?1668334334
28005265-1-140-/-190,Топ матрак TOP MEMORY SILVER - 140 / 190,"Топ матракът Top Silver Memory е създаден със сърцевина от термочувствителна мемори пяна, която осигурява деликатна подкрепа , като следва идеално извивките на тялото, помнейки неговите форми в най-малки детайли . С калъф от луксозен текстил със сребърни нишки . Благодарение на специално добавения слой полиуретанова пяна , този висококачествен топ матрак от колекцията на TED BED осигурява допълнителна височина към основния матрак , която значително подобрява комфорта и цялостното изживяване по време на сън. Топ матракът Top Silver Memory е отличен продукт , тъй като е облечен в сваляем калъф с цип с втъкани сребърни нишки в текстила и възможност за изпиране . Благодарение на естествените антибактериални свойства на среброто , се подтиска образуването на бактерии и задържането на неприятни миризми, което от своя страна гарантира хигиенична среда по време на сън. Този висококачествен топ матрак е идеално решение за всеки, който иска да си осигури допълнителна опора и да повиши нивото на подкрепа по време на сън. Топ матракът Top Silver Memory е една чудесна инвестиция, тъй като може да подобри и дори да възстанови напълно нивото на комфорт на стария матрак!",Топ Матраци,1,178.95,134.21,100,https://cdncloudcart.com/28510/products/images/1608/top-matrak-top-memory-silver-6370c2faa1847_1280x1280.png?1668334352|https://cdncloudcart.com/28510/products/images/1608/top-matrak-top-memory-silver-6370c1c15e01f_1280x1280.png?1668334334|https://cdncloudcart.com/28510/products/images/1608/top-matrak-top-memory-silver-6370c1c30f9c0_1280x1280.png?1668334334|https://cdncloudcart.com/28510/products/images/1608/top-matrak-top-memory-silver-6370c1c205581_1280x1280.png?1668334334|https://cdncloudcart.com/28510/products/images/1608/top-matrak-top-memory-silver-6370c1c26787e_1920x1920.jpeg?1668334334
28005265-1-140-/-200,Топ матрак TOP MEMORY SILVER - 140 / 200,"Топ матракът Top Silver Memory е създаден със сърцевина от термочувствителна мемори пяна, която осигурява деликатна подкрепа , като следва идеално извивките на тялото, помнейки неговите форми в най-малки детайли . С калъф от луксозен текстил със сребърни нишки . Благодарение на специално добавения слой полиуретанова пяна , този висококачествен топ матрак от колекцията на TED BED осигурява допълнителна височина към основния матрак , която значително подобрява комфорта и цялостното изживяване по време на сън. Топ матракът Top Silver Memory е отличен продукт , тъй като е облечен в сваляем калъф с цип с втъкани сребърни нишки в текстила и възможност за изпиране . Благодарение на естествените антибактериални свойства на среброто , се подтиска образуването на бактерии и задържането на неприятни миризми, което от своя страна гарантира хигиенична среда по време на сън. Този висококачествен топ матрак е идеално решение за всеки, който иска да си осигури допълнителна опора и да повиши нивото на подкрепа по време на сън. Топ матракът Top Silver Memory е една чудесна инвестиция, тъй като може да подобри и дори да възстанови напълно нивото на комфорт на стария матрак!",Топ Матраци,1,185.60,139.20,100,https://cdncloudcart.com/28510/products/images/1608/top-matrak-top-memory-silver-6370c2faa1847_1280x1280.png?1668334352|https://cdncloudcart.com/28510/products/images/1608/top-matrak-top-memory-silver-6370c1c15e01f_1280x1280.png?1668334334|https://cdncloudcart.com/28510/products/images/1608/top-matrak-top-memory-silver-6370c1c30f9c0_1280x1280.png?1668334334|https://cdncloudcart.com/28510/products/images/1608/top-matrak-top-memory-silver-6370c1c205581_1280x1280.png?1668334334|https://cdncloudcart.com/28510/products/images/1608/top-matrak-top-memory-silver-6370c1c26787e_1920x1920.jpeg?1668334334
28005265-1-144-/-190,Топ матрак TOP MEMORY SILVER - 144 / 190,"Топ матракът Top Silver Memory е създаден със сърцевина от термочувствителна мемори пяна, която осигурява деликатна подкрепа , като следва идеално извивките на тялото, помнейки неговите форми в най-малки детайли . С калъф от луксозен текстил със сребърни нишки . Благодарение на специално добавения слой полиуретанова пяна , този висококачествен топ матрак от колекцията на TED BED осигурява допълнителна височина към основния матрак , която значително подобрява комфорта и цялостното изживяване по време на сън. Топ матракът Top Silver Memory е отличен продукт , тъй като е облечен в сваляем калъф с цип с втъкани сребърни нишки в текстила и възможност за изпиране . Благодарение на естествените антибактериални свойства на среброто , се подтиска образуването на бактерии и задържането на неприятни миризми, което от своя страна гарантира хигиенична среда по време на сън. Този висококачествен топ матрак е идеално решение за всеки, който иска да си осигури допълнителна опора и да повиши нивото на подкрепа по време на сън. Топ матракът Top Silver Memory е една чудесна инвестиция, тъй като може да подобри и дори да възстанови напълно нивото на комфорт на стария матрак!",Топ Матраци,1,185.60,139.20,100,https://cdncloudcart.com/28510/products/images/1608/top-matrak-top-memory-silver-6370c2faa1847_1280x1280.png?1668334352|https://cdncloudcart.com/28510/products/images/1608/top-matrak-top-memory-silver-6370c1c15e01f_1280x1280.png?1668334334|https://cdncloudcart.com/28510/products/images/1608/top-matrak-top-memory-silver-6370c1c30f9c0_1280x1280.png?1668334334|https://cdncloudcart.com/28510/products/images/1608/top-matrak-top-memory-silver-6370c1c205581_1280x1280.png?1668334334|https://cdncloudcart.com/28510/products/images/1608/top-matrak-top-memory-silver-6370c1c26787e_1920x1920.jpeg?1668334334
28005265-1-144-/-200,Топ матрак TOP MEMORY SILVER - 144 / 200,"Топ матракът Top Silver Memory е създаден със сърцевина от термочувствителна мемори пяна, която осигурява деликатна подкрепа , като следва идеално извивките на тялото, помнейки неговите форми в най-малки детайли . С калъф от луксозен текстил със сребърни нишки . Благодарение на специално добавения слой полиуретанова пяна , този висококачествен топ матрак от колекцията на TED BED осигурява допълнителна височина към основния матрак , която значително подобрява комфорта и цялостното изживяване по време на сън. Топ матракът Top Silver Memory е отличен продукт , тъй като е облечен в сваляем калъф с цип с втъкани сребърни нишки в текстила и възможност за изпиране . Благодарение на естествените антибактериални свойства на среброто , се подтиска образуването на бактерии и задържането на неприятни миризми, което от своя страна гарантира хигиенична среда по време на сън. Този висококачествен топ матрак е идеално решение за всеки, който иска да си осигури допълнителна опора и да повиши нивото на подкрепа по време на сън. Топ матракът Top Silver Memory е една чудесна инвестиция, тъй като може да подобри и дори да възстанови напълно нивото на комфорт на стария матрак!",Топ Матраци,1,192.25,144.19,100,https://cdncloudcart.com/28510/products/images/1608/top-matrak-top-memory-silver-6370c2faa1847_1280x1280.png?1668334352|https://cdncloudcart.com/28510/products/images/1608/top-matrak-top-memory-silver-6370c1c15e01f_1280x1280.png?1668334334|https://cdncloudcart.com/28510/products/images/1608/top-matrak-top-memory-silver-6370c1c30f9c0_1280x1280.png?1668334334|https://cdncloudcart.com/28510/products/images/1608/top-matrak-top-memory-silver-6370c1c205581_1280x1280.png?1668334334|https://cdncloudcart.com/28510/products/images/1608/top-matrak-top-memory-silver-6370c1c26787e_1920x1920.jpeg?1668334334
28005265-1-160-/-190,Топ матрак TOP MEMORY SILVER - 160 / 190,"Топ матракът Top Silver Memory е създаден със сърцевина от термочувствителна мемори пяна, която осигурява деликатна подкрепа , като следва идеално извивките на тялото, помнейки неговите форми в най-малки детайли . С калъф от луксозен текстил със сребърни нишки . Благодарение на специално добавения слой полиуретанова пяна , този висококачествен топ матрак от колекцията на TED BED осигурява допълнителна височина към основния матрак , която значително подобрява комфорта и цялостното изживяване по време на сън. Топ матракът Top Silver Memory е отличен продукт , тъй като е облечен в сваляем калъф с цип с втъкани сребърни нишки в текстила и възможност за изпиране . Благодарение на естествените антибактериални свойства на среброто , се подтиска образуването на бактерии и задържането на неприятни миризми, което от своя страна гарантира хигиенична среда по време на сън. Този висококачествен топ матрак е идеално решение за всеки, който иска да си осигури допълнителна опора и да повиши нивото на подкрепа по време на сън. Топ матракът Top Silver Memory е една чудесна инвестиция, тъй като може да подобри и дори да възстанови напълно нивото на комфорт на стария матрак!",Топ Матраци,1,203.49,152.62,100,https://cdncloudcart.com/28510/products/images/1608/top-matrak-top-memory-silver-6370c2faa1847_1280x1280.png?1668334352|https://cdncloudcart.com/28510/products/images/1608/top-matrak-top-memory-silver-6370c1c15e01f_1280x1280.png?1668334334|https://cdncloudcart.com/28510/products/images/1608/top-matrak-top-memory-silver-6370c1c30f9c0_1280x1280.png?1668334334|https://cdncloudcart.com/28510/products/images/1608/top-matrak-top-memory-silver-6370c1c205581_1280x1280.png?1668334334|https://cdncloudcart.com/28510/products/images/1608/top-matrak-top-memory-silver-6370c1c26787e_1920x1920.jpeg?1668334334
28005265-1-160-/-200,Топ матрак TOP MEMORY SILVER - 160 / 200,"Топ матракът Top Silver Memory е създаден със сърцевина от термочувствителна мемори пяна, която осигурява деликатна подкрепа , като следва идеално извивките на тялото, помнейки неговите форми в най-малки детайли . С калъф от луксозен текстил със сребърни нишки . Благодарение на специално добавения слой полиуретанова пяна , този висококачествен топ матрак от колекцията на TED BED осигурява допълнителна височина към основния матрак , която значително подобрява комфорта и цялостното изживяване по време на сън. Топ матракът Top Silver Memory е отличен продукт , тъй като е облечен в сваляем калъф с цип с втъкани сребърни нишки в текстила и възможност за изпиране . Благодарение на естествените антибактериални свойства на среброто , се подтиска образуването на бактерии и задържането на неприятни миризми, което от своя страна гарантира хигиенична среда по време на сън. Този висококачествен топ матрак е идеално решение за всеки, който иска да си осигури допълнителна опора и да повиши нивото на подкрепа по време на сън. Топ матракът Top Silver Memory е една чудесна инвестиция, тъй като може да подобри и дори да възстанови напълно нивото на комфорт на стария матрак!",Топ Матраци,1,212.19,159.14,100,https://cdncloudcart.com/28510/products/images/1608/top-matrak-top-memory-silver-6370c2faa1847_1280x1280.png?1668334352|https://cdncloudcart.com/28510/products/images/1608/top-matrak-top-memory-silver-6370c1c15e01f_1280x1280.png?1668334334|https://cdncloudcart.com/28510/products/images/1608/top-matrak-top-memory-silver-6370c1c30f9c0_1280x1280.png?1668334334|https://cdncloudcart.com/28510/products/images/1608/top-matrak-top-memory-silver-6370c1c205581_1280x1280.png?1668334334|https://cdncloudcart.com/28510/products/images/1608/top-matrak-top-memory-silver-6370c1c26787e_1920x1920.jpeg?1668334334
28005265-1-164-/-190,Топ матрак TOP MEMORY SILVER - 164 / 190,"Топ матракът Top Silver Memory е създаден със сърцевина от термочувствителна мемори пяна, която осигурява деликатна подкрепа , като следва идеално извивките на тялото, помнейки неговите форми в най-малки детайли . С калъф от луксозен текстил със сребърни нишки . Благодарение на специално добавения слой полиуретанова пяна , този висококачествен топ матрак от колекцията на TED BED осигурява допълнителна височина към основния матрак , която значително подобрява комфорта и цялостното изживяване по време на сън. Топ матракът Top Silver Memory е отличен продукт , тъй като е облечен в сваляем калъф с цип с втъкани сребърни нишки в текстила и възможност за изпиране . Благодарение на естествените антибактериални свойства на среброто , се подтиска образуването на бактерии и задържането на неприятни миризми, което от своя страна гарантира хигиенична среда по време на сън. Този висококачествен топ матрак е идеално решение за всеки, който иска да си осигури допълнителна опора и да повиши нивото на подкрепа по време на сън. Топ матракът Top Silver Memory е една чудесна инвестиция, тъй като може да подобри и дори да възстанови напълно нивото на комфорт на стария матрак!",Топ Матраци,1,210.14,157.60,100,https://cdncloudcart.com/28510/products/images/1608/top-matrak-top-memory-silver-6370c2faa1847_1280x1280.png?1668334352|https://cdncloudcart.com/28510/products/images/1608/top-matrak-top-memory-silver-6370c1c15e01f_1280x1280.png?1668334334|https://cdncloudcart.com/28510/products/images/1608/top-matrak-top-memory-silver-6370c1c30f9c0_1280x1280.png?1668334334|https://cdncloudcart.com/28510/products/images/1608/top-matrak-top-memory-silver-6370c1c205581_1280x1280.png?1668334334|https://cdncloudcart.com/28510/products/images/1608/top-matrak-top-memory-silver-6370c1c26787e_1920x1920.jpeg?1668334334
28005265-1-164-/-200,Топ матрак TOP MEMORY SILVER - 164 / 200,"Топ матракът Top Silver Memory е създаден със сърцевина от термочувствителна мемори пяна, която осигурява деликатна подкрепа , като следва идеално извивките на тялото, помнейки неговите форми в най-малки детайли . С калъф от луксозен текстил със сребърни нишки . Благодарение на специално добавения слой полиуретанова пяна , този висококачествен топ матрак от колекцията на TED BED осигурява допълнителна височина към основния матрак , която значително подобрява комфорта и цялостното изживяване по време на сън. Топ матракът Top Silver Memory е отличен продукт , тъй като е облечен в сваляем калъф с цип с втъкани сребърни нишки в текстила и възможност за изпиране . Благодарение на естествените антибактериални свойства на среброто , се подтиска образуването на бактерии и задържането на неприятни миризми, което от своя страна гарантира хигиенична среда по време на сън. Този висококачествен топ матрак е идеално решение за всеки, който иска да си осигури допълнителна опора и да повиши нивото на подкрепа по време на сън. Топ матракът Top Silver Memory е една чудесна инвестиция, тъй като може да подобри и дори да възстанови напълно нивото на комфорт на стария матрак!",Топ Матраци,1,216.79,162.59,100,https://cdncloudcart.com/28510/products/images/1608/top-matrak-top-memory-silver-6370c2faa1847_1280x1280.png?1668334352|https://cdncloudcart.com/28510/products/images/1608/top-matrak-top-memory-silver-6370c1c15e01f_1280x1280.png?1668334334|https://cdncloudcart.com/28510/products/images/1608/top-matrak-top-memory-silver-6370c1c30f9c0_1280x1280.png?1668334334|https://cdncloudcart.com/28510/products/images/1608/top-matrak-top-memory-silver-6370c1c205581_1280x1280.png?1668334334|https://cdncloudcart.com/28510/products/images/1608/top-matrak-top-memory-silver-6370c1c26787e_1920x1920.jpeg?1668334334
28005265-1-180-/-200,Топ матрак TOP MEMORY SILVER - 180 / 200,"Топ матракът Top Silver Memory е създаден със сърцевина от термочувствителна мемори пяна, която осигурява деликатна подкрепа , като следва идеално извивките на тялото, помнейки неговите форми в най-малки детайли . С калъф от луксозен текстил със сребърни нишки . Благодарение на специално добавения слой полиуретанова пяна , този висококачествен топ матрак от колекцията на TED BED осигурява допълнителна височина към основния матрак , която значително подобрява комфорта и цялостното изживяване по време на сън. Топ матракът Top Silver Memory е отличен продукт , тъй като е облечен в сваляем калъф с цип с втъкани сребърни нишки в текстила и възможност за изпиране . Благодарение на естествените антибактериални свойства на среброто , се подтиска образуването на бактерии и задържането на неприятни миризми, което от своя страна гарантира хигиенична среда по време на сън. Този висококачествен топ матрак е идеално решение за всеки, който иска да си осигури допълнителна опора и да повиши нивото на подкрепа по време на сън. Топ матракът Top Silver Memory е една чудесна инвестиция, тъй като може да подобри и дори да възстанови напълно нивото на комфорт на стария матрак!",Топ Матраци,1,223.43,167.57,100,https://cdncloudcart.com/28510/products/images/1608/top-matrak-top-memory-silver-6370c2faa1847_1280x1280.png?1668334352|https://cdncloudcart.com/28510/products/images/1608/top-matrak-top-memory-silver-6370c1c15e01f_1280x1280.png?1668334334|https://cdncloudcart.com/28510/products/images/1608/top-matrak-top-memory-silver-6370c1c30f9c0_1280x1280.png?1668334334|https://cdncloudcart.com/28510/products/images/1608/top-matrak-top-memory-silver-6370c1c205581_1280x1280.png?1668334334|https://cdncloudcart.com/28510/products/images/1608/top-matrak-top-memory-silver-6370c1c26787e_1920x1920.jpeg?1668334334
2300751-0-82-/-190,Топ матрак TRIOLOGY - 82 / 190,"Топ матрак Triology е иновативен продукт с ергономичен дизайн, с цел да Ви осигури балансиран и спокоен сън Специално проектиран с индивидуални зони на комфорт , които осигуряват равномерно разпределение на натиска от тежестта на тялото. С този висококачествен топ матрак ще подобрите осезаемо комфорта на Вашия сън, благодарение на високото качество на използваните материали. Профилираната Body Care пяна , която се съдържа в топ матрака се адаптира лесно към извивките на тялото, а отделните зони на комфорт подпомагат отпускането на мускулатурата в точките на напрежение. Специалната му повърхност с микро-масажиращ ефект регулира общото кръвообращение във Вашия организъм по време на цялостната пълноценна почивка. За по-голямо удобство и висока хигиена, топ матрак Triology е облечен със сваляем калъф, който се поддържа със завидна лекота и осигурява неповторимо усещане на дълготрайна свежест.",Топ Матраци,1,71.07,53.30,100,https://cdncloudcart.com/28510/products/images/1609/top-matrak-triology-6370cbd2524f0_1280x1280.png?1668336614|https://cdncloudcart.com/28510/products/images/1609/top-matrak-triology-6370cbfa3622f_1920x1920.jpeg?1668336653|https://cdncloudcart.com/28510/products/images/1609/top-matrak-triology-6370c94682e0e_1280x1280.png?1668336637|https://cdncloudcart.com/28510/products/images/1609/top-matrak-triology-6370c9460d961_1280x1280.jpeg?1668336652|https://cdncloudcart.com/28510/products/images/1609/top-matrak-triology-6370c9474f272_1920x1920.jpeg?1668336652
2300751-0-90-/-190,Топ матрак TRIOLOGY - 90 / 190,"Топ матрак Triology е иновативен продукт с ергономичен дизайн, с цел да Ви осигури балансиран и спокоен сън Специално проектиран с индивидуални зони на комфорт , които осигуряват равномерно разпределение на натиска от тежестта на тялото. С този висококачествен топ матрак ще подобрите осезаемо комфорта на Вашия сън, благодарение на високото качество на използваните материали. Профилираната Body Care пяна , която се съдържа в топ матрака се адаптира лесно към извивките на тялото, а отделните зони на комфорт подпомагат отпускането на мускулатурата в точките на напрежение. Специалната му повърхност с микро-масажиращ ефект регулира общото кръвообращение във Вашия организъм по време на цялостната пълноценна почивка. За по-голямо удобство и висока хигиена, топ матрак Triology е облечен със сваляем калъф, който се поддържа със завидна лекота и осигурява неповторимо усещане на дълготрайна свежест.",Топ Матраци,1,75.67,56.75,100,https://cdncloudcart.com/28510/products/images/1609/top-matrak-triology-6370cbd2524f0_1280x1280.png?1668336614|https://cdncloudcart.com/28510/products/images/1609/top-matrak-triology-6370cbfa3622f_1920x1920.jpeg?1668336653|https://cdncloudcart.com/28510/products/images/1609/top-matrak-triology-6370c94682e0e_1280x1280.png?1668336637|https://cdncloudcart.com/28510/products/images/1609/top-matrak-triology-6370c9460d961_1280x1280.jpeg?1668336652|https://cdncloudcart.com/28510/products/images/1609/top-matrak-triology-6370c9474f272_1920x1920.jpeg?1668336652
2300751-0-90-/-200,Топ матрак TRIOLOGY - 90 / 200,"Топ матрак Triology е иновативен продукт с ергономичен дизайн, с цел да Ви осигури балансиран и спокоен сън Специално проектиран с индивидуални зони на комфорт , които осигуряват равномерно разпределение на натиска от тежестта на тялото. С този висококачествен топ матрак ще подобрите осезаемо комфорта на Вашия сън, благодарение на високото качество на използваните материали. Профилираната Body Care пяна , която се съдържа в топ матрака се адаптира лесно към извивките на тялото, а отделните зони на комфорт подпомагат отпускането на мускулатурата в точките на напрежение. Специалната му повърхност с микро-масажиращ ефект регулира общото кръвообращение във Вашия организъм по време на цялостната пълноценна почивка. За по-голямо удобство и висока хигиена, топ матрак Triology е облечен със сваляем калъф, който се поддържа със завидна лекота и осигурява неповторимо усещане на дълготрайна свежест.",Топ Матраци,1,75.67,56.75,100,https://cdncloudcart.com/28510/products/images/1609/top-matrak-triology-6370cbd2524f0_1280x1280.png?1668336614|https://cdncloudcart.com/28510/products/images/1609/top-matrak-triology-6370cbfa3622f_1920x1920.jpeg?1668336653|https://cdncloudcart.com/28510/products/images/1609/top-matrak-triology-6370c94682e0e_1280x1280.png?1668336637|https://cdncloudcart.com/28510/products/images/1609/top-matrak-triology-6370c9460d961_1280x1280.jpeg?1668336652|https://cdncloudcart.com/28510/products/images/1609/top-matrak-triology-6370c9474f272_1920x1920.jpeg?1668336652
2300751-0-120-/-190,Топ матрак TRIOLOGY - 120 / 190,"Топ матрак Triology е иновативен продукт с ергономичен дизайн, с цел да Ви осигури балансиран и спокоен сън Специално проектиран с индивидуални зони на комфорт , които осигуряват равномерно разпределение на натиска от тежестта на тялото. С този висококачествен топ матрак ще подобрите осезаемо комфорта на Вашия сън, благодарение на високото качество на използваните материали. Профилираната Body Care пяна , която се съдържа в топ матрака се адаптира лесно към извивките на тялото, а отделните зони на комфорт подпомагат отпускането на мускулатурата в точките на напрежение. Специалната му повърхност с микро-масажиращ ефект регулира общото кръвообращение във Вашия организъм по време на цялостната пълноценна почивка. За по-голямо удобство и висока хигиена, топ матрак Triology е облечен със сваляем калъф, който се поддържа със завидна лекота и осигурява неповторимо усещане на дълготрайна свежест.",Топ Матраци,1,97.66,73.25,100,https://cdncloudcart.com/28510/products/images/1609/top-matrak-triology-6370cbd2524f0_1280x1280.png?1668336614|https://cdncloudcart.com/28510/products/images/1609/top-matrak-triology-6370cbfa3622f_1920x1920.jpeg?1668336653|https://cdncloudcart.com/28510/products/images/1609/top-matrak-triology-6370c94682e0e_1280x1280.png?1668336637|https://cdncloudcart.com/28510/products/images/1609/top-matrak-triology-6370c9460d961_1280x1280.jpeg?1668336652|https://cdncloudcart.com/28510/products/images/1609/top-matrak-triology-6370c9474f272_1920x1920.jpeg?1668336652
2300751-0-120-/-200,Топ матрак TRIOLOGY - 120 / 200,"Топ матрак Triology е иновативен продукт с ергономичен дизайн, с цел да Ви осигури балансиран и спокоен сън Специално проектиран с индивидуални зони на комфорт , които осигуряват равномерно разпределение на натиска от тежестта на тялото. С този висококачествен топ матрак ще подобрите осезаемо комфорта на Вашия сън, благодарение на високото качество на използваните материали. Профилираната Body Care пяна , която се съдържа в топ матрака се адаптира лесно към извивките на тялото, а отделните зони на комфорт подпомагат отпускането на мускулатурата в точките на напрежение. Специалната му повърхност с микро-масажиращ ефект регулира общото кръвообращение във Вашия организъм по време на цялостната пълноценна почивка. За по-голямо удобство и висока хигиена, топ матрак Triology е облечен със сваляем калъф, който се поддържа със завидна лекота и осигурява неповторимо усещане на дълготрайна свежест.",Топ Матраци,1,99.19,74.39,100,https://cdncloudcart.com/28510/products/images/1609/top-matrak-triology-6370cbd2524f0_1280x1280.png?1668336614|https://cdncloudcart.com/28510/products/images/1609/top-matrak-triology-6370cbfa3622f_1920x1920.jpeg?1668336653|https://cdncloudcart.com/28510/products/images/1609/top-matrak-triology-6370c94682e0e_1280x1280.png?1668336637|https://cdncloudcart.com/28510/products/images/1609/top-matrak-triology-6370c9460d961_1280x1280.jpeg?1668336652|https://cdncloudcart.com/28510/products/images/1609/top-matrak-triology-6370c9474f272_1920x1920.jpeg?1668336652
2300751-0-140-/-200,Топ матрак TRIOLOGY - 140 / 200,"Топ матрак Triology е иновативен продукт с ергономичен дизайн, с цел да Ви осигури балансиран и спокоен сън Специално проектиран с индивидуални зони на комфорт , които осигуряват равномерно разпределение на натиска от тежестта на тялото. С този висококачествен топ матрак ще подобрите осезаемо комфорта на Вашия сън, благодарение на високото качество на използваните материали. Профилираната Body Care пяна , която се съдържа в топ матрака се адаптира лесно към извивките на тялото, а отделните зони на комфорт подпомагат отпускането на мускулатурата в точките на напрежение. Специалната му повърхност с микро-масажиращ ефект регулира общото кръвообращение във Вашия организъм по време на цялостната пълноценна почивка. За по-голямо удобство и висока хигиена, топ матрак Triology е облечен със сваляем калъф, който се поддържа със завидна лекота и осигурява неповторимо усещане на дълготрайна свежест.",Топ Матраци,1,115.04,86.28,100,https://cdncloudcart.com/28510/products/images/1609/top-matrak-triology-6370cbd2524f0_1280x1280.png?1668336614|https://cdncloudcart.com/28510/products/images/1609/top-matrak-triology-6370cbfa3622f_1920x1920.jpeg?1668336653|https://cdncloudcart.com/28510/products/images/1609/top-matrak-triology-6370c94682e0e_1280x1280.png?1668336637|https://cdncloudcart.com/28510/products/images/1609/top-matrak-triology-6370c9460d961_1280x1280.jpeg?1668336652|https://cdncloudcart.com/28510/products/images/1609/top-matrak-triology-6370c9474f272_1920x1920.jpeg?1668336652
2300751-0-144-/-190,Топ матрак TRIOLOGY - 144 / 190,"Топ матрак Triology е иновативен продукт с ергономичен дизайн, с цел да Ви осигури балансиран и спокоен сън Специално проектиран с индивидуални зони на комфорт , които осигуряват равномерно разпределение на натиска от тежестта на тялото. С този висококачествен топ матрак ще подобрите осезаемо комфорта на Вашия сън, благодарение на високото качество на използваните материали. Профилираната Body Care пяна , която се съдържа в топ матрака се адаптира лесно към извивките на тялото, а отделните зони на комфорт подпомагат отпускането на мускулатурата в точките на напрежение. Специалната му повърхност с микро-масажиращ ефект регулира общото кръвообращение във Вашия организъм по време на цялостната пълноценна почивка. За по-голямо удобство и висока хигиена, топ матрак Triology е облечен със сваляем калъф, който се поддържа със завидна лекота и осигурява неповторимо усещане на дълготрайна свежест.",Топ Матраци,1,110.95,83.21,100,https://cdncloudcart.com/28510/products/images/1609/top-matrak-triology-6370cbd2524f0_1280x1280.png?1668336614|https://cdncloudcart.com/28510/products/images/1609/top-matrak-triology-6370cbfa3622f_1920x1920.jpeg?1668336653|https://cdncloudcart.com/28510/products/images/1609/top-matrak-triology-6370c94682e0e_1280x1280.png?1668336637|https://cdncloudcart.com/28510/products/images/1609/top-matrak-triology-6370c9460d961_1280x1280.jpeg?1668336652|https://cdncloudcart.com/28510/products/images/1609/top-matrak-triology-6370c9474f272_1920x1920.jpeg?1668336652
2300751-0-160-/-200,Топ матрак TRIOLOGY - 160 / 200,"Топ матрак Triology е иновативен продукт с ергономичен дизайн, с цел да Ви осигури балансиран и спокоен сън Специално проектиран с индивидуални зони на комфорт , които осигуряват равномерно разпределение на натиска от тежестта на тялото. С този висококачествен топ матрак ще подобрите осезаемо комфорта на Вашия сън, благодарение на високото качество на използваните материали. Профилираната Body Care пяна , която се съдържа в топ матрака се адаптира лесно към извивките на тялото, а отделните зони на комфорт подпомагат отпускането на мускулатурата в точките на напрежение. Специалната му повърхност с микро-масажиращ ефект регулира общото кръвообращение във Вашия организъм по време на цялостната пълноценна почивка. За по-голямо удобство и висока хигиена, топ матрак Triology е облечен със сваляем калъф, който се поддържа със завидна лекота и осигурява неповторимо усещане на дълготрайна свежест.",Топ Матраци,1,126.80,95.10,100,https://cdncloudcart.com/28510/products/images/1609/top-matrak-triology-6370cbd2524f0_1280x1280.png?1668336614|https://cdncloudcart.com/28510/products/images/1609/top-matrak-triology-6370cbfa3622f_1920x1920.jpeg?1668336653|https://cdncloudcart.com/28510/products/images/1609/top-matrak-triology-6370c94682e0e_1280x1280.png?1668336637|https://cdncloudcart.com/28510/products/images/1609/top-matrak-triology-6370c9460d961_1280x1280.jpeg?1668336652|https://cdncloudcart.com/28510/products/images/1609/top-matrak-triology-6370c9474f272_1920x1920.jpeg?1668336652
2300751-0-164-/-190,Топ матрак TRIOLOGY - 164 / 190,"Топ матрак Triology е иновативен продукт с ергономичен дизайн, с цел да Ви осигури балансиран и спокоен сън Специално проектиран с индивидуални зони на комфорт , които осигуряват равномерно разпределение на натиска от тежестта на тялото. С този висококачествен топ матрак ще подобрите осезаемо комфорта на Вашия сън, благодарение на високото качество на използваните материали. Профилираната Body Care пяна , която се съдържа в топ матрака се адаптира лесно към извивките на тялото, а отделните зони на комфорт подпомагат отпускането на мускулатурата в точките на напрежение. Специалната му повърхност с микро-масажиращ ефект регулира общото кръвообращение във Вашия организъм по време на цялостната пълноценна почивка. За по-голямо удобство и висока хигиена, топ матрак Triology е облечен със сваляем калъф, който се поддържа със завидна лекота и осигурява неповторимо усещане на дълготрайна свежест.",Топ Матраци,1,122.71,92.03,100,https://cdncloudcart.com/28510/products/images/1609/top-matrak-triology-6370cbd2524f0_1280x1280.png?1668336614|https://cdncloudcart.com/28510/products/images/1609/top-matrak-triology-6370cbfa3622f_1920x1920.jpeg?1668336653|https://cdncloudcart.com/28510/products/images/1609/top-matrak-triology-6370c94682e0e_1280x1280.png?1668336637|https://cdncloudcart.com/28510/products/images/1609/top-matrak-triology-6370c9460d961_1280x1280.jpeg?1668336652|https://cdncloudcart.com/28510/products/images/1609/top-matrak-triology-6370c9474f272_1920x1920.jpeg?1668336652
2300751-0-180-/-200,Топ матрак TRIOLOGY - 180 / 200,"Топ матрак Triology е иновативен продукт с ергономичен дизайн, с цел да Ви осигури балансиран и спокоен сън Специално проектиран с индивидуални зони на комфорт , които осигуряват равномерно разпределение на натиска от тежестта на тялото. С този висококачествен топ матрак ще подобрите осезаемо комфорта на Вашия сън, благодарение на високото качество на използваните материали. Профилираната Body Care пяна , която се съдържа в топ матрака се адаптира лесно към извивките на тялото, а отделните зони на комфорт подпомагат отпускането на мускулатурата в точките на напрежение. Специалната му повърхност с микро-масажиращ ефект регулира общото кръвообращение във Вашия организъм по време на цялостната пълноценна почивка. За по-голямо удобство и висока хигиена, топ матрак Triology е облечен със сваляем калъф, който се поддържа със завидна лекота и осигурява неповторимо усещане на дълготрайна свежест.",Топ Матраци,1,132.94,99.70,100,https://cdncloudcart.com/28510/products/images/1609/top-matrak-triology-6370cbd2524f0_1280x1280.png?1668336614|https://cdncloudcart.com/28510/products/images/1609/top-matrak-triology-6370cbfa3622f_1920x1920.jpeg?1668336653|https://cdncloudcart.com/28510/products/images/1609/top-matrak-triology-6370c94682e0e_1280x1280.png?1668336637|https://cdncloudcart.com/28510/products/images/1609/top-matrak-triology-6370c9460d961_1280x1280.jpeg?1668336652|https://cdncloudcart.com/28510/products/images/1609/top-matrak-triology-6370c9474f272_1920x1920.jpeg?1668336652
23006933-1-90-/-200,Топ матрак i-COOL BALANCE - 90 / 200,"Топ матрак i Cool Balance съчетава оптимален комфорт и терморегулиращи свойства Toп матрак с оптимален комфорт - осезаемо подобрява средата за сън. Профилираната повърхност създава приятен микромасажиращ ефект и стимулира кръвообращението по време на сън. Предотвратява прекомерно затопляне на тялото, чрез специално разработените TOP COOL влакна втъкани в микрофибърния текстил . TOP COOL влакната са проектирани да отвеждат топлината от повърхността на матрака , създавайки усещане за свежест . Отличава се с а трактивен дизайн - свеж и отличителен акцент - синя обкантваща лента, дизайн който ще озари и освежи спалнята ви. Издръжлив е на износване и достъпен като цена.",Топ Матраци,1,76.18,57.14,100,https://cdncloudcart.com/28510/products/images/1610/top-matrak-i-cool-balance-6370cb9d0a08b_1920x1920.png?1668336568|https://cdncloudcart.com/28510/products/images/1610/top-matrak-i-cool-balance-6370cb9dd5fdb_1920x1920.png?1668336589|https://cdncloudcart.com/28510/products/images/1610/top-matrak-i-cool-balance-6370ca306d731_1920x1920.jpeg?1668336555
23006933-1-120-/-200,Топ матрак i-COOL BALANCE - 120 / 200,"Топ матрак i Cool Balance съчетава оптимален комфорт и терморегулиращи свойства Toп матрак с оптимален комфорт - осезаемо подобрява средата за сън. Профилираната повърхност създава приятен микромасажиращ ефект и стимулира кръвообращението по време на сън. Предотвратява прекомерно затопляне на тялото, чрез специално разработените TOP COOL влакна втъкани в микрофибърния текстил . TOP COOL влакната са проектирани да отвеждат топлината от повърхността на матрака , създавайки усещане за свежест . Отличава се с а трактивен дизайн - свеж и отличителен акцент - синя обкантваща лента, дизайн който ще озари и освежи спалнята ви. Издръжлив е на износване и достъпен като цена.",Топ Матраци,1,91.52,68.64,100,https://cdncloudcart.com/28510/products/images/1610/top-matrak-i-cool-balance-6370cb9d0a08b_1920x1920.png?1668336568|https://cdncloudcart.com/28510/products/images/1610/top-matrak-i-cool-balance-6370cb9dd5fdb_1920x1920.png?1668336589|https://cdncloudcart.com/28510/products/images/1610/top-matrak-i-cool-balance-6370ca306d731_1920x1920.jpeg?1668336555
23006933-1-140-/-200,Топ матрак i-COOL BALANCE - 140 / 200,"Топ матрак i Cool Balance съчетава оптимален комфорт и терморегулиращи свойства Toп матрак с оптимален комфорт - осезаемо подобрява средата за сън. Профилираната повърхност създава приятен микромасажиращ ефект и стимулира кръвообращението по време на сън. Предотвратява прекомерно затопляне на тялото, чрез специално разработените TOP COOL влакна втъкани в микрофибърния текстил . TOP COOL влакната са проектирани да отвеждат топлината от повърхността на матрака , създавайки усещане за свежест . Отличава се с а трактивен дизайн - свеж и отличителен акцент - синя обкантваща лента, дизайн който ще озари и освежи спалнята ви. Издръжлив е на износване и достъпен като цена.",Топ Матраци,1,111.97,83.98,100,https://cdncloudcart.com/28510/products/images/1610/top-matrak-i-cool-balance-6370cb9d0a08b_1920x1920.png?1668336568|https://cdncloudcart.com/28510/products/images/1610/top-matrak-i-cool-balance-6370cb9dd5fdb_1920x1920.png?1668336589|https://cdncloudcart.com/28510/products/images/1610/top-matrak-i-cool-balance-6370ca306d731_1920x1920.jpeg?1668336555
23006933-1-160-/-200,Топ матрак i-COOL BALANCE - 160 / 200,"Топ матрак i Cool Balance съчетава оптимален комфорт и терморегулиращи свойства Toп матрак с оптимален комфорт - осезаемо подобрява средата за сън. Профилираната повърхност създава приятен микромасажиращ ефект и стимулира кръвообращението по време на сън. Предотвратява прекомерно затопляне на тялото, чрез специално разработените TOP COOL влакна втъкани в микрофибърния текстил . TOP COOL влакната са проектирани да отвеждат топлината от повърхността на матрака , създавайки усещане за свежест . Отличава се с а трактивен дизайн - свеж и отличителен акцент - синя обкантваща лента, дизайн който ще озари и освежи спалнята ви. Издръжлив е на износване и достъпен като цена.",Топ Матраци,1,122.20,91.65,100,https://cdncloudcart.com/28510/products/images/1610/top-matrak-i-cool-balance-6370cb9d0a08b_1920x1920.png?1668336568|https://cdncloudcart.com/28510/products/images/1610/top-matrak-i-cool-balance-6370cb9dd5fdb_1920x1920.png?1668336589|https://cdncloudcart.com/28510/products/images/1610/top-matrak-i-cool-balance-6370ca306d731_1920x1920.jpeg?1668336555
23006933-1-180-/-200,Топ матрак i-COOL BALANCE - 180 / 200,"Топ матрак i Cool Balance съчетава оптимален комфорт и терморегулиращи свойства Toп матрак с оптимален комфорт - осезаемо подобрява средата за сън. Профилираната повърхност създава приятен микромасажиращ ефект и стимулира кръвообращението по време на сън. Предотвратява прекомерно затопляне на тялото, чрез специално разработените TOP COOL влакна втъкани в микрофибърния текстил . TOP COOL влакната са проектирани да отвеждат топлината от повърхността на матрака , създавайки усещане за свежест . Отличава се с а трактивен дизайн - свеж и отличителен акцент - синя обкантваща лента, дизайн който ще озари и освежи спалнята ви. Издръжлив е на износване и достъпен като цена.",Топ Матраци,1,132.42,99.31,100,https://cdncloudcart.com/28510/products/images/1610/top-matrak-i-cool-balance-6370cb9d0a08b_1920x1920.png?1668336568|https://cdncloudcart.com/28510/products/images/1610/top-matrak-i-cool-balance-6370cb9dd5fdb_1920x1920.png?1668336589|https://cdncloudcart.com/28510/products/images/1610/top-matrak-i-cool-balance-6370ca306d731_1920x1920.jpeg?1668336555
23009213-1-160-/-200,Топ матрак AIR BALANCE ROLL - 160 / 200,"За истински комфорт и спокоен сън! AIR BALANCE ROLL: луксозен, висококачествен топ матрак, предназначен да осигури максимален комфорт и поддръжка. Със своето ядро, изработено от профилирана полиуретанова пяна, този топер е проектиран да облекчава точките на натиск и да разпределя равномерно телесното тегло, осигурявайки оптимална опора и подобрено кръвообращение по време на сън. Топ матрак AIR BALANCE ROLL е с микрофибър ""Carbon Anti-stress"", състоящ се от 99,4% полиестер и 0,6% карбонови нишки. Те осигуряват защита срещу акари и статично електричество, осигурявайки чиста и здравословна среда за сън. Топерът разполага с обемна прошивка от полиуретанов и мемори пух и осезаемо подобрява комфорта на всеки матрак. Тази уникална комбинация от материали позволява да спиш в различни позиции, без да чувстваш натиск върху гръбначния стълб. С височина от 5 см, топ матракът е идеален за тези, които искат да добавят допълнителен слой комфорт и да се радват на чудесен сън.",Топ Матраци,1,178.44,133.83,100,https://cdncloudcart.com/28510/products/images/11858/top-matrak-i-cool-balance-copy-672b5e8581df1.webp?1730895493|https://cdncloudcart.com/28510/products/images/11858/top-matrak-i-cool-balance-copy-672b5e880575d.webp?1730895496
23009213-1-82/190,Топ матрак AIR BALANCE ROLL - 82/190,"За истински комфорт и спокоен сън! AIR BALANCE ROLL: луксозен, висококачествен топ матрак, предназначен да осигури максимален комфорт и поддръжка. Със своето ядро, изработено от профилирана полиуретанова пяна, този топер е проектиран да облекчава точките на натиск и да разпределя равномерно телесното тегло, осигурявайки оптимална опора и подобрено кръвообращение по време на сън. Топ матрак AIR BALANCE ROLL е с микрофибър ""Carbon Anti-stress"", състоящ се от 99,4% полиестер и 0,6% карбонови нишки. Те осигуряват защита срещу акари и статично електричество, осигурявайки чиста и здравословна среда за сън. Топерът разполага с обемна прошивка от полиуретанов и мемори пух и осезаемо подобрява комфорта на всеки матрак. Тази уникална комбинация от материали позволява да спиш в различни позиции, без да чувстваш натиск върху гръбначния стълб. С височина от 5 см, топ матракът е идеален за тези, които искат да добавят допълнителен слой комфорт и да се радват на чудесен сън.",Топ Матраци,1,101.75,76.31,100,https://cdncloudcart.com/28510/products/images/11858/top-matrak-i-cool-balance-copy-672b5e8581df1.webp?1730895493|https://cdncloudcart.com/28510/products/images/11858/top-matrak-i-cool-balance-copy-672b5e880575d.webp?1730895496
23009213-1-90/200,Топ матрак AIR BALANCE ROLL - 90/200,"За истински комфорт и спокоен сън! AIR BALANCE ROLL: луксозен, висококачествен топ матрак, предназначен да осигури максимален комфорт и поддръжка. Със своето ядро, изработено от профилирана полиуретанова пяна, този топер е проектиран да облекчава точките на натиск и да разпределя равномерно телесното тегло, осигурявайки оптимална опора и подобрено кръвообращение по време на сън. Топ матрак AIR BALANCE ROLL е с микрофибър ""Carbon Anti-stress"", състоящ се от 99,4% полиестер и 0,6% карбонови нишки. Те осигуряват защита срещу акари и статично електричество, осигурявайки чиста и здравословна среда за сън. Топерът разполага с обемна прошивка от полиуретанов и мемори пух и осезаемо подобрява комфорта на всеки матрак. Тази уникална комбинация от материали позволява да спиш в различни позиции, без да чувстваш натиск върху гръбначния стълб. С височина от 5 см, топ матракът е идеален за тези, които искат да добавят допълнителен слой комфорт и да се радват на чудесен сън.",Топ Матраци,1,111.97,83.98,100,https://cdncloudcart.com/28510/products/images/11858/top-matrak-i-cool-balance-copy-672b5e8581df1.webp?1730895493|https://cdncloudcart.com/28510/products/images/11858/top-matrak-i-cool-balance-copy-672b5e880575d.webp?1730895496
23009213-1-164/190,Топ матрак AIR BALANCE ROLL - 164/190,"За истински комфорт и спокоен сън! AIR BALANCE ROLL: луксозен, висококачествен топ матрак, предназначен да осигури максимален комфорт и поддръжка. Със своето ядро, изработено от профилирана полиуретанова пяна, този топер е проектиран да облекчава точките на натиск и да разпределя равномерно телесното тегло, осигурявайки оптимална опора и подобрено кръвообращение по време на сън. Топ матрак AIR BALANCE ROLL е с микрофибър ""Carbon Anti-stress"", състоящ се от 99,4% полиестер и 0,6% карбонови нишки. Те осигуряват защита срещу акари и статично електричество, осигурявайки чиста и здравословна среда за сън. Топерът разполага с обемна прошивка от полиуретанов и мемори пух и осезаемо подобрява комфорта на всеки матрак. Тази уникална комбинация от материали позволява да спиш в различни позиции, без да чувстваш натиск върху гръбначния стълб. С височина от 5 см, топ матракът е идеален за тези, които искат да добавят допълнителен слой комфорт и да се радват на чудесен сън.",Топ Матраци,1,188.67,141.50,100,https://cdncloudcart.com/28510/products/images/11858/top-matrak-i-cool-balance-copy-672b5e8581df1.webp?1730895493|https://cdncloudcart.com/28510/products/images/11858/top-matrak-i-cool-balance-copy-672b5e880575d.webp?1730895496
23010189-1-160-/-200,Топ матрак WELLNESS PLUS - 160 / 200,"Топ матрак WELLNESS PLUS е проектиран да подобри съня, като се откроява с: Адаптивна термочувствителна сърцевина от мемори пяна: Създаден за персонализиран комфорт, този матрак лесно се адаптира към контурите на тялото, осигурявайки осезаемо усещане за мекота и поддръжка. Подобрява цялостния комфорт, осигурявайки спокойни нощи. Удобен и преносим: С неговия лек дизайн можеш лесно да местиш и поставяш топ матрак WELLNESS PLUS, където пожелаеш. Перфектен за дома, пътуването или стаите за гости. Дълъг живот: Внимателната му конструкция гарантира издръжливост и удължен живот на матрака. Премиум текстилен калъф: Опакован във висококачествен плат, топ матракът излъчва елегантност и изтънченост. Лесна поддръжка: Свалящият се, миещ се калъф опростява поддръжката, като позволява да се поддържа свежест без усилие. Открий несравним комфорт с топ матрак WELLNESS PLUS!",Топ Матраци,1,287.86,215.90,100,https://cdncloudcart.com/28510/products/images/11859/top-matrak-air-balance-roll-copy-672b5fa305397.webp?1730895779|https://cdncloudcart.com/28510/products/images/11859/top-matrak-air-balance-roll-copy-672b5fa529031.webp?1730895781|https://cdncloudcart.com/28510/products/images/11859/top-matrak-air-balance-roll-copy-672b5fa6df3e7.webp?1730895782
23010189-1-82/190,Топ матрак WELLNESS PLUS - 82/190,"Топ матрак WELLNESS PLUS е проектиран да подобри съня, като се откроява с: Адаптивна термочувствителна сърцевина от мемори пяна: Създаден за персонализиран комфорт, този матрак лесно се адаптира към контурите на тялото, осигурявайки осезаемо усещане за мекота и поддръжка. Подобрява цялостния комфорт, осигурявайки спокойни нощи. Удобен и преносим: С неговия лек дизайн можеш лесно да местиш и поставяш топ матрак WELLNESS PLUS, където пожелаеш. Перфектен за дома, пътуването или стаите за гости. Дълъг живот: Внимателната му конструкция гарантира издръжливост и удължен живот на матрака. Премиум текстилен калъф: Опакован във висококачествен плат, топ матракът излъчва елегантност и изтънченост. Лесна поддръжка: Свалящият се, миещ се калъф опростява поддръжката, като позволява да се поддържа свежест без усилие. Открий несравним комфорт с топ матрак WELLNESS PLUS!",Топ Матраци,1,163.10,122.32,100,https://cdncloudcart.com/28510/products/images/11859/top-matrak-air-balance-roll-copy-672b5fa305397.webp?1730895779|https://cdncloudcart.com/28510/products/images/11859/top-matrak-air-balance-roll-copy-672b5fa529031.webp?1730895781|https://cdncloudcart.com/28510/products/images/11859/top-matrak-air-balance-roll-copy-672b5fa6df3e7.webp?1730895782
23010189-1-90/200,Топ матрак WELLNESS PLUS - 90/200,"Топ матрак WELLNESS PLUS е проектиран да подобри съня, като се откроява с: Адаптивна термочувствителна сърцевина от мемори пяна: Създаден за персонализиран комфорт, този матрак лесно се адаптира към контурите на тялото, осигурявайки осезаемо усещане за мекота и поддръжка. Подобрява цялостния комфорт, осигурявайки спокойни нощи. Удобен и преносим: С неговия лек дизайн можеш лесно да местиш и поставяш топ матрак WELLNESS PLUS, където пожелаеш. Перфектен за дома, пътуването или стаите за гости. Дълъг живот: Внимателната му конструкция гарантира издръжливост и удължен живот на матрака. Премиум текстилен калъф: Опакован във висококачествен плат, топ матракът излъчва елегантност и изтънченост. Лесна поддръжка: Свалящият се, миещ се калъф опростява поддръжката, като позволява да се поддържа свежест без усилие. Открий несравним комфорт с топ матрак WELLNESS PLUS!",Топ Матраци,1,173.84,130.38,100,https://cdncloudcart.com/28510/products/images/11859/top-matrak-air-balance-roll-copy-672b5fa305397.webp?1730895779|https://cdncloudcart.com/28510/products/images/11859/top-matrak-air-balance-roll-copy-672b5fa529031.webp?1730895781|https://cdncloudcart.com/28510/products/images/11859/top-matrak-air-balance-roll-copy-672b5fa6df3e7.webp?1730895782
23010189-1-120/190,Топ матрак WELLNESS PLUS - 120/190,"Топ матрак WELLNESS PLUS е проектиран да подобри съня, като се откроява с: Адаптивна термочувствителна сърцевина от мемори пяна: Създаден за персонализиран комфорт, този матрак лесно се адаптира към контурите на тялото, осигурявайки осезаемо усещане за мекота и поддръжка. Подобрява цялостния комфорт, осигурявайки спокойни нощи. Удобен и преносим: С неговия лек дизайн можеш лесно да местиш и поставяш топ матрак WELLNESS PLUS, където пожелаеш. Перфектен за дома, пътуването или стаите за гости. Дълъг живот: Внимателната му конструкция гарантира издръжливост и удължен живот на матрака. Премиум текстилен калъф: Опакован във висококачествен плат, топ матракът излъчва елегантност и изтънченост. Лесна поддръжка: Свалящият се, миещ се калъф опростява поддръжката, като позволява да се поддържа свежест без усилие. Открий несравним комфорт с топ матрак WELLNESS PLUS!",Топ Матраци,1,229.06,171.80,100,https://cdncloudcart.com/28510/products/images/11859/top-matrak-air-balance-roll-copy-672b5fa305397.webp?1730895779|https://cdncloudcart.com/28510/products/images/11859/top-matrak-air-balance-roll-copy-672b5fa529031.webp?1730895781|https://cdncloudcart.com/28510/products/images/11859/top-matrak-air-balance-roll-copy-672b5fa6df3e7.webp?1730895782
23010189-1-120/200,Топ матрак WELLNESS PLUS - 120/200,"Топ матрак WELLNESS PLUS е проектиран да подобри съня, като се откроява с: Адаптивна термочувствителна сърцевина от мемори пяна: Създаден за персонализиран комфорт, този матрак лесно се адаптира към контурите на тялото, осигурявайки осезаемо усещане за мекота и поддръжка. Подобрява цялостния комфорт, осигурявайки спокойни нощи. Удобен и преносим: С неговия лек дизайн можеш лесно да местиш и поставяш топ матрак WELLNESS PLUS, където пожелаеш. Перфектен за дома, пътуването или стаите за гости. Дълъг живот: Внимателната му конструкция гарантира издръжливост и удължен живот на матрака. Премиум текстилен калъф: Опакован във висококачествен плат, топ матракът излъчва елегантност и изтънченост. Лесна поддръжка: Свалящият се, миещ се калъф опростява поддръжката, като позволява да се поддържа свежест без усилие. Открий несравним комфорт с топ матрак WELLNESS PLUS!",Топ Матраци,1,229.57,172.18,100,https://cdncloudcart.com/28510/products/images/11859/top-matrak-air-balance-roll-copy-672b5fa305397.webp?1730895779|https://cdncloudcart.com/28510/products/images/11859/top-matrak-air-balance-roll-copy-672b5fa529031.webp?1730895781|https://cdncloudcart.com/28510/products/images/11859/top-matrak-air-balance-roll-copy-672b5fa6df3e7.webp?1730895782
23010189-1-140/200,Топ матрак WELLNESS PLUS - 140/200,"Топ матрак WELLNESS PLUS е проектиран да подобри съня, като се откроява с: Адаптивна термочувствителна сърцевина от мемори пяна: Създаден за персонализиран комфорт, този матрак лесно се адаптира към контурите на тялото, осигурявайки осезаемо усещане за мекота и поддръжка. Подобрява цялостния комфорт, осигурявайки спокойни нощи. Удобен и преносим: С неговия лек дизайн можеш лесно да местиш и поставяш топ матрак WELLNESS PLUS, където пожелаеш. Перфектен за дома, пътуването или стаите за гости. Дълъг живот: Внимателната му конструкция гарантира издръжливост и удължен живот на матрака. Премиум текстилен калъф: Опакован във висококачествен плат, топ матракът излъчва елегантност и изтънченост. Лесна поддръжка: Свалящият се, миещ се калъф опростява поддръжката, като позволява да се поддържа свежест без усилие. Открий несравним комфорт с топ матрак WELLNESS PLUS!",Топ Матраци,1,259.74,194.81,100,https://cdncloudcart.com/28510/products/images/11859/top-matrak-air-balance-roll-copy-672b5fa305397.webp?1730895779|https://cdncloudcart.com/28510/products/images/11859/top-matrak-air-balance-roll-copy-672b5fa529031.webp?1730895781|https://cdncloudcart.com/28510/products/images/11859/top-matrak-air-balance-roll-copy-672b5fa6df3e7.webp?1730895782
23010189-1-180/200,Топ матрак WELLNESS PLUS - 180/200,"Топ матрак WELLNESS PLUS е проектиран да подобри съня, като се откроява с: Адаптивна термочувствителна сърцевина от мемори пяна: Създаден за персонализиран комфорт, този матрак лесно се адаптира към контурите на тялото, осигурявайки осезаемо усещане за мекота и поддръжка. Подобрява цялостния комфорт, осигурявайки спокойни нощи. Удобен и преносим: С неговия лек дизайн можеш лесно да местиш и поставяш топ матрак WELLNESS PLUS, където пожелаеш. Перфектен за дома, пътуването или стаите за гости. Дълъг живот: Внимателната му конструкция гарантира издръжливост и удължен живот на матрака. Премиум текстилен калъф: Опакован във висококачествен плат, топ матракът излъчва елегантност и изтънченост. Лесна поддръжка: Свалящият се, миещ се калъф опростява поддръжката, като позволява да се поддържа свежест без усилие. Открий несравним комфорт с топ матрак WELLNESS PLUS!",Топ Матраци,1,315.98,236.99,100,https://cdncloudcart.com/28510/products/images/11859/top-matrak-air-balance-roll-copy-672b5fa305397.webp?1730895779|https://cdncloudcart.com/28510/products/images/11859/top-matrak-air-balance-roll-copy-672b5fa529031.webp?1730895781|https://cdncloudcart.com/28510/products/images/11859/top-matrak-air-balance-roll-copy-672b5fa6df3e7.webp?1730895782
28008093-1-160-/-200,Топ матрак TIP TOP - 160 / 200,"Топ матракът Tip Top разполага със сърцевина от висококачествена полиуретанова (PU) пяна, която осигурява изключителна опора, като същевременно поддържа и едно нежно усещане. Независимо дали спиш на гръб, настрани или по корем, ядрото гарантира правилно подравняване на гръбнака и минимизира точките на натиск. Сложи край на неспокойните нощи, тъй като топерът Tip Top значително подобрява цялостния комфорт. Адаптира се към контурите на тялото, обгръщайки те в облак от мекота, но без да прави компромис с опората. Топ матракът се доставя с удобен калъф с цип, изработен от от текстил (72% PES и 28% VIS). Калъфът се сваля лесно и може да се пере в пералня, което гарантира отлична хигиена и свежест. Защо да избереш топ матрак Tip Top? Заради качествената изработка, универсално прилягане и несравнимото спокойствие!",Топ Матраци,1,187.64,140.73,100,https://cdncloudcart.com/28510/products/images/11860/top-matrak-wellness-plus-copy-672b606ba86de.webp?1730895979|https://cdncloudcart.com/28510/products/images/11860/top-matrak-wellness-plus-copy-672b606dcf605.webp?1730895981
28008093-1-82/190,Топ матрак TIP TOP - 82/190,"Топ матракът Tip Top разполага със сърцевина от висококачествена полиуретанова (PU) пяна, която осигурява изключителна опора, като същевременно поддържа и едно нежно усещане. Независимо дали спиш на гръб, настрани или по корем, ядрото гарантира правилно подравняване на гръбнака и минимизира точките на натиск. Сложи край на неспокойните нощи, тъй като топерът Tip Top значително подобрява цялостния комфорт. Адаптира се към контурите на тялото, обгръщайки те в облак от мекота, но без да прави компромис с опората. Топ матракът се доставя с удобен калъф с цип, изработен от от текстил (72% PES и 28% VIS). Калъфът се сваля лесно и може да се пере в пералня, което гарантира отлична хигиена и свежест. Защо да избереш топ матрак Tip Top? Заради качествената изработка, универсално прилягане и несравнимото спокойствие!",Топ Матраци,1,105.33,79.00,100,https://cdncloudcart.com/28510/products/images/11860/top-matrak-wellness-plus-copy-672b606ba86de.webp?1730895979|https://cdncloudcart.com/28510/products/images/11860/top-matrak-wellness-plus-copy-672b606dcf605.webp?1730895981
28008093-1-90/200,Топ матрак TIP TOP - 90/200,"Топ матракът Tip Top разполага със сърцевина от висококачествена полиуретанова (PU) пяна, която осигурява изключителна опора, като същевременно поддържа и едно нежно усещане. Независимо дали спиш на гръб, настрани или по корем, ядрото гарантира правилно подравняване на гръбнака и минимизира точките на натиск. Сложи край на неспокойните нощи, тъй като топерът Tip Top значително подобрява цялостния комфорт. Адаптира се към контурите на тялото, обгръщайки те в облак от мекота, но без да прави компромис с опората. Топ матракът се доставя с удобен калъф с цип, изработен от от текстил (72% PES и 28% VIS). Калъфът се сваля лесно и може да се пере в пералня, което гарантира отлична хигиена и свежест. Защо да избереш топ матрак Tip Top? Заради качествената изработка, универсално прилягане и несравнимото спокойствие!",Топ Матраци,1,111.97,83.98,100,https://cdncloudcart.com/28510/products/images/11860/top-matrak-wellness-plus-copy-672b606ba86de.webp?1730895979|https://cdncloudcart.com/28510/products/images/11860/top-matrak-wellness-plus-copy-672b606dcf605.webp?1730895981
28008093-1-120/200,Топ матрак TIP TOP - 120/200,"Топ матракът Tip Top разполага със сърцевина от висококачествена полиуретанова (PU) пяна, която осигурява изключителна опора, като същевременно поддържа и едно нежно усещане. Независимо дали спиш на гръб, настрани или по корем, ядрото гарантира правилно подравняване на гръбнака и минимизира точките на натиск. Сложи край на неспокойните нощи, тъй като топерът Tip Top значително подобрява цялостния комфорт. Адаптира се към контурите на тялото, обгръщайки те в облак от мекота, но без да прави компромис с опората. Топ матракът се доставя с удобен калъф с цип, изработен от от текстил (72% PES и 28% VIS). Калъфът се сваля лесно и може да се пере в пералня, което гарантира отлична хигиена и свежест. Защо да избереш топ матрак Tip Top? Заради качествената изработка, универсално прилягане и несравнимото спокойствие!",Топ Матраци,1,147.76,110.82,100,https://cdncloudcart.com/28510/products/images/11860/top-matrak-wellness-plus-copy-672b606ba86de.webp?1730895979|https://cdncloudcart.com/28510/products/images/11860/top-matrak-wellness-plus-copy-672b606dcf605.webp?1730895981
28008093-1-180/200,Топ матрак TIP TOP - 180/200,"Топ матракът Tip Top разполага със сърцевина от висококачествена полиуретанова (PU) пяна, която осигурява изключителна опора, като същевременно поддържа и едно нежно усещане. Независимо дали спиш на гръб, настрани или по корем, ядрото гарантира правилно подравняване на гръбнака и минимизира точките на натиск. Сложи край на неспокойните нощи, тъй като топерът Tip Top значително подобрява цялостния комфорт. Адаптира се към контурите на тялото, обгръщайки те в облак от мекота, но без да прави компромис с опората. Топ матракът се доставя с удобен калъф с цип, изработен от от текстил (72% PES и 28% VIS). Калъфът се сваля лесно и може да се пере в пералня, което гарантира отлична хигиена и свежест. Защо да избереш топ матрак Tip Top? Заради качествената изработка, универсално прилягане и несравнимото спокойствие!",Топ Матраци,1,206.05,154.54,100,https://cdncloudcart.com/28510/products/images/11860/top-matrak-wellness-plus-copy-672b606ba86de.webp?1730895979|https://cdncloudcart.com/28510/products/images/11860/top-matrak-wellness-plus-copy-672b606dcf605.webp?1730895981
23009550-1-82/190,Топ матрак MEMORY SPA - 82/190,"Универсална изчистена линия MEMORY SPA - луксозен топ матрак, предназначен да осигури допълнителен комфорт и мекота върху всяка повърхност. Този универсален топер е идеален за легла, дивани или дори за къмпинг, осигурявайки спокоен сън, където и да си. Ядрото на топ матрак MEMORY SPA е направено от адаптивна термочувствителна мемори пяна, която значително подобрява комфорта на всеки матрак, като същевременно запазва качествата му за по-дълго време. Чувствителната към температура мемори пяна се приспособява към тялото, осигурявайки по-добра опора за гърба, бедрата, врата и раменете. Това намалява болките и сковаността и дори може да подобри кръвообращението. Топ матрак MEMORY SPA е проектиран със сменяем и перещ се калъф, изработен от деликатен текстил, обработен с антистатична защита. Това гарантира отлична хигиена и помага за премахване на излишното статично електричество, стимулирайки спокоен сън. Лесен за пренасяне, транспортиране и съхранение, топ матрак MEMORY SPA е задължително допълнение, независимо дали си у дома или в движение. Защо да чакаш повече? *Топ матракът може да бъде изработен в нестандартен размер. Цена кв.м: 135 лв.",Топ Матраци,1,109.42,82.06,100,https://cdncloudcart.com/28510/products/images/11861/top-matrak-tip-top-copy-672b62c272d28.webp?1730896578|https://cdncloudcart.com/28510/products/images/11861/top-matrak-tip-top-copy-672b62c7bdc8f.webp?1730896584
23009550-1-90/200,Топ матрак MEMORY SPA - 90/200,"Универсална изчистена линия MEMORY SPA - луксозен топ матрак, предназначен да осигури допълнителен комфорт и мекота върху всяка повърхност. Този универсален топер е идеален за легла, дивани или дори за къмпинг, осигурявайки спокоен сън, където и да си. Ядрото на топ матрак MEMORY SPA е направено от адаптивна термочувствителна мемори пяна, която значително подобрява комфорта на всеки матрак, като същевременно запазва качествата му за по-дълго време. Чувствителната към температура мемори пяна се приспособява към тялото, осигурявайки по-добра опора за гърба, бедрата, врата и раменете. Това намалява болките и сковаността и дори може да подобри кръвообращението. Топ матрак MEMORY SPA е проектиран със сменяем и перещ се калъф, изработен от деликатен текстил, обработен с антистатична защита. Това гарантира отлична хигиена и помага за премахване на излишното статично електричество, стимулирайки спокоен сън. Лесен за пренасяне, транспортиране и съхранение, топ матрак MEMORY SPA е задължително допълнение, независимо дали си у дома или в движение. Защо да чакаш повече? *Топ матракът може да бъде изработен в нестандартен размер. Цена кв.м: 135 лв.",Топ Матраци,1,117.60,88.20,100,https://cdncloudcart.com/28510/products/images/11861/top-matrak-tip-top-copy-672b62c272d28.webp?1730896578|https://cdncloudcart.com/28510/products/images/11861/top-matrak-tip-top-copy-672b62c7bdc8f.webp?1730896584
23009550-1-120/200,Топ матрак MEMORY SPA - 120/200,"Универсална изчистена линия MEMORY SPA - луксозен топ матрак, предназначен да осигури допълнителен комфорт и мекота върху всяка повърхност. Този универсален топер е идеален за легла, дивани или дори за къмпинг, осигурявайки спокоен сън, където и да си. Ядрото на топ матрак MEMORY SPA е направено от адаптивна термочувствителна мемори пяна, която значително подобрява комфорта на всеки матрак, като същевременно запазва качествата му за по-дълго време. Чувствителната към температура мемори пяна се приспособява към тялото, осигурявайки по-добра опора за гърба, бедрата, врата и раменете. Това намалява болките и сковаността и дори може да подобри кръвообращението. Топ матрак MEMORY SPA е проектиран със сменяем и перещ се калъф, изработен от деликатен текстил, обработен с антистатична защита. Това гарантира отлична хигиена и помага за премахване на излишното статично електричество, стимулирайки спокоен сън. Лесен за пренасяне, транспортиране и съхранение, топ матрак MEMORY SPA е задължително допълнение, независимо дали си у дома или в движение. Защо да чакаш повече? *Топ матракът може да бъде изработен в нестандартен размер. Цена кв.м: 135 лв.",Топ Матраци,1,155.94,116.95,100,https://cdncloudcart.com/28510/products/images/11861/top-matrak-tip-top-copy-672b62c272d28.webp?1730896578|https://cdncloudcart.com/28510/products/images/11861/top-matrak-tip-top-copy-672b62c7bdc8f.webp?1730896584
23009550-1-180/200,Топ матрак MEMORY SPA - 180/200,"Универсална изчистена линия MEMORY SPA - луксозен топ матрак, предназначен да осигури допълнителен комфорт и мекота върху всяка повърхност. Този универсален топер е идеален за легла, дивани или дори за къмпинг, осигурявайки спокоен сън, където и да си. Ядрото на топ матрак MEMORY SPA е направено от адаптивна термочувствителна мемори пяна, която значително подобрява комфорта на всеки матрак, като същевременно запазва качествата му за по-дълго време. Чувствителната към температура мемори пяна се приспособява към тялото, осигурявайки по-добра опора за гърба, бедрата, врата и раменете. Това намалява болките и сковаността и дори може да подобри кръвообращението. Топ матрак MEMORY SPA е проектиран със сменяем и перещ се калъф, изработен от деликатен текстил, обработен с антистатична защита. Това гарантира отлична хигиена и помага за премахване на излишното статично електричество, стимулирайки спокоен сън. Лесен за пренасяне, транспортиране и съхранение, топ матрак MEMORY SPA е задължително допълнение, независимо дали си у дома или в движение. Защо да чакаш повече? *Топ матракът може да бъде изработен в нестандартен размер. Цена кв.м: 135 лв.",Топ Матраци,1,206.05,154.54,100,https://cdncloudcart.com/28510/products/images/11861/top-matrak-tip-top-copy-672b62c272d28.webp?1730896578|https://cdncloudcart.com/28510/products/images/11861/top-matrak-tip-top-copy-672b62c7bdc8f.webp?1730896584
23009550-1-160/200,Топ матрак MEMORY SPA - 160/200,"Универсална изчистена линия MEMORY SPA - луксозен топ матрак, предназначен да осигури допълнителен комфорт и мекота върху всяка повърхност. Този универсален топер е идеален за легла, дивани или дори за къмпинг, осигурявайки спокоен сън, където и да си. Ядрото на топ матрак MEMORY SPA е направено от адаптивна термочувствителна мемори пяна, която значително подобрява комфорта на всеки матрак, като същевременно запазва качествата му за по-дълго време. Чувствителната към температура мемори пяна се приспособява към тялото, осигурявайки по-добра опора за гърба, бедрата, врата и раменете. Това намалява болките и сковаността и дори може да подобри кръвообращението. Топ матрак MEMORY SPA е проектиран със сменяем и перещ се калъф, изработен от деликатен текстил, обработен с антистатична защита. Това гарантира отлична хигиена и помага за премахване на излишното статично електричество, стимулирайки спокоен сън. Лесен за пренасяне, транспортиране и съхранение, топ матрак MEMORY SPA е задължително допълнение, независимо дали си у дома или в движение. Защо да чакаш повече? *Топ матракът може да бъде изработен в нестандартен размер. Цена кв.м: 135 лв.",Топ Матраци,1,195.31,146.48,100,https://cdncloudcart.com/28510/products/images/11861/top-matrak-tip-top-copy-672b62c272d28.webp?1730896578|https://cdncloudcart.com/28510/products/images/11861/top-matrak-tip-top-copy-672b62c7bdc8f.webp?1730896584
23009550-1-164/190,Топ матрак MEMORY SPA - 164/190,"Универсална изчистена линия MEMORY SPA - луксозен топ матрак, предназначен да осигури допълнителен комфорт и мекота върху всяка повърхност. Този универсален топер е идеален за легла, дивани или дори за къмпинг, осигурявайки спокоен сън, където и да си. Ядрото на топ матрак MEMORY SPA е направено от адаптивна термочувствителна мемори пяна, която значително подобрява комфорта на всеки матрак, като същевременно запазва качествата му за по-дълго време. Чувствителната към температура мемори пяна се приспособява към тялото, осигурявайки по-добра опора за гърба, бедрата, врата и раменете. Това намалява болките и сковаността и дори може да подобри кръвообращението. Топ матрак MEMORY SPA е проектиран със сменяем и перещ се калъф, изработен от деликатен текстил, обработен с антистатична защита. Това гарантира отлична хигиена и помага за премахване на излишното статично електричество, стимулирайки спокоен сън. Лесен за пренасяне, транспортиране и съхранение, топ матрак MEMORY SPA е задължително допълнение, независимо дали си у дома или в движение. Защо да чакаш повече? *Топ матракът може да бъде изработен в нестандартен размер. Цена кв.м: 135 лв.",Топ Матраци,1,196.34,147.25,100,https://cdncloudcart.com/28510/products/images/11861/top-matrak-tip-top-copy-672b62c272d28.webp?1730896578|https://cdncloudcart.com/28510/products/images/11861/top-matrak-tip-top-copy-672b62c7bdc8f.webp?1730896584
23009550-1-120/190,Топ матрак MEMORY SPA - 120/190,"Универсална изчистена линия MEMORY SPA - луксозен топ матрак, предназначен да осигури допълнителен комфорт и мекота върху всяка повърхност. Този универсален топер е идеален за легла, дивани или дори за къмпинг, осигурявайки спокоен сън, където и да си. Ядрото на топ матрак MEMORY SPA е направено от адаптивна термочувствителна мемори пяна, която значително подобрява комфорта на всеки матрак, като същевременно запазва качествата му за по-дълго време. Чувствителната към температура мемори пяна се приспособява към тялото, осигурявайки по-добра опора за гърба, бедрата, врата и раменете. Това намалява болките и сковаността и дори може да подобри кръвообращението. Топ матрак MEMORY SPA е проектиран със сменяем и перещ се калъф, изработен от деликатен текстил, обработен с антистатична защита. Това гарантира отлична хигиена и помага за премахване на излишното статично електричество, стимулирайки спокоен сън. Лесен за пренасяне, транспортиране и съхранение, топ матрак MEMORY SPA е задължително допълнение, независимо дали си у дома или в движение. Защо да чакаш повече? *Топ матракът може да бъде изработен в нестандартен размер. Цена кв.м: 135 лв.",Топ Матраци,1,155.43,116.57,100,https://cdncloudcart.com/28510/products/images/11861/top-matrak-tip-top-copy-672b62c272d28.webp?1730896578|https://cdncloudcart.com/28510/products/images/11861/top-matrak-tip-top-copy-672b62c7bdc8f.webp?1730896584
23009550-1-140/200,Топ матрак MEMORY SPA - 140/200,"Универсална изчистена линия MEMORY SPA - луксозен топ матрак, предназначен да осигури допълнителен комфорт и мекота върху всяка повърхност. Този универсален топер е идеален за легла, дивани или дори за къмпинг, осигурявайки спокоен сън, където и да си. Ядрото на топ матрак MEMORY SPA е направено от адаптивна термочувствителна мемори пяна, която значително подобрява комфорта на всеки матрак, като същевременно запазва качествата му за по-дълго време. Чувствителната към температура мемори пяна се приспособява към тялото, осигурявайки по-добра опора за гърба, бедрата, врата и раменете. Това намалява болките и сковаността и дори може да подобри кръвообращението. Топ матрак MEMORY SPA е проектиран със сменяем и перещ се калъф, изработен от деликатен текстил, обработен с антистатична защита. Това гарантира отлична хигиена и помага за премахване на излишното статично електричество, стимулирайки спокоен сън. Лесен за пренасяне, транспортиране и съхранение, топ матрак MEMORY SPA е задължително допълнение, независимо дали си у дома или в движение. Защо да чакаш повече? *Топ матракът може да бъде изработен в нестандартен размер. Цена кв.м: 135 лв.",Топ Матраци,1,176.40,132.30,100,https://cdncloudcart.com/28510/products/images/11861/top-matrak-tip-top-copy-672b62c272d28.webp?1730896578|https://cdncloudcart.com/28510/products/images/11861/top-matrak-tip-top-copy-672b62c7bdc8f.webp?1730896584
23009550-1-72/190,Топ матрак MEMORY SPA - 72/190,"Универсална изчистена линия MEMORY SPA - луксозен топ матрак, предназначен да осигури допълнителен комфорт и мекота върху всяка повърхност. Този универсален топер е идеален за легла, дивани или дори за къмпинг, осигурявайки спокоен сън, където и да си. Ядрото на топ матрак MEMORY SPA е направено от адаптивна термочувствителна мемори пяна, която значително подобрява комфорта на всеки матрак, като същевременно запазва качествата му за по-дълго време. Чувствителната към температура мемори пяна се приспособява към тялото, осигурявайки по-добра опора за гърба, бедрата, врата и раменете. Това намалява болките и сковаността и дори може да подобри кръвообращението. Топ матрак MEMORY SPA е проектиран със сменяем и перещ се калъф, изработен от деликатен текстил, обработен с антистатична защита. Това гарантира отлична хигиена и помага за премахване на излишното статично електричество, стимулирайки спокоен сън. Лесен за пренасяне, транспортиране и съхранение, топ матрак MEMORY SPA е задължително допълнение, независимо дали си у дома или в движение. Защо да чакаш повече? *Топ матракът може да бъде изработен в нестандартен размер. Цена кв.м: 135 лв.",Топ Матраци,1,97.15,72.86,100,https://cdncloudcart.com/28510/products/images/11861/top-matrak-tip-top-copy-672b62c272d28.webp?1730896578|https://cdncloudcart.com/28510/products/images/11861/top-matrak-tip-top-copy-672b62c7bdc8f.webp?1730896584
23009550-1-80/200,Топ матрак MEMORY SPA - 80/200,"Универсална изчистена линия MEMORY SPA - луксозен топ матрак, предназначен да осигури допълнителен комфорт и мекота върху всяка повърхност. Този универсален топер е идеален за легла, дивани или дори за къмпинг, осигурявайки спокоен сън, където и да си. Ядрото на топ матрак MEMORY SPA е направено от адаптивна термочувствителна мемори пяна, която значително подобрява комфорта на всеки матрак, като същевременно запазва качествата му за по-дълго време. Чувствителната към температура мемори пяна се приспособява към тялото, осигурявайки по-добра опора за гърба, бедрата, врата и раменете. Това намалява болките и сковаността и дори може да подобри кръвообращението. Топ матрак MEMORY SPA е проектиран със сменяем и перещ се калъф, изработен от деликатен текстил, обработен с антистатична защита. Това гарантира отлична хигиена и помага за премахване на излишното статично електричество, стимулирайки спокоен сън. Лесен за пренасяне, транспортиране и съхранение, топ матрак MEMORY SPA е задължително допълнение, независимо дали си у дома или в движение. Защо да чакаш повече? *Топ матракът може да бъде изработен в нестандартен размер. Цена кв.м: 135 лв.",Топ Матраци,1,104.30,78.22,100,https://cdncloudcart.com/28510/products/images/11861/top-matrak-tip-top-copy-672b62c272d28.webp?1730896578|https://cdncloudcart.com/28510/products/images/11861/top-matrak-tip-top-copy-672b62c7bdc8f.webp?1730896584
23009550-1-90/190,Топ матрак MEMORY SPA - 90/190,"Универсална изчистена линия MEMORY SPA - луксозен топ матрак, предназначен да осигури допълнителен комфорт и мекота върху всяка повърхност. Този универсален топер е идеален за легла, дивани или дори за къмпинг, осигурявайки спокоен сън, където и да си. Ядрото на топ матрак MEMORY SPA е направено от адаптивна термочувствителна мемори пяна, която значително подобрява комфорта на всеки матрак, като същевременно запазва качествата му за по-дълго време. Чувствителната към температура мемори пяна се приспособява към тялото, осигурявайки по-добра опора за гърба, бедрата, врата и раменете. Това намалява болките и сковаността и дори може да подобри кръвообращението. Топ матрак MEMORY SPA е проектиран със сменяем и перещ се калъф, изработен от деликатен текстил, обработен с антистатична защита. Това гарантира отлична хигиена и помага за премахване на излишното статично електричество, стимулирайки спокоен сън. Лесен за пренасяне, транспортиране и съхранение, топ матрак MEMORY SPA е задължително допълнение, независимо дали си у дома или в движение. Защо да чакаш повече? *Топ матракът може да бъде изработен в нестандартен размер. Цена кв.м: 135 лв.",Топ Матраци,1,117.09,87.82,100,https://cdncloudcart.com/28510/products/images/11861/top-matrak-tip-top-copy-672b62c272d28.webp?1730896578|https://cdncloudcart.com/28510/products/images/11861/top-matrak-tip-top-copy-672b62c7bdc8f.webp?1730896584
23009550-1-100/200,Топ матрак MEMORY SPA - 100/200,"Универсална изчистена линия MEMORY SPA - луксозен топ матрак, предназначен да осигури допълнителен комфорт и мекота върху всяка повърхност. Този универсален топер е идеален за легла, дивани или дори за къмпинг, осигурявайки спокоен сън, където и да си. Ядрото на топ матрак MEMORY SPA е направено от адаптивна термочувствителна мемори пяна, която значително подобрява комфорта на всеки матрак, като същевременно запазва качествата му за по-дълго време. Чувствителната към температура мемори пяна се приспособява към тялото, осигурявайки по-добра опора за гърба, бедрата, врата и раменете. Това намалява болките и сковаността и дори може да подобри кръвообращението. Топ матрак MEMORY SPA е проектиран със сменяем и перещ се калъф, изработен от деликатен текстил, обработен с антистатична защита. Това гарантира отлична хигиена и помага за премахване на излишното статично електричество, стимулирайки спокоен сън. Лесен за пренасяне, транспортиране и съхранение, топ матрак MEMORY SPA е задължително допълнение, независимо дали си у дома или в движение. Защо да чакаш повече? *Топ матракът може да бъде изработен в нестандартен размер. Цена кв.м: 135 лв.",Топ Матраци,1,130.38,97.78,100,https://cdncloudcart.com/28510/products/images/11861/top-matrak-tip-top-copy-672b62c272d28.webp?1730896578|https://cdncloudcart.com/28510/products/images/11861/top-matrak-tip-top-copy-672b62c7bdc8f.webp?1730896584
23009550-1-114/190,Топ матрак MEMORY SPA - 114/190,"Универсална изчистена линия MEMORY SPA - луксозен топ матрак, предназначен да осигури допълнителен комфорт и мекота върху всяка повърхност. Този универсален топер е идеален за легла, дивани или дори за къмпинг, осигурявайки спокоен сън, където и да си. Ядрото на топ матрак MEMORY SPA е направено от адаптивна термочувствителна мемори пяна, която значително подобрява комфорта на всеки матрак, като същевременно запазва качествата му за по-дълго време. Чувствителната към температура мемори пяна се приспособява към тялото, осигурявайки по-добра опора за гърба, бедрата, врата и раменете. Това намалява болките и сковаността и дори може да подобри кръвообращението. Топ матрак MEMORY SPA е проектиран със сменяем и перещ се калъф, изработен от деликатен текстил, обработен с антистатична защита. Това гарантира отлична хигиена и помага за премахване на излишното статично електричество, стимулирайки спокоен сън. Лесен за пренасяне, транспортиране и съхранение, топ матрак MEMORY SPA е задължително допълнение, независимо дали си у дома или в движение. Защо да чакаш повече? *Топ матракът може да бъде изработен в нестандартен размер. Цена кв.м: 135 лв.",Топ Матраци,1,147.76,110.82,100,https://cdncloudcart.com/28510/products/images/11861/top-matrak-tip-top-copy-672b62c272d28.webp?1730896578|https://cdncloudcart.com/28510/products/images/11861/top-matrak-tip-top-copy-672b62c7bdc8f.webp?1730896584
23009550-1-140/190,Топ матрак MEMORY SPA - 140/190,"Универсална изчистена линия MEMORY SPA - луксозен топ матрак, предназначен да осигури допълнителен комфорт и мекота върху всяка повърхност. Този универсален топер е идеален за легла, дивани или дори за къмпинг, осигурявайки спокоен сън, където и да си. Ядрото на топ матрак MEMORY SPA е направено от адаптивна термочувствителна мемори пяна, която значително подобрява комфорта на всеки матрак, като същевременно запазва качествата му за по-дълго време. Чувствителната към температура мемори пяна се приспособява към тялото, осигурявайки по-добра опора за гърба, бедрата, врата и раменете. Това намалява болките и сковаността и дори може да подобри кръвообращението. Топ матрак MEMORY SPA е проектиран със сменяем и перещ се калъф, изработен от деликатен текстил, обработен с антистатична защита. Това гарантира отлична хигиена и помага за премахване на излишното статично електричество, стимулирайки спокоен сън. Лесен за пренасяне, транспортиране и съхранение, топ матрак MEMORY SPA е задължително допълнение, независимо дали си у дома или в движение. Защо да чакаш повече? *Топ матракът може да бъде изработен в нестандартен размер. Цена кв.м: 135 лв.",Топ Матраци,1,172.82,129.62,100,https://cdncloudcart.com/28510/products/images/11861/top-matrak-tip-top-copy-672b62c272d28.webp?1730896578|https://cdncloudcart.com/28510/products/images/11861/top-matrak-tip-top-copy-672b62c7bdc8f.webp?1730896584
23009550-1-144/190,Топ матрак MEMORY SPA - 144/190,"Универсална изчистена линия MEMORY SPA - луксозен топ матрак, предназначен да осигури допълнителен комфорт и мекота върху всяка повърхност. Този универсален топер е идеален за легла, дивани или дори за къмпинг, осигурявайки спокоен сън, където и да си. Ядрото на топ матрак MEMORY SPA е направено от адаптивна термочувствителна мемори пяна, която значително подобрява комфорта на всеки матрак, като същевременно запазва качествата му за по-дълго време. Чувствителната към температура мемори пяна се приспособява към тялото, осигурявайки по-добра опора за гърба, бедрата, врата и раменете. Това намалява болките и сковаността и дори може да подобри кръвообращението. Топ матрак MEMORY SPA е проектиран със сменяем и перещ се калъф, изработен от деликатен текстил, обработен с антистатична защита. Това гарантира отлична хигиена и помага за премахване на излишното статично електричество, стимулирайки спокоен сън. Лесен за пренасяне, транспортиране и съхранение, топ матрак MEMORY SPA е задължително допълнение, независимо дали си у дома или в движение. Защо да чакаш повече? *Топ матракът може да бъде изработен в нестандартен размер. Цена кв.м: 135 лв.",Топ Матраци,1,177.93,133.45,100,https://cdncloudcart.com/28510/products/images/11861/top-matrak-tip-top-copy-672b62c272d28.webp?1730896578|https://cdncloudcart.com/28510/products/images/11861/top-matrak-tip-top-copy-672b62c7bdc8f.webp?1730896584
23009550-1-144/200,Топ матрак MEMORY SPA - 144/200,"Универсална изчистена линия MEMORY SPA - луксозен топ матрак, предназначен да осигури допълнителен комфорт и мекота върху всяка повърхност. Този универсален топер е идеален за легла, дивани или дори за къмпинг, осигурявайки спокоен сън, където и да си. Ядрото на топ матрак MEMORY SPA е направено от адаптивна термочувствителна мемори пяна, която значително подобрява комфорта на всеки матрак, като същевременно запазва качествата му за по-дълго време. Чувствителната към температура мемори пяна се приспособява към тялото, осигурявайки по-добра опора за гърба, бедрата, врата и раменете. Това намалява болките и сковаността и дори може да подобри кръвообращението. Топ матрак MEMORY SPA е проектиран със сменяем и перещ се калъф, изработен от деликатен текстил, обработен с антистатична защита. Това гарантира отлична хигиена и помага за премахване на излишното статично електричество, стимулирайки спокоен сън. Лесен за пренасяне, транспортиране и съхранение, топ матрак MEMORY SPA е задължително допълнение, независимо дали си у дома или в движение. Защо да чакаш повече? *Топ матракът може да бъде изработен в нестандартен размер. Цена кв.м: 135 лв.",Топ Матраци,1,181.51,136.13,100,https://cdncloudcart.com/28510/products/images/11861/top-matrak-tip-top-copy-672b62c272d28.webp?1730896578|https://cdncloudcart.com/28510/products/images/11861/top-matrak-tip-top-copy-672b62c7bdc8f.webp?1730896584
23009550-1-160/190,Топ матрак MEMORY SPA - 160/190,"Универсална изчистена линия MEMORY SPA - луксозен топ матрак, предназначен да осигури допълнителен комфорт и мекота върху всяка повърхност. Този универсален топер е идеален за легла, дивани или дори за къмпинг, осигурявайки спокоен сън, където и да си. Ядрото на топ матрак MEMORY SPA е направено от адаптивна термочувствителна мемори пяна, която значително подобрява комфорта на всеки матрак, като същевременно запазва качествата му за по-дълго време. Чувствителната към температура мемори пяна се приспособява към тялото, осигурявайки по-добра опора за гърба, бедрата, врата и раменете. Това намалява болките и сковаността и дори може да подобри кръвообращението. Топ матрак MEMORY SPA е проектиран със сменяем и перещ се калъф, изработен от деликатен текстил, обработен с антистатична защита. Това гарантира отлична хигиена и помага за премахване на излишното статично електричество, стимулирайки спокоен сън. Лесен за пренасяне, транспортиране и съхранение, топ матрак MEMORY SPA е задължително допълнение, независимо дали си у дома или в движение. Защо да чакаш повече? *Топ матракът може да бъде изработен в нестандартен размер. Цена кв.м: 135 лв.",Топ Матраци,1,191.22,143.41,100,https://cdncloudcart.com/28510/products/images/11861/top-matrak-tip-top-copy-672b62c272d28.webp?1730896578|https://cdncloudcart.com/28510/products/images/11861/top-matrak-tip-top-copy-672b62c7bdc8f.webp?1730896584
23009550-1-164/200,Топ матрак MEMORY SPA - 164/200,"Универсална изчистена линия MEMORY SPA - луксозен топ матрак, предназначен да осигури допълнителен комфорт и мекота върху всяка повърхност. Този универсален топер е идеален за легла, дивани или дори за къмпинг, осигурявайки спокоен сън, където и да си. Ядрото на топ матрак MEMORY SPA е направено от адаптивна термочувствителна мемори пяна, която значително подобрява комфорта на всеки матрак, като същевременно запазва качествата му за по-дълго време. Чувствителната към температура мемори пяна се приспособява към тялото, осигурявайки по-добра опора за гърба, бедрата, врата и раменете. Това намалява болките и сковаността и дори може да подобри кръвообращението. Топ матрак MEMORY SPA е проектиран със сменяем и перещ се калъф, изработен от деликатен текстил, обработен с антистатична защита. Това гарантира отлична хигиена и помага за премахване на излишното статично електричество, стимулирайки спокоен сън. Лесен за пренасяне, транспортиране и съхранение, топ матрак MEMORY SPA е задължително допълнение, независимо дали си у дома или в движение. Защо да чакаш повече? *Топ матракът може да бъде изработен в нестандартен размер. Цена кв.м: 135 лв.",Топ Матраци,1,199.92,149.94,100,https://cdncloudcart.com/28510/products/images/11861/top-matrak-tip-top-copy-672b62c272d28.webp?1730896578|https://cdncloudcart.com/28510/products/images/11861/top-matrak-tip-top-copy-672b62c7bdc8f.webp?1730896584
23009717-1-82-/-190,"Матрак AIR BALANCE SPRING, двулицев - 82 / 190","Антибактериален матрак с отлична опора и комфорт Двулицев матрак Air Balance е антибактериален матрак с перфектното съчетание опора и комфорт. Благодарение на добавената мемори пяна, матракът Air Balance Spring носи със себе си неподправен комфорт по време на сън. Този изключителен матрак е изработен от множество индивидуално опаковани многопластови пружинки и има 500 независими опорни точки на квадратен метър, които осигуряват не само по-добра опора, но и правилна ортопедична поддръжка на гръбначния стълб. Радвай се на прецизна опора, без точки на натиск за максимално добро разпределение на тежестта на тялото. Спи спокойно ден и нощ. Повърхността на матрак Air Balance Spring е прошита с антибактериален текстил с антиалергична защита, който сериозно възпрепятства растежа на бактериите. Радвай се на по-чист и здравословен сън. С добавените мемори частици и влакна, ще се почувстваш невероятно меко и удобно. Усети мекотaта докато спиш и се наслади на изживяването! Как постигнахме всичко това? ✓ Mултипокет стабилен мултипокет, осигуряващ необходимата опора за всяка една част на вашето тяло. ✓ Полиуретанова пяна Материал с добра плътност, който поддържа тялото и предотвратява създаването на изолирани зони на тежест и дискомфорт. Полиуретановата пяна е лесна за профилиране, което ѝ придава допълнителни анатомични свойства. ✓ Текстил Текстил с антибактериална третировка, прошивка с мемори пяна, частици дунапрен и влакна. За кого е подходящ матрак Air Balance Spring? Двулицев матрак Air Balance Spring ще зарадва тези от вас, които не правят компромис със здравето си и търсят ежедневна защита срещу бактериите. Матракът е произведен в България, стандартен TED клас, който ти осигурява 5 години гаранция, спокойствие и удовлетвореност.",Матраци,1,376.82,282.62,100,https://cdncloudcart.com/28510/products/images/11862/ortopedicen-matrak-astrea-ortho-dvulicev-copy-672b6463145b4.webp?1730896995|https://cdncloudcart.com/28510/products/images/11862/ortopedicen-matrak-astrea-ortho-dvulicev-copy-672b64653188d.webp?1730896997|https://cdncloudcart.com/28510/products/images/11862/ortopedicen-matrak-astrea-ortho-dvulicev-copy-672b64671ec9a.webp?1730896999|https://cdncloudcart.com/28510/products/images/11862/ortopedicen-matrak-astrea-ortho-dvulicev-copy-672b6468f3609.webp?1730897001|https://cdncloudcart.com/28510/products/images/11862/ortopedicen-matrak-astrea-ortho-dvulicev-copy-672b646ac3f93.webp?1730897002|https://cdncloudcart.com/28510/products/images/11862/matrak-air-balance-spring-dvulicev-672b646cadb5e.webp?1730897004|https://cdncloudcart.com/28510/products/images/11862/matrak-air-balance-spring-dvulicev-672b646eb2a71.webp?1730897006
23009717-1-90-/-190,"Матрак AIR BALANCE SPRING, двулицев - 90 / 190","Антибактериален матрак с отлична опора и комфорт Двулицев матрак Air Balance е антибактериален матрак с перфектното съчетание опора и комфорт. Благодарение на добавената мемори пяна, матракът Air Balance Spring носи със себе си неподправен комфорт по време на сън. Този изключителен матрак е изработен от множество индивидуално опаковани многопластови пружинки и има 500 независими опорни точки на квадратен метър, които осигуряват не само по-добра опора, но и правилна ортопедична поддръжка на гръбначния стълб. Радвай се на прецизна опора, без точки на натиск за максимално добро разпределение на тежестта на тялото. Спи спокойно ден и нощ. Повърхността на матрак Air Balance Spring е прошита с антибактериален текстил с антиалергична защита, който сериозно възпрепятства растежа на бактериите. Радвай се на по-чист и здравословен сън. С добавените мемори частици и влакна, ще се почувстваш невероятно меко и удобно. Усети мекотaта докато спиш и се наслади на изживяването! Как постигнахме всичко това? ✓ Mултипокет стабилен мултипокет, осигуряващ необходимата опора за всяка една част на вашето тяло. ✓ Полиуретанова пяна Материал с добра плътност, който поддържа тялото и предотвратява създаването на изолирани зони на тежест и дискомфорт. Полиуретановата пяна е лесна за профилиране, което ѝ придава допълнителни анатомични свойства. ✓ Текстил Текстил с антибактериална третировка, прошивка с мемори пяна, частици дунапрен и влакна. За кого е подходящ матрак Air Balance Spring? Двулицев матрак Air Balance Spring ще зарадва тези от вас, които не правят компромис със здравето си и търсят ежедневна защита срещу бактериите. Матракът е произведен в България, стандартен TED клас, който ти осигурява 5 години гаранция, спокойствие и удовлетвореност.",Матраци,1,408.52,306.39,100,https://cdncloudcart.com/28510/products/images/11862/ortopedicen-matrak-astrea-ortho-dvulicev-copy-672b6463145b4.webp?1730896995|https://cdncloudcart.com/28510/products/images/11862/ortopedicen-matrak-astrea-ortho-dvulicev-copy-672b64653188d.webp?1730896997|https://cdncloudcart.com/28510/products/images/11862/ortopedicen-matrak-astrea-ortho-dvulicev-copy-672b64671ec9a.webp?1730896999|https://cdncloudcart.com/28510/products/images/11862/ortopedicen-matrak-astrea-ortho-dvulicev-copy-672b6468f3609.webp?1730897001|https://cdncloudcart.com/28510/products/images/11862/ortopedicen-matrak-astrea-ortho-dvulicev-copy-672b646ac3f93.webp?1730897002|https://cdncloudcart.com/28510/products/images/11862/matrak-air-balance-spring-dvulicev-672b646cadb5e.webp?1730897004|https://cdncloudcart.com/28510/products/images/11862/matrak-air-balance-spring-dvulicev-672b646eb2a71.webp?1730897006
23009717-1-90-/-200,"Матрак AIR BALANCE SPRING, двулицев - 90 / 200","Антибактериален матрак с отлична опора и комфорт Двулицев матрак Air Balance е антибактериален матрак с перфектното съчетание опора и комфорт. Благодарение на добавената мемори пяна, матракът Air Balance Spring носи със себе си неподправен комфорт по време на сън. Този изключителен матрак е изработен от множество индивидуално опаковани многопластови пружинки и има 500 независими опорни точки на квадратен метър, които осигуряват не само по-добра опора, но и правилна ортопедична поддръжка на гръбначния стълб. Радвай се на прецизна опора, без точки на натиск за максимално добро разпределение на тежестта на тялото. Спи спокойно ден и нощ. Повърхността на матрак Air Balance Spring е прошита с антибактериален текстил с антиалергична защита, който сериозно възпрепятства растежа на бактериите. Радвай се на по-чист и здравословен сън. С добавените мемори частици и влакна, ще се почувстваш невероятно меко и удобно. Усети мекотaта докато спиш и се наслади на изживяването! Как постигнахме всичко това? ✓ Mултипокет стабилен мултипокет, осигуряващ необходимата опора за всяка една част на вашето тяло. ✓ Полиуретанова пяна Материал с добра плътност, който поддържа тялото и предотвратява създаването на изолирани зони на тежест и дискомфорт. Полиуретановата пяна е лесна за профилиране, което ѝ придава допълнителни анатомични свойства. ✓ Текстил Текстил с антибактериална третировка, прошивка с мемори пяна, частици дунапрен и влакна. За кого е подходящ матрак Air Balance Spring? Двулицев матрак Air Balance Spring ще зарадва тези от вас, които не правят компромис със здравето си и търсят ежедневна защита срещу бактериите. Матракът е произведен в България, стандартен TED клас, който ти осигурява 5 години гаранция, спокойствие и удовлетвореност.",Матраци,1,415.17,311.38,100,https://cdncloudcart.com/28510/products/images/11862/ortopedicen-matrak-astrea-ortho-dvulicev-copy-672b6463145b4.webp?1730896995|https://cdncloudcart.com/28510/products/images/11862/ortopedicen-matrak-astrea-ortho-dvulicev-copy-672b64653188d.webp?1730896997|https://cdncloudcart.com/28510/products/images/11862/ortopedicen-matrak-astrea-ortho-dvulicev-copy-672b64671ec9a.webp?1730896999|https://cdncloudcart.com/28510/products/images/11862/ortopedicen-matrak-astrea-ortho-dvulicev-copy-672b6468f3609.webp?1730897001|https://cdncloudcart.com/28510/products/images/11862/ortopedicen-matrak-astrea-ortho-dvulicev-copy-672b646ac3f93.webp?1730897002|https://cdncloudcart.com/28510/products/images/11862/matrak-air-balance-spring-dvulicev-672b646cadb5e.webp?1730897004|https://cdncloudcart.com/28510/products/images/11862/matrak-air-balance-spring-dvulicev-672b646eb2a71.webp?1730897006
23009717-1-120-/-190,"Матрак AIR BALANCE SPRING, двулицев - 120 / 190","Антибактериален матрак с отлична опора и комфорт Двулицев матрак Air Balance е антибактериален матрак с перфектното съчетание опора и комфорт. Благодарение на добавената мемори пяна, матракът Air Balance Spring носи със себе си неподправен комфорт по време на сън. Този изключителен матрак е изработен от множество индивидуално опаковани многопластови пружинки и има 500 независими опорни точки на квадратен метър, които осигуряват не само по-добра опора, но и правилна ортопедична поддръжка на гръбначния стълб. Радвай се на прецизна опора, без точки на натиск за максимално добро разпределение на тежестта на тялото. Спи спокойно ден и нощ. Повърхността на матрак Air Balance Spring е прошита с антибактериален текстил с антиалергична защита, който сериозно възпрепятства растежа на бактериите. Радвай се на по-чист и здравословен сън. С добавените мемори частици и влакна, ще се почувстваш невероятно меко и удобно. Усети мекотaта докато спиш и се наслади на изживяването! Как постигнахме всичко това? ✓ Mултипокет стабилен мултипокет, осигуряващ необходимата опора за всяка една част на вашето тяло. ✓ Полиуретанова пяна Материал с добра плътност, който поддържа тялото и предотвратява създаването на изолирани зони на тежест и дискомфорт. Полиуретановата пяна е лесна за профилиране, което ѝ придава допълнителни анатомични свойства. ✓ Текстил Текстил с антибактериална третировка, прошивка с мемори пяна, частици дунапрен и влакна. За кого е подходящ матрак Air Balance Spring? Двулицев матрак Air Balance Spring ще зарадва тези от вас, които не правят компромис със здравето си и търсят ежедневна защита срещу бактериите. Матракът е произведен в България, стандартен TED клас, който ти осигурява 5 години гаранция, спокойствие и удовлетвореност.",Матраци,1,528.16,396.12,100,https://cdncloudcart.com/28510/products/images/11862/ortopedicen-matrak-astrea-ortho-dvulicev-copy-672b6463145b4.webp?1730896995|https://cdncloudcart.com/28510/products/images/11862/ortopedicen-matrak-astrea-ortho-dvulicev-copy-672b64653188d.webp?1730896997|https://cdncloudcart.com/28510/products/images/11862/ortopedicen-matrak-astrea-ortho-dvulicev-copy-672b64671ec9a.webp?1730896999|https://cdncloudcart.com/28510/products/images/11862/ortopedicen-matrak-astrea-ortho-dvulicev-copy-672b6468f3609.webp?1730897001|https://cdncloudcart.com/28510/products/images/11862/ortopedicen-matrak-astrea-ortho-dvulicev-copy-672b646ac3f93.webp?1730897002|https://cdncloudcart.com/28510/products/images/11862/matrak-air-balance-spring-dvulicev-672b646cadb5e.webp?1730897004|https://cdncloudcart.com/28510/products/images/11862/matrak-air-balance-spring-dvulicev-672b646eb2a71.webp?1730897006
23009717-1-120-/-200,"Матрак AIR BALANCE SPRING, двулицев - 120 / 200","Антибактериален матрак с отлична опора и комфорт Двулицев матрак Air Balance е антибактериален матрак с перфектното съчетание опора и комфорт. Благодарение на добавената мемори пяна, матракът Air Balance Spring носи със себе си неподправен комфорт по време на сън. Този изключителен матрак е изработен от множество индивидуално опаковани многопластови пружинки и има 500 независими опорни точки на квадратен метър, които осигуряват не само по-добра опора, но и правилна ортопедична поддръжка на гръбначния стълб. Радвай се на прецизна опора, без точки на натиск за максимално добро разпределение на тежестта на тялото. Спи спокойно ден и нощ. Повърхността на матрак Air Balance Spring е прошита с антибактериален текстил с антиалергична защита, който сериозно възпрепятства растежа на бактериите. Радвай се на по-чист и здравословен сън. С добавените мемори частици и влакна, ще се почувстваш невероятно меко и удобно. Усети мекотaта докато спиш и се наслади на изживяването! Как постигнахме всичко това? ✓ Mултипокет стабилен мултипокет, осигуряващ необходимата опора за всяка една част на вашето тяло. ✓ Полиуретанова пяна Материал с добра плътност, който поддържа тялото и предотвратява създаването на изолирани зони на тежест и дискомфорт. Полиуретановата пяна е лесна за профилиране, което ѝ придава допълнителни анатомични свойства. ✓ Текстил Текстил с антибактериална третировка, прошивка с мемори пяна, частици дунапрен и влакна. За кого е подходящ матрак Air Balance Spring? Двулицев матрак Air Balance Spring ще зарадва тези от вас, които не правят компромис със здравето си и търсят ежедневна защита срещу бактериите. Матракът е произведен в България, стандартен TED клас, който ти осигурява 5 години гаранция, спокойствие и удовлетвореност.",Матраци,1,533.79,400.34,100,https://cdncloudcart.com/28510/products/images/11862/ortopedicen-matrak-astrea-ortho-dvulicev-copy-672b6463145b4.webp?1730896995|https://cdncloudcart.com/28510/products/images/11862/ortopedicen-matrak-astrea-ortho-dvulicev-copy-672b64653188d.webp?1730896997|https://cdncloudcart.com/28510/products/images/11862/ortopedicen-matrak-astrea-ortho-dvulicev-copy-672b64671ec9a.webp?1730896999|https://cdncloudcart.com/28510/products/images/11862/ortopedicen-matrak-astrea-ortho-dvulicev-copy-672b6468f3609.webp?1730897001|https://cdncloudcart.com/28510/products/images/11862/ortopedicen-matrak-astrea-ortho-dvulicev-copy-672b646ac3f93.webp?1730897002|https://cdncloudcart.com/28510/products/images/11862/matrak-air-balance-spring-dvulicev-672b646cadb5e.webp?1730897004|https://cdncloudcart.com/28510/products/images/11862/matrak-air-balance-spring-dvulicev-672b646eb2a71.webp?1730897006
23009717-1-140-/-200,"Матрак AIR BALANCE SPRING, двулицев - 140 / 200","Антибактериален матрак с отлична опора и комфорт Двулицев матрак Air Balance е антибактериален матрак с перфектното съчетание опора и комфорт. Благодарение на добавената мемори пяна, матракът Air Balance Spring носи със себе си неподправен комфорт по време на сън. Този изключителен матрак е изработен от множество индивидуално опаковани многопластови пружинки и има 500 независими опорни точки на квадратен метър, които осигуряват не само по-добра опора, но и правилна ортопедична поддръжка на гръбначния стълб. Радвай се на прецизна опора, без точки на натиск за максимално добро разпределение на тежестта на тялото. Спи спокойно ден и нощ. Повърхността на матрак Air Balance Spring е прошита с антибактериален текстил с антиалергична защита, който сериозно възпрепятства растежа на бактериите. Радвай се на по-чист и здравословен сън. С добавените мемори частици и влакна, ще се почувстваш невероятно меко и удобно. Усети мекотaта докато спиш и се наслади на изживяването! Как постигнахме всичко това? ✓ Mултипокет стабилен мултипокет, осигуряващ необходимата опора за всяка една част на вашето тяло. ✓ Полиуретанова пяна Материал с добра плътност, който поддържа тялото и предотвратява създаването на изолирани зони на тежест и дискомфорт. Полиуретановата пяна е лесна за профилиране, което ѝ придава допълнителни анатомични свойства. ✓ Текстил Текстил с антибактериална третировка, прошивка с мемори пяна, частици дунапрен и влакна. За кого е подходящ матрак Air Balance Spring? Двулицев матрак Air Balance Spring ще зарадва тези от вас, които не правят компромис със здравето си и търсят ежедневна защита срещу бактериите. Матракът е произведен в България, стандартен TED клас, който ти осигурява 5 години гаранция, спокойствие и удовлетвореност.",Матраци,1,646.27,484.70,100,https://cdncloudcart.com/28510/products/images/11862/ortopedicen-matrak-astrea-ortho-dvulicev-copy-672b6463145b4.webp?1730896995|https://cdncloudcart.com/28510/products/images/11862/ortopedicen-matrak-astrea-ortho-dvulicev-copy-672b64653188d.webp?1730896997|https://cdncloudcart.com/28510/products/images/11862/ortopedicen-matrak-astrea-ortho-dvulicev-copy-672b64671ec9a.webp?1730896999|https://cdncloudcart.com/28510/products/images/11862/ortopedicen-matrak-astrea-ortho-dvulicev-copy-672b6468f3609.webp?1730897001|https://cdncloudcart.com/28510/products/images/11862/ortopedicen-matrak-astrea-ortho-dvulicev-copy-672b646ac3f93.webp?1730897002|https://cdncloudcart.com/28510/products/images/11862/matrak-air-balance-spring-dvulicev-672b646cadb5e.webp?1730897004|https://cdncloudcart.com/28510/products/images/11862/matrak-air-balance-spring-dvulicev-672b646eb2a71.webp?1730897006
23009717-1-144-/-190,"Матрак AIR BALANCE SPRING, двулицев - 144 / 190","Антибактериален матрак с отлична опора и комфорт Двулицев матрак Air Balance е антибактериален матрак с перфектното съчетание опора и комфорт. Благодарение на добавената мемори пяна, матракът Air Balance Spring носи със себе си неподправен комфорт по време на сън. Този изключителен матрак е изработен от множество индивидуално опаковани многопластови пружинки и има 500 независими опорни точки на квадратен метър, които осигуряват не само по-добра опора, но и правилна ортопедична поддръжка на гръбначния стълб. Радвай се на прецизна опора, без точки на натиск за максимално добро разпределение на тежестта на тялото. Спи спокойно ден и нощ. Повърхността на матрак Air Balance Spring е прошита с антибактериален текстил с антиалергична защита, който сериозно възпрепятства растежа на бактериите. Радвай се на по-чист и здравословен сън. С добавените мемори частици и влакна, ще се почувстваш невероятно меко и удобно. Усети мекотaта докато спиш и се наслади на изживяването! Как постигнахме всичко това? ✓ Mултипокет стабилен мултипокет, осигуряващ необходимата опора за всяка една част на вашето тяло. ✓ Полиуретанова пяна Материал с добра плътност, който поддържа тялото и предотвратява създаването на изолирани зони на тежест и дискомфорт. Полиуретановата пяна е лесна за профилиране, което ѝ придава допълнителни анатомични свойства. ✓ Текстил Текстил с антибактериална третировка, прошивка с мемори пяна, частици дунапрен и влакна. За кого е подходящ матрак Air Balance Spring? Двулицев матрак Air Balance Spring ще зарадва тези от вас, които не правят компромис със здравето си и търсят ежедневна защита срещу бактериите. Матракът е произведен в България, стандартен TED клас, който ти осигурява 5 години гаранция, спокойствие и удовлетвореност.",Матраци,1,619.17,464.38,100,https://cdncloudcart.com/28510/products/images/11862/ortopedicen-matrak-astrea-ortho-dvulicev-copy-672b6463145b4.webp?1730896995|https://cdncloudcart.com/28510/products/images/11862/ortopedicen-matrak-astrea-ortho-dvulicev-copy-672b64653188d.webp?1730896997|https://cdncloudcart.com/28510/products/images/11862/ortopedicen-matrak-astrea-ortho-dvulicev-copy-672b64671ec9a.webp?1730896999|https://cdncloudcart.com/28510/products/images/11862/ortopedicen-matrak-astrea-ortho-dvulicev-copy-672b6468f3609.webp?1730897001|https://cdncloudcart.com/28510/products/images/11862/ortopedicen-matrak-astrea-ortho-dvulicev-copy-672b646ac3f93.webp?1730897002|https://cdncloudcart.com/28510/products/images/11862/matrak-air-balance-spring-dvulicev-672b646cadb5e.webp?1730897004|https://cdncloudcart.com/28510/products/images/11862/matrak-air-balance-spring-dvulicev-672b646eb2a71.webp?1730897006
23009717-1-160-/-200,"Матрак AIR BALANCE SPRING, двулицев - 160 / 200","Антибактериален матрак с отлична опора и комфорт Двулицев матрак Air Balance е антибактериален матрак с перфектното съчетание опора и комфорт. Благодарение на добавената мемори пяна, матракът Air Balance Spring носи със себе си неподправен комфорт по време на сън. Този изключителен матрак е изработен от множество индивидуално опаковани многопластови пружинки и има 500 независими опорни точки на квадратен метър, които осигуряват не само по-добра опора, но и правилна ортопедична поддръжка на гръбначния стълб. Радвай се на прецизна опора, без точки на натиск за максимално добро разпределение на тежестта на тялото. Спи спокойно ден и нощ. Повърхността на матрак Air Balance Spring е прошита с антибактериален текстил с антиалергична защита, който сериозно възпрепятства растежа на бактериите. Радвай се на по-чист и здравословен сън. С добавените мемори частици и влакна, ще се почувстваш невероятно меко и удобно. Усети мекотaта докато спиш и се наслади на изживяването! Как постигнахме всичко това? ✓ Mултипокет стабилен мултипокет, осигуряващ необходимата опора за всяка една част на вашето тяло. ✓ Полиуретанова пяна Материал с добра плътност, който поддържа тялото и предотвратява създаването на изолирани зони на тежест и дискомфорт. Полиуретановата пяна е лесна за профилиране, което ѝ придава допълнителни анатомични свойства. ✓ Текстил Текстил с антибактериална третировка, прошивка с мемори пяна, частици дунапрен и влакна. За кого е подходящ матрак Air Balance Spring? Двулицев матрак Air Balance Spring ще зарадва тези от вас, които не правят компромис със здравето си и търсят ежедневна защита срещу бактериите. Матракът е произведен в България, стандартен TED клас, който ти осигурява 5 години гаранция, спокойствие и удовлетвореност.",Матраци,1,705.58,529.19,100,https://cdncloudcart.com/28510/products/images/11862/ortopedicen-matrak-astrea-ortho-dvulicev-copy-672b6463145b4.webp?1730896995|https://cdncloudcart.com/28510/products/images/11862/ortopedicen-matrak-astrea-ortho-dvulicev-copy-672b64653188d.webp?1730896997|https://cdncloudcart.com/28510/products/images/11862/ortopedicen-matrak-astrea-ortho-dvulicev-copy-672b64671ec9a.webp?1730896999|https://cdncloudcart.com/28510/products/images/11862/ortopedicen-matrak-astrea-ortho-dvulicev-copy-672b6468f3609.webp?1730897001|https://cdncloudcart.com/28510/products/images/11862/ortopedicen-matrak-astrea-ortho-dvulicev-copy-672b646ac3f93.webp?1730897002|https://cdncloudcart.com/28510/products/images/11862/matrak-air-balance-spring-dvulicev-672b646cadb5e.webp?1730897004|https://cdncloudcart.com/28510/products/images/11862/matrak-air-balance-spring-dvulicev-672b646eb2a71.webp?1730897006
23009717-1-164-/-190,"Матрак AIR BALANCE SPRING, двулицев - 164 / 190","Антибактериален матрак с отлична опора и комфорт Двулицев матрак Air Balance е антибактериален матрак с перфектното съчетание опора и комфорт. Благодарение на добавената мемори пяна, матракът Air Balance Spring носи със себе си неподправен комфорт по време на сън. Този изключителен матрак е изработен от множество индивидуално опаковани многопластови пружинки и има 500 независими опорни точки на квадратен метър, които осигуряват не само по-добра опора, но и правилна ортопедична поддръжка на гръбначния стълб. Радвай се на прецизна опора, без точки на натиск за максимално добро разпределение на тежестта на тялото. Спи спокойно ден и нощ. Повърхността на матрак Air Balance Spring е прошита с антибактериален текстил с антиалергична защита, който сериозно възпрепятства растежа на бактериите. Радвай се на по-чист и здравословен сън. С добавените мемори частици и влакна, ще се почувстваш невероятно меко и удобно. Усети мекотaта докато спиш и се наслади на изживяването! Как постигнахме всичко това? ✓ Mултипокет стабилен мултипокет, осигуряващ необходимата опора за всяка една част на вашето тяло. ✓ Полиуретанова пяна Материал с добра плътност, който поддържа тялото и предотвратява създаването на изолирани зони на тежест и дискомфорт. Полиуретановата пяна е лесна за профилиране, което ѝ придава допълнителни анатомични свойства. ✓ Текстил Текстил с антибактериална третировка, прошивка с мемори пяна, частици дунапрен и влакна. За кого е подходящ матрак Air Balance Spring? Двулицев матрак Air Balance Spring ще зарадва тези от вас, които не правят компромис със здравето си и търсят ежедневна защита срещу бактериите. Матракът е произведен в България, стандартен TED клас, който ти осигурява 5 години гаранция, спокойствие и удовлетвореност.",Матраци,1,680.02,510.01,100,https://cdncloudcart.com/28510/products/images/11862/ortopedicen-matrak-astrea-ortho-dvulicev-copy-672b6463145b4.webp?1730896995|https://cdncloudcart.com/28510/products/images/11862/ortopedicen-matrak-astrea-ortho-dvulicev-copy-672b64653188d.webp?1730896997|https://cdncloudcart.com/28510/products/images/11862/ortopedicen-matrak-astrea-ortho-dvulicev-copy-672b64671ec9a.webp?1730896999|https://cdncloudcart.com/28510/products/images/11862/ortopedicen-matrak-astrea-ortho-dvulicev-copy-672b6468f3609.webp?1730897001|https://cdncloudcart.com/28510/products/images/11862/ortopedicen-matrak-astrea-ortho-dvulicev-copy-672b646ac3f93.webp?1730897002|https://cdncloudcart.com/28510/products/images/11862/matrak-air-balance-spring-dvulicev-672b646cadb5e.webp?1730897004|https://cdncloudcart.com/28510/products/images/11862/matrak-air-balance-spring-dvulicev-672b646eb2a71.webp?1730897006
23009717-1-180-/-200,"Матрак AIR BALANCE SPRING, двулицев - 180 / 200","Антибактериален матрак с отлична опора и комфорт Двулицев матрак Air Balance е антибактериален матрак с перфектното съчетание опора и комфорт. Благодарение на добавената мемори пяна, матракът Air Balance Spring носи със себе си неподправен комфорт по време на сън. Този изключителен матрак е изработен от множество индивидуално опаковани многопластови пружинки и има 500 независими опорни точки на квадратен метър, които осигуряват не само по-добра опора, но и правилна ортопедична поддръжка на гръбначния стълб. Радвай се на прецизна опора, без точки на натиск за максимално добро разпределение на тежестта на тялото. Спи спокойно ден и нощ. Повърхността на матрак Air Balance Spring е прошита с антибактериален текстил с антиалергична защита, който сериозно възпрепятства растежа на бактериите. Радвай се на по-чист и здравословен сън. С добавените мемори частици и влакна, ще се почувстваш невероятно меко и удобно. Усети мекотaта докато спиш и се наслади на изживяването! Как постигнахме всичко това? ✓ Mултипокет стабилен мултипокет, осигуряващ необходимата опора за всяка една част на вашето тяло. ✓ Полиуретанова пяна Материал с добра плътност, който поддържа тялото и предотвратява създаването на изолирани зони на тежест и дискомфорт. Полиуретановата пяна е лесна за профилиране, което ѝ придава допълнителни анатомични свойства. ✓ Текстил Текстил с антибактериална третировка, прошивка с мемори пяна, частици дунапрен и влакна. За кого е подходящ матрак Air Balance Spring? Двулицев матрак Air Balance Spring ще зарадва тези от вас, които не правят компромис със здравето си и търсят ежедневна защита срещу бактериите. Матракът е произведен в България, стандартен TED клас, който ти осигурява 5 години гаранция, спокойствие и удовлетвореност.",Матраци,1,744.95,558.71,100,https://cdncloudcart.com/28510/products/images/11862/ortopedicen-matrak-astrea-ortho-dvulicev-copy-672b6463145b4.webp?1730896995|https://cdncloudcart.com/28510/products/images/11862/ortopedicen-matrak-astrea-ortho-dvulicev-copy-672b64653188d.webp?1730896997|https://cdncloudcart.com/28510/products/images/11862/ortopedicen-matrak-astrea-ortho-dvulicev-copy-672b64671ec9a.webp?1730896999|https://cdncloudcart.com/28510/products/images/11862/ortopedicen-matrak-astrea-ortho-dvulicev-copy-672b6468f3609.webp?1730897001|https://cdncloudcart.com/28510/products/images/11862/ortopedicen-matrak-astrea-ortho-dvulicev-copy-672b646ac3f93.webp?1730897002|https://cdncloudcart.com/28510/products/images/11862/matrak-air-balance-spring-dvulicev-672b646cadb5e.webp?1730897004|https://cdncloudcart.com/28510/products/images/11862/matrak-air-balance-spring-dvulicev-672b646eb2a71.webp?1730897006
23009848- 1-82-/-190,"Матрак ACTIVE SENSE, двулицев - 82 / 190","Спокойствие у дома Искаш спокоен сън &ndash; разполагаш се върху матрак Active Sense и го получаваш! Предпази се от акари и статично електричество с двулицевия матрак от пяна Active Sense. Спи непробудно през цялата нощ, а на сутринта се почувствай по-енергичен отвсякога. Благодарение на карбоновите влакна, този матрак ти осигурява спокоен сън, нощ след нощ. Профилираното му ядро за анатомична поддръжка на тялото се грижи за подобреното кръвообращение по време на сън. Повърхността на матрак Active Sense обогатихме с полиестерни влакна, за да елиминираме точките на напрежение и да ти помогнем да се отпуснеш максимално. Как постигнахме този толкова сполучлив резултат? ✓ Полиуретанова пяна Материал с добра плътност, който поддържа тялото, без да създава точки на напрежение. Пенополиуретанът е лесен за профилиране, което му придава допълнителни анатомични свойства. ✓ Текстил Микрофибър &ldquo;Carbon Anti-stress&rdquo; с втъкани карбонови нишки, полиестерни влакна, нетъкан текстил. За кого е подходящ матрак Active Sense? Двулицев матрак Active Sense е продукт на разумна цена, който е създаден, за да подобри опората на тялото и да се бори с акарите и статичното електричество. Матракът е произведен в България, стандартен TED клас, който ти осигурява 2 гаранция и защита.",Матраци,1,240.31,180.23,100,https://cdncloudcart.com/28510/products/images/11863/matrak-air-balance-spring-dvulicev-copy-672b6533650c2.webp?1730897203|https://cdncloudcart.com/28510/products/images/11863/matrak-air-balance-spring-dvulicev-copy-672b6535d5739.webp?1730897205
23009848- 1-120-/-200,"Матрак ACTIVE SENSE, двулицев - 120 / 200","Спокойствие у дома Искаш спокоен сън &ndash; разполагаш се върху матрак Active Sense и го получаваш! Предпази се от акари и статично електричество с двулицевия матрак от пяна Active Sense. Спи непробудно през цялата нощ, а на сутринта се почувствай по-енергичен отвсякога. Благодарение на карбоновите влакна, този матрак ти осигурява спокоен сън, нощ след нощ. Профилираното му ядро за анатомична поддръжка на тялото се грижи за подобреното кръвообращение по време на сън. Повърхността на матрак Active Sense обогатихме с полиестерни влакна, за да елиминираме точките на напрежение и да ти помогнем да се отпуснеш максимално. Как постигнахме този толкова сполучлив резултат? ✓ Полиуретанова пяна Материал с добра плътност, който поддържа тялото, без да създава точки на напрежение. Пенополиуретанът е лесен за профилиране, което му придава допълнителни анатомични свойства. ✓ Текстил Микрофибър &ldquo;Carbon Anti-stress&rdquo; с втъкани карбонови нишки, полиестерни влакна, нетъкан текстил. За кого е подходящ матрак Active Sense? Двулицев матрак Active Sense е продукт на разумна цена, който е създаден, за да подобри опората на тялото и да се бори с акарите и статичното електричество. Матракът е произведен в България, стандартен TED клас, който ти осигурява 2 гаранция и защита.",Матраци,1,336.43,252.32,100,https://cdncloudcart.com/28510/products/images/11863/matrak-air-balance-spring-dvulicev-copy-672b6533650c2.webp?1730897203|https://cdncloudcart.com/28510/products/images/11863/matrak-air-balance-spring-dvulicev-copy-672b6535d5739.webp?1730897205
23009848- 1-140-/-200,"Матрак ACTIVE SENSE, двулицев - 140 / 200","Спокойствие у дома Искаш спокоен сън &ndash; разполагаш се върху матрак Active Sense и го получаваш! Предпази се от акари и статично електричество с двулицевия матрак от пяна Active Sense. Спи непробудно през цялата нощ, а на сутринта се почувствай по-енергичен отвсякога. Благодарение на карбоновите влакна, този матрак ти осигурява спокоен сън, нощ след нощ. Профилираното му ядро за анатомична поддръжка на тялото се грижи за подобреното кръвообращение по време на сън. Повърхността на матрак Active Sense обогатихме с полиестерни влакна, за да елиминираме точките на напрежение и да ти помогнем да се отпуснеш максимално. Как постигнахме този толкова сполучлив резултат? ✓ Полиуретанова пяна Материал с добра плътност, който поддържа тялото, без да създава точки на напрежение. Пенополиуретанът е лесен за профилиране, което му придава допълнителни анатомични свойства. ✓ Текстил Микрофибър &ldquo;Carbon Anti-stress&rdquo; с втъкани карбонови нишки, полиестерни влакна, нетъкан текстил. За кого е подходящ матрак Active Sense? Двулицев матрак Active Sense е продукт на разумна цена, който е създаден, за да подобри опората на тялото и да се бори с акарите и статичното електричество. Матракът е произведен в България, стандартен TED клас, който ти осигурява 2 гаранция и защита.",Матраци,1,378.36,283.77,100,https://cdncloudcart.com/28510/products/images/11863/matrak-air-balance-spring-dvulicev-copy-672b6533650c2.webp?1730897203|https://cdncloudcart.com/28510/products/images/11863/matrak-air-balance-spring-dvulicev-copy-672b6535d5739.webp?1730897205
23009848- 1-160-/-200,"Матрак ACTIVE SENSE, двулицев - 160 / 200","Спокойствие у дома Искаш спокоен сън &ndash; разполагаш се върху матрак Active Sense и го получаваш! Предпази се от акари и статично електричество с двулицевия матрак от пяна Active Sense. Спи непробудно през цялата нощ, а на сутринта се почувствай по-енергичен отвсякога. Благодарение на карбоновите влакна, този матрак ти осигурява спокоен сън, нощ след нощ. Профилираното му ядро за анатомична поддръжка на тялото се грижи за подобреното кръвообращение по време на сън. Повърхността на матрак Active Sense обогатихме с полиестерни влакна, за да елиминираме точките на напрежение и да ти помогнем да се отпуснеш максимално. Как постигнахме този толкова сполучлив резултат? ✓ Полиуретанова пяна Материал с добра плътност, който поддържа тялото, без да създава точки на напрежение. Пенополиуретанът е лесен за профилиране, което му придава допълнителни анатомични свойства. ✓ Текстил Микрофибър &ldquo;Carbon Anti-stress&rdquo; с втъкани карбонови нишки, полиестерни влакна, нетъкан текстил. За кого е подходящ матрак Active Sense? Двулицев матрак Active Sense е продукт на разумна цена, който е създаден, за да подобри опората на тялото и да се бори с акарите и статичното електричество. Матракът е произведен в България, стандартен TED клас, който ти осигурява 2 гаранция и защита.",Матраци,1,449.43,337.07,100,https://cdncloudcart.com/28510/products/images/11863/matrak-air-balance-spring-dvulicev-copy-672b6533650c2.webp?1730897203|https://cdncloudcart.com/28510/products/images/11863/matrak-air-balance-spring-dvulicev-copy-672b6535d5739.webp?1730897205
23009848- 1-164-/-190,"Матрак ACTIVE SENSE, двулицев - 164 / 190","Спокойствие у дома Искаш спокоен сън &ndash; разполагаш се върху матрак Active Sense и го получаваш! Предпази се от акари и статично електричество с двулицевия матрак от пяна Active Sense. Спи непробудно през цялата нощ, а на сутринта се почувствай по-енергичен отвсякога. Благодарение на карбоновите влакна, този матрак ти осигурява спокоен сън, нощ след нощ. Профилираното му ядро за анатомична поддръжка на тялото се грижи за подобреното кръвообращение по време на сън. Повърхността на матрак Active Sense обогатихме с полиестерни влакна, за да елиминираме точките на напрежение и да ти помогнем да се отпуснеш максимално. Как постигнахме този толкова сполучлив резултат? ✓ Полиуретанова пяна Материал с добра плътност, който поддържа тялото, без да създава точки на напрежение. Пенополиуретанът е лесен за профилиране, което му придава допълнителни анатомични свойства. ✓ Текстил Микрофибър &ldquo;Carbon Anti-stress&rdquo; с втъкани карбонови нишки, полиестерни влакна, нетъкан текстил. За кого е подходящ матрак Active Sense? Двулицев матрак Active Sense е продукт на разумна цена, който е създаден, за да подобри опората на тялото и да се бори с акарите и статичното електричество. Матракът е произведен в България, стандартен TED клас, който ти осигурява 2 гаранция и защита.",Матраци,1,441.24,330.93,100,https://cdncloudcart.com/28510/products/images/11863/matrak-air-balance-spring-dvulicev-copy-672b6533650c2.webp?1730897203|https://cdncloudcart.com/28510/products/images/11863/matrak-air-balance-spring-dvulicev-copy-672b6535d5739.webp?1730897205
23009790-1-82-/-190,"Матрак ADRY COOL MAX, двулицев - 82 / 190","Матрак за цялото семейство Матракът Adry Cool МAX e нов хибриден матрак от колекцията на TED, който е подобрен модел и е обогатен с двойно повече мемори пяна и 2 страни с различно усещане и комфорт. Матрак Adry Cool Max е с терморегулираща Cool Gel пяна, която се грижи и балансира темепературата на тялото по време на сън. Поддържай лесно хигиената му, тъй като външният калъф е лесно сваляем и е подходящ за машинно пране. Благодарение на отличната вентилация на матрака, си предпазен от развитие на микроорганизми. Cool Gel пяната благоприятства за добра температура и има охлаждащо действие. Съставен е от 7-зонова мултипокет пружинна система за прецизна опора без точки на натиск, 7-зоновo профилирана HD пяна, която е устойчива, зонирана пяна с висока плътност и с отлични ергономични свойства, Cool Gel мемори пяна, полиуретанова Body Care&trade; пяна. Вътрешеният му калъф с цип е от 100% памук, а луксозният текстил TED Balance е обогатен с нежни към кожата нишки и е с антистатични свойства. Успешната комбинация получихме от: ✓ 7 зонов пружинен мултипокет модул Система от индивидуално пакетирани пружинки, с над 400 броя независими опорни точки на квадратен метър, които реагират прецизно на движенията и формата на тялото и осигуряват оптимална поддръжка, без чувство на напрежение и натиск. ✓ Профилирана HD пяна ✓ Cool Gel мемори пяна Мемори пяна с капки охлаждащ гел. Охлаждащият ефект от гела създава приятна среда за сън, а текстурата му придава още поголяма адаптивност и мекота на пяната ✓ Полиуретанова пяна Материал с добра плътност, но едновременно и с добра еластичност. Оказва стабилна поддръжка, без да създава точки на напрежение. Пенополиуретанът е лесен за профилиране, което му придава допълнителни анатомични свойства. ✓ Текстил Tекстил TED Balancе с антистатично третиране За кого е подходящ матрак Adry Cool MAX? Двулицев матрак Adry Cool MAX е идеален за хора, които търсят прохлада и искат да се радват на добър температурен баланс по време на сън. Матракът е произведен в България и идва до вратата ти с 10 годишна гаранция.",Матраци,1,394.21,295.66,100,https://cdncloudcart.com/28510/products/images/11864/matrak-air-balance-spring-dvulicev-copy-672b66ae78d66.webp?1730897582|https://cdncloudcart.com/28510/products/images/11864/matrak-air-balance-spring-dvulicev-copy-672b66b0a6f4d.webp?1730897584|https://cdncloudcart.com/28510/products/images/11864/matrak-air-balance-spring-dvulicev-copy-672b66b28bfbd.webp?1730897586|https://cdncloudcart.com/28510/products/images/11864/matrak-air-balance-spring-dvulicev-copy-672b66b45f840.webp?1730897588|https://cdncloudcart.com/28510/products/images/11864/matrak-air-balance-spring-dvulicev-copy-672b66b636e72.webp?1730897590
23009790-1-90-/-200,"Матрак ADRY COOL MAX, двулицев - 90 / 200","Матрак за цялото семейство Матракът Adry Cool МAX e нов хибриден матрак от колекцията на TED, който е подобрен модел и е обогатен с двойно повече мемори пяна и 2 страни с различно усещане и комфорт. Матрак Adry Cool Max е с терморегулираща Cool Gel пяна, която се грижи и балансира темепературата на тялото по време на сън. Поддържай лесно хигиената му, тъй като външният калъф е лесно сваляем и е подходящ за машинно пране. Благодарение на отличната вентилация на матрака, си предпазен от развитие на микроорганизми. Cool Gel пяната благоприятства за добра температура и има охлаждащо действие. Съставен е от 7-зонова мултипокет пружинна система за прецизна опора без точки на натиск, 7-зоновo профилирана HD пяна, която е устойчива, зонирана пяна с висока плътност и с отлични ергономични свойства, Cool Gel мемори пяна, полиуретанова Body Care&trade; пяна. Вътрешеният му калъф с цип е от 100% памук, а луксозният текстил TED Balance е обогатен с нежни към кожата нишки и е с антистатични свойства. Успешната комбинация получихме от: ✓ 7 зонов пружинен мултипокет модул Система от индивидуално пакетирани пружинки, с над 400 броя независими опорни точки на квадратен метър, които реагират прецизно на движенията и формата на тялото и осигуряват оптимална поддръжка, без чувство на напрежение и натиск. ✓ Профилирана HD пяна ✓ Cool Gel мемори пяна Мемори пяна с капки охлаждащ гел. Охлаждащият ефект от гела създава приятна среда за сън, а текстурата му придава още поголяма адаптивност и мекота на пяната ✓ Полиуретанова пяна Материал с добра плътност, но едновременно и с добра еластичност. Оказва стабилна поддръжка, без да създава точки на напрежение. Пенополиуретанът е лесен за профилиране, което му придава допълнителни анатомични свойства. ✓ Текстил Tекстил TED Balancе с антистатично третиране За кого е подходящ матрак Adry Cool MAX? Двулицев матрак Adry Cool MAX е идеален за хора, които търсят прохлада и искат да се радват на добър температурен баланс по време на сън. Матракът е произведен в България и идва до вратата ти с 10 годишна гаранция.",Матраци,1,431.02,323.26,100,https://cdncloudcart.com/28510/products/images/11864/matrak-air-balance-spring-dvulicev-copy-672b66ae78d66.webp?1730897582|https://cdncloudcart.com/28510/products/images/11864/matrak-air-balance-spring-dvulicev-copy-672b66b0a6f4d.webp?1730897584|https://cdncloudcart.com/28510/products/images/11864/matrak-air-balance-spring-dvulicev-copy-672b66b28bfbd.webp?1730897586|https://cdncloudcart.com/28510/products/images/11864/matrak-air-balance-spring-dvulicev-copy-672b66b45f840.webp?1730897588|https://cdncloudcart.com/28510/products/images/11864/matrak-air-balance-spring-dvulicev-copy-672b66b636e72.webp?1730897590
23009790-1-120-/-200,"Матрак ADRY COOL MAX, двулицев - 120 / 200","Матрак за цялото семейство Матракът Adry Cool МAX e нов хибриден матрак от колекцията на TED, който е подобрен модел и е обогатен с двойно повече мемори пяна и 2 страни с различно усещане и комфорт. Матрак Adry Cool Max е с терморегулираща Cool Gel пяна, която се грижи и балансира темепературата на тялото по време на сън. Поддържай лесно хигиената му, тъй като външният калъф е лесно сваляем и е подходящ за машинно пране. Благодарение на отличната вентилация на матрака, си предпазен от развитие на микроорганизми. Cool Gel пяната благоприятства за добра температура и има охлаждащо действие. Съставен е от 7-зонова мултипокет пружинна система за прецизна опора без точки на натиск, 7-зоновo профилирана HD пяна, която е устойчива, зонирана пяна с висока плътност и с отлични ергономични свойства, Cool Gel мемори пяна, полиуретанова Body Care&trade; пяна. Вътрешеният му калъф с цип е от 100% памук, а луксозният текстил TED Balance е обогатен с нежни към кожата нишки и е с антистатични свойства. Успешната комбинация получихме от: ✓ 7 зонов пружинен мултипокет модул Система от индивидуално пакетирани пружинки, с над 400 броя независими опорни точки на квадратен метър, които реагират прецизно на движенията и формата на тялото и осигуряват оптимална поддръжка, без чувство на напрежение и натиск. ✓ Профилирана HD пяна ✓ Cool Gel мемори пяна Мемори пяна с капки охлаждащ гел. Охлаждащият ефект от гела създава приятна среда за сън, а текстурата му придава още поголяма адаптивност и мекота на пяната ✓ Полиуретанова пяна Материал с добра плътност, но едновременно и с добра еластичност. Оказва стабилна поддръжка, без да създава точки на напрежение. Пенополиуретанът е лесен за профилиране, което му придава допълнителни анатомични свойства. ✓ Текстил Tекстил TED Balancе с антистатично третиране За кого е подходящ матрак Adry Cool MAX? Двулицев матрак Adry Cool MAX е идеален за хора, които търсят прохлада и искат да се радват на добър температурен баланс по време на сън. Матракът е произведен в България и идва до вратата ти с 10 годишна гаранция.",Матраци,1,618.66,464.00,100,https://cdncloudcart.com/28510/products/images/11864/matrak-air-balance-spring-dvulicev-copy-672b66ae78d66.webp?1730897582|https://cdncloudcart.com/28510/products/images/11864/matrak-air-balance-spring-dvulicev-copy-672b66b0a6f4d.webp?1730897584|https://cdncloudcart.com/28510/products/images/11864/matrak-air-balance-spring-dvulicev-copy-672b66b28bfbd.webp?1730897586|https://cdncloudcart.com/28510/products/images/11864/matrak-air-balance-spring-dvulicev-copy-672b66b45f840.webp?1730897588|https://cdncloudcart.com/28510/products/images/11864/matrak-air-balance-spring-dvulicev-copy-672b66b636e72.webp?1730897590
23009790-1-140-/-200,"Матрак ADRY COOL MAX, двулицев - 140 / 200","Матрак за цялото семейство Матракът Adry Cool МAX e нов хибриден матрак от колекцията на TED, който е подобрен модел и е обогатен с двойно повече мемори пяна и 2 страни с различно усещане и комфорт. Матрак Adry Cool Max е с терморегулираща Cool Gel пяна, която се грижи и балансира темепературата на тялото по време на сън. Поддържай лесно хигиената му, тъй като външният калъф е лесно сваляем и е подходящ за машинно пране. Благодарение на отличната вентилация на матрака, си предпазен от развитие на микроорганизми. Cool Gel пяната благоприятства за добра температура и има охлаждащо действие. Съставен е от 7-зонова мултипокет пружинна система за прецизна опора без точки на натиск, 7-зоновo профилирана HD пяна, която е устойчива, зонирана пяна с висока плътност и с отлични ергономични свойства, Cool Gel мемори пяна, полиуретанова Body Care&trade; пяна. Вътрешеният му калъф с цип е от 100% памук, а луксозният текстил TED Balance е обогатен с нежни към кожата нишки и е с антистатични свойства. Успешната комбинация получихме от: ✓ 7 зонов пружинен мултипокет модул Система от индивидуално пакетирани пружинки, с над 400 броя независими опорни точки на квадратен метър, които реагират прецизно на движенията и формата на тялото и осигуряват оптимална поддръжка, без чувство на напрежение и натиск. ✓ Профилирана HD пяна ✓ Cool Gel мемори пяна Мемори пяна с капки охлаждащ гел. Охлаждащият ефект от гела създава приятна среда за сън, а текстурата му придава още поголяма адаптивност и мекота на пяната ✓ Полиуретанова пяна Материал с добра плътност, но едновременно и с добра еластичност. Оказва стабилна поддръжка, без да създава точки на напрежение. Пенополиуретанът е лесен за профилиране, което му придава допълнителни анатомични свойства. ✓ Текстил Tекстил TED Balancе с антистатично третиране За кого е подходящ матрак Adry Cool MAX? Двулицев матрак Adry Cool MAX е идеален за хора, които търсят прохлада и искат да се радват на добър температурен баланс по време на сън. Матракът е произведен в България и идва до вратата ти с 10 годишна гаранция.",Матраци,1,705.58,529.19,100,https://cdncloudcart.com/28510/products/images/11864/matrak-air-balance-spring-dvulicev-copy-672b66ae78d66.webp?1730897582|https://cdncloudcart.com/28510/products/images/11864/matrak-air-balance-spring-dvulicev-copy-672b66b0a6f4d.webp?1730897584|https://cdncloudcart.com/28510/products/images/11864/matrak-air-balance-spring-dvulicev-copy-672b66b28bfbd.webp?1730897586|https://cdncloudcart.com/28510/products/images/11864/matrak-air-balance-spring-dvulicev-copy-672b66b45f840.webp?1730897588|https://cdncloudcart.com/28510/products/images/11864/matrak-air-balance-spring-dvulicev-copy-672b66b636e72.webp?1730897590
23009790-1-144-/-190,"Матрак ADRY COOL MAX, двулицев - 144 / 190","Матрак за цялото семейство Матракът Adry Cool МAX e нов хибриден матрак от колекцията на TED, който е подобрен модел и е обогатен с двойно повече мемори пяна и 2 страни с различно усещане и комфорт. Матрак Adry Cool Max е с терморегулираща Cool Gel пяна, която се грижи и балансира темепературата на тялото по време на сън. Поддържай лесно хигиената му, тъй като външният калъф е лесно сваляем и е подходящ за машинно пране. Благодарение на отличната вентилация на матрака, си предпазен от развитие на микроорганизми. Cool Gel пяната благоприятства за добра температура и има охлаждащо действие. Съставен е от 7-зонова мултипокет пружинна система за прецизна опора без точки на натиск, 7-зоновo профилирана HD пяна, която е устойчива, зонирана пяна с висока плътност и с отлични ергономични свойства, Cool Gel мемори пяна, полиуретанова Body Care&trade; пяна. Вътрешеният му калъф с цип е от 100% памук, а луксозният текстил TED Balance е обогатен с нежни към кожата нишки и е с антистатични свойства. Успешната комбинация получихме от: ✓ 7 зонов пружинен мултипокет модул Система от индивидуално пакетирани пружинки, с над 400 броя независими опорни точки на квадратен метър, които реагират прецизно на движенията и формата на тялото и осигуряват оптимална поддръжка, без чувство на напрежение и натиск. ✓ Профилирана HD пяна ✓ Cool Gel мемори пяна Мемори пяна с капки охлаждащ гел. Охлаждащият ефект от гела създава приятна среда за сън, а текстурата му придава още поголяма адаптивност и мекота на пяната ✓ Полиуретанова пяна Материал с добра плътност, но едновременно и с добра еластичност. Оказва стабилна поддръжка, без да създава точки на напрежение. Пенополиуретанът е лесен за профилиране, което му придава допълнителни анатомични свойства. ✓ Текстил Tекстил TED Balancе с антистатично третиране За кого е подходящ матрак Adry Cool MAX? Двулицев матрак Adry Cool MAX е идеален за хора, които търсят прохлада и искат да се радват на добър температурен баланс по време на сън. Матракът е произведен в България и идва до вратата ти с 10 годишна гаранция.",Матраци,1,691.78,518.84,100,https://cdncloudcart.com/28510/products/images/11864/matrak-air-balance-spring-dvulicev-copy-672b66ae78d66.webp?1730897582|https://cdncloudcart.com/28510/products/images/11864/matrak-air-balance-spring-dvulicev-copy-672b66b0a6f4d.webp?1730897584|https://cdncloudcart.com/28510/products/images/11864/matrak-air-balance-spring-dvulicev-copy-672b66b28bfbd.webp?1730897586|https://cdncloudcart.com/28510/products/images/11864/matrak-air-balance-spring-dvulicev-copy-672b66b45f840.webp?1730897588|https://cdncloudcart.com/28510/products/images/11864/matrak-air-balance-spring-dvulicev-copy-672b66b636e72.webp?1730897590
23009790-1-160-/-200,"Матрак ADRY COOL MAX, двулицев - 160 / 200","Матрак за цялото семейство Матракът Adry Cool МAX e нов хибриден матрак от колекцията на TED, който е подобрен модел и е обогатен с двойно повече мемори пяна и 2 страни с различно усещане и комфорт. Матрак Adry Cool Max е с терморегулираща Cool Gel пяна, която се грижи и балансира темепературата на тялото по време на сън. Поддържай лесно хигиената му, тъй като външният калъф е лесно сваляем и е подходящ за машинно пране. Благодарение на отличната вентилация на матрака, си предпазен от развитие на микроорганизми. Cool Gel пяната благоприятства за добра температура и има охлаждащо действие. Съставен е от 7-зонова мултипокет пружинна система за прецизна опора без точки на натиск, 7-зоновo профилирана HD пяна, която е устойчива, зонирана пяна с висока плътност и с отлични ергономични свойства, Cool Gel мемори пяна, полиуретанова Body Care&trade; пяна. Вътрешеният му калъф с цип е от 100% памук, а луксозният текстил TED Balance е обогатен с нежни към кожата нишки и е с антистатични свойства. Успешната комбинация получихме от: ✓ 7 зонов пружинен мултипокет модул Система от индивидуално пакетирани пружинки, с над 400 броя независими опорни точки на квадратен метър, които реагират прецизно на движенията и формата на тялото и осигуряват оптимална поддръжка, без чувство на напрежение и натиск. ✓ Профилирана HD пяна ✓ Cool Gel мемори пяна Мемори пяна с капки охлаждащ гел. Охлаждащият ефект от гела създава приятна среда за сън, а текстурата му придава още поголяма адаптивност и мекота на пяната ✓ Полиуретанова пяна Материал с добра плътност, но едновременно и с добра еластичност. Оказва стабилна поддръжка, без да създава точки на напрежение. Пенополиуретанът е лесен за профилиране, което му придава допълнителни анатомични свойства. ✓ Текстил Tекстил TED Balancе с антистатично третиране За кого е подходящ матрак Adry Cool MAX? Двулицев матрак Adry Cool MAX е идеален за хора, които търсят прохлада и искат да се радват на добър температурен баланс по време на сън. Матракът е произведен в България и идва до вратата ти с 10 годишна гаранция.",Матраци,1,764.89,573.67,100,https://cdncloudcart.com/28510/products/images/11864/matrak-air-balance-spring-dvulicev-copy-672b66ae78d66.webp?1730897582|https://cdncloudcart.com/28510/products/images/11864/matrak-air-balance-spring-dvulicev-copy-672b66b0a6f4d.webp?1730897584|https://cdncloudcart.com/28510/products/images/11864/matrak-air-balance-spring-dvulicev-copy-672b66b28bfbd.webp?1730897586|https://cdncloudcart.com/28510/products/images/11864/matrak-air-balance-spring-dvulicev-copy-672b66b45f840.webp?1730897588|https://cdncloudcart.com/28510/products/images/11864/matrak-air-balance-spring-dvulicev-copy-672b66b636e72.webp?1730897590
23009790-1-164-/-190,"Матрак ADRY COOL MAX, двулицев - 164 / 190","Матрак за цялото семейство Матракът Adry Cool МAX e нов хибриден матрак от колекцията на TED, който е подобрен модел и е обогатен с двойно повече мемори пяна и 2 страни с различно усещане и комфорт. Матрак Adry Cool Max е с терморегулираща Cool Gel пяна, която се грижи и балансира темепературата на тялото по време на сън. Поддържай лесно хигиената му, тъй като външният калъф е лесно сваляем и е подходящ за машинно пране. Благодарение на отличната вентилация на матрака, си предпазен от развитие на микроорганизми. Cool Gel пяната благоприятства за добра температура и има охлаждащо действие. Съставен е от 7-зонова мултипокет пружинна система за прецизна опора без точки на натиск, 7-зоновo профилирана HD пяна, която е устойчива, зонирана пяна с висока плътност и с отлични ергономични свойства, Cool Gel мемори пяна, полиуретанова Body Care&trade; пяна. Вътрешеният му калъф с цип е от 100% памук, а луксозният текстил TED Balance е обогатен с нежни към кожата нишки и е с антистатични свойства. Успешната комбинация получихме от: ✓ 7 зонов пружинен мултипокет модул Система от индивидуално пакетирани пружинки, с над 400 броя независими опорни точки на квадратен метър, които реагират прецизно на движенията и формата на тялото и осигуряват оптимална поддръжка, без чувство на напрежение и натиск. ✓ Профилирана HD пяна ✓ Cool Gel мемори пяна Мемори пяна с капки охлаждащ гел. Охлаждащият ефект от гела създава приятна среда за сън, а текстурата му придава още поголяма адаптивност и мекота на пяната ✓ Полиуретанова пяна Материал с добра плътност, но едновременно и с добра еластичност. Оказва стабилна поддръжка, без да създава точки на напрежение. Пенополиуретанът е лесен за профилиране, което му придава допълнителни анатомични свойства. ✓ Текстил Tекстил TED Balancе с антистатично третиране За кого е подходящ матрак Adry Cool MAX? Двулицев матрак Adry Cool MAX е идеален за хора, които търсят прохлада и искат да се радват на добър температурен баланс по време на сън. Матракът е произведен в България и идва до вратата ти с 10 годишна гаранция.",Матраци,1,754.67,566.00,100,https://cdncloudcart.com/28510/products/images/11864/matrak-air-balance-spring-dvulicev-copy-672b66ae78d66.webp?1730897582|https://cdncloudcart.com/28510/products/images/11864/matrak-air-balance-spring-dvulicev-copy-672b66b0a6f4d.webp?1730897584|https://cdncloudcart.com/28510/products/images/11864/matrak-air-balance-spring-dvulicev-copy-672b66b28bfbd.webp?1730897586|https://cdncloudcart.com/28510/products/images/11864/matrak-air-balance-spring-dvulicev-copy-672b66b45f840.webp?1730897588|https://cdncloudcart.com/28510/products/images/11864/matrak-air-balance-spring-dvulicev-copy-672b66b636e72.webp?1730897590
23009790-1-180-/-200,"Матрак ADRY COOL MAX, двулицев - 180 / 200","Матрак за цялото семейство Матракът Adry Cool МAX e нов хибриден матрак от колекцията на TED, който е подобрен модел и е обогатен с двойно повече мемори пяна и 2 страни с различно усещане и комфорт. Матрак Adry Cool Max е с терморегулираща Cool Gel пяна, която се грижи и балансира темепературата на тялото по време на сън. Поддържай лесно хигиената му, тъй като външният калъф е лесно сваляем и е подходящ за машинно пране. Благодарение на отличната вентилация на матрака, си предпазен от развитие на микроорганизми. Cool Gel пяната благоприятства за добра температура и има охлаждащо действие. Съставен е от 7-зонова мултипокет пружинна система за прецизна опора без точки на натиск, 7-зоновo профилирана HD пяна, която е устойчива, зонирана пяна с висока плътност и с отлични ергономични свойства, Cool Gel мемори пяна, полиуретанова Body Care&trade; пяна. Вътрешеният му калъф с цип е от 100% памук, а луксозният текстил TED Balance е обогатен с нежни към кожата нишки и е с антистатични свойства. Успешната комбинация получихме от: ✓ 7 зонов пружинен мултипокет модул Система от индивидуално пакетирани пружинки, с над 400 броя независими опорни точки на квадратен метър, които реагират прецизно на движенията и формата на тялото и осигуряват оптимална поддръжка, без чувство на напрежение и натиск. ✓ Профилирана HD пяна ✓ Cool Gel мемори пяна Мемори пяна с капки охлаждащ гел. Охлаждащият ефект от гела създава приятна среда за сън, а текстурата му придава още поголяма адаптивност и мекота на пяната ✓ Полиуретанова пяна Материал с добра плътност, но едновременно и с добра еластичност. Оказва стабилна поддръжка, без да създава точки на напрежение. Пенополиуретанът е лесен за профилиране, което му придава допълнителни анатомични свойства. ✓ Текстил Tекстил TED Balancе с антистатично третиране За кого е подходящ матрак Adry Cool MAX? Двулицев матрак Adry Cool MAX е идеален за хора, които търсят прохлада и искат да се радват на добър температурен баланс по време на сън. Матракът е произведен в България и идва до вратата ти с 10 годишна гаранция.",Матраци,1,843.12,632.34,100,https://cdncloudcart.com/28510/products/images/11864/matrak-air-balance-spring-dvulicev-copy-672b66ae78d66.webp?1730897582|https://cdncloudcart.com/28510/products/images/11864/matrak-air-balance-spring-dvulicev-copy-672b66b0a6f4d.webp?1730897584|https://cdncloudcart.com/28510/products/images/11864/matrak-air-balance-spring-dvulicev-copy-672b66b28bfbd.webp?1730897586|https://cdncloudcart.com/28510/products/images/11864/matrak-air-balance-spring-dvulicev-copy-672b66b45f840.webp?1730897588|https://cdncloudcart.com/28510/products/images/11864/matrak-air-balance-spring-dvulicev-copy-672b66b636e72.webp?1730897590
23009790-1-200/200,"Матрак ADRY COOL MAX, двулицев - 200/200","Матрак за цялото семейство Матракът Adry Cool МAX e нов хибриден матрак от колекцията на TED, който е подобрен модел и е обогатен с двойно повече мемори пяна и 2 страни с различно усещане и комфорт. Матрак Adry Cool Max е с терморегулираща Cool Gel пяна, която се грижи и балансира темепературата на тялото по време на сън. Поддържай лесно хигиената му, тъй като външният калъф е лесно сваляем и е подходящ за машинно пране. Благодарение на отличната вентилация на матрака, си предпазен от развитие на микроорганизми. Cool Gel пяната благоприятства за добра температура и има охлаждащо действие. Съставен е от 7-зонова мултипокет пружинна система за прецизна опора без точки на натиск, 7-зоновo профилирана HD пяна, която е устойчива, зонирана пяна с висока плътност и с отлични ергономични свойства, Cool Gel мемори пяна, полиуретанова Body Care&trade; пяна. Вътрешеният му калъф с цип е от 100% памук, а луксозният текстил TED Balance е обогатен с нежни към кожата нишки и е с антистатични свойства. Успешната комбинация получихме от: ✓ 7 зонов пружинен мултипокет модул Система от индивидуално пакетирани пружинки, с над 400 броя независими опорни точки на квадратен метър, които реагират прецизно на движенията и формата на тялото и осигуряват оптимална поддръжка, без чувство на напрежение и натиск. ✓ Профилирана HD пяна ✓ Cool Gel мемори пяна Мемори пяна с капки охлаждащ гел. Охлаждащият ефект от гела създава приятна среда за сън, а текстурата му придава още поголяма адаптивност и мекота на пяната ✓ Полиуретанова пяна Материал с добра плътност, но едновременно и с добра еластичност. Оказва стабилна поддръжка, без да създава точки на напрежение. Пенополиуретанът е лесен за профилиране, което му придава допълнителни анатомични свойства. ✓ Текстил Tекстил TED Balancе с антистатично третиране За кого е подходящ матрак Adry Cool MAX? Двулицев матрак Adry Cool MAX е идеален за хора, които търсят прохлада и искат да се радват на добър температурен баланс по време на сън. Матракът е произведен в България и идва до вратата ти с 10 годишна гаранция.",Матраци,1,918.28,688.71,100,https://cdncloudcart.com/28510/products/images/11864/matrak-air-balance-spring-dvulicev-copy-672b66ae78d66.webp?1730897582|https://cdncloudcart.com/28510/products/images/11864/matrak-air-balance-spring-dvulicev-copy-672b66b0a6f4d.webp?1730897584|https://cdncloudcart.com/28510/products/images/11864/matrak-air-balance-spring-dvulicev-copy-672b66b28bfbd.webp?1730897586|https://cdncloudcart.com/28510/products/images/11864/matrak-air-balance-spring-dvulicev-copy-672b66b45f840.webp?1730897588|https://cdncloudcart.com/28510/products/images/11864/matrak-air-balance-spring-dvulicev-copy-672b66b636e72.webp?1730897590
23009790-1-80/200,"Матрак ADRY COOL MAX, двулицев - 80/200","Матрак за цялото семейство Матракът Adry Cool МAX e нов хибриден матрак от колекцията на TED, който е подобрен модел и е обогатен с двойно повече мемори пяна и 2 страни с различно усещане и комфорт. Матрак Adry Cool Max е с терморегулираща Cool Gel пяна, която се грижи и балансира темепературата на тялото по време на сън. Поддържай лесно хигиената му, тъй като външният калъф е лесно сваляем и е подходящ за машинно пране. Благодарение на отличната вентилация на матрака, си предпазен от развитие на микроорганизми. Cool Gel пяната благоприятства за добра температура и има охлаждащо действие. Съставен е от 7-зонова мултипокет пружинна система за прецизна опора без точки на натиск, 7-зоновo профилирана HD пяна, която е устойчива, зонирана пяна с висока плътност и с отлични ергономични свойства, Cool Gel мемори пяна, полиуретанова Body Care&trade; пяна. Вътрешеният му калъф с цип е от 100% памук, а луксозният текстил TED Balance е обогатен с нежни към кожата нишки и е с антистатични свойства. Успешната комбинация получихме от: ✓ 7 зонов пружинен мултипокет модул Система от индивидуално пакетирани пружинки, с над 400 броя независими опорни точки на квадратен метър, които реагират прецизно на движенията и формата на тялото и осигуряват оптимална поддръжка, без чувство на напрежение и натиск. ✓ Профилирана HD пяна ✓ Cool Gel мемори пяна Мемори пяна с капки охлаждащ гел. Охлаждащият ефект от гела създава приятна среда за сън, а текстурата му придава още поголяма адаптивност и мекота на пяната ✓ Полиуретанова пяна Материал с добра плътност, но едновременно и с добра еластичност. Оказва стабилна поддръжка, без да създава точки на напрежение. Пенополиуретанът е лесен за профилиране, което му придава допълнителни анатомични свойства. ✓ Текстил Tекстил TED Balancе с антистатично третиране За кого е подходящ матрак Adry Cool MAX? Двулицев матрак Adry Cool MAX е идеален за хора, които търсят прохлада и искат да се радват на добър температурен баланс по време на сън. Матракът е произведен в България и идва до вратата ти с 10 годишна гаранция.",Матраци,1,407.50,305.63,100,https://cdncloudcart.com/28510/products/images/11864/matrak-air-balance-spring-dvulicev-copy-672b66ae78d66.webp?1730897582|https://cdncloudcart.com/28510/products/images/11864/matrak-air-balance-spring-dvulicev-copy-672b66b0a6f4d.webp?1730897584|https://cdncloudcart.com/28510/products/images/11864/matrak-air-balance-spring-dvulicev-copy-672b66b28bfbd.webp?1730897586|https://cdncloudcart.com/28510/products/images/11864/matrak-air-balance-spring-dvulicev-copy-672b66b45f840.webp?1730897588|https://cdncloudcart.com/28510/products/images/11864/matrak-air-balance-spring-dvulicev-copy-672b66b636e72.webp?1730897590
23009790-1-100/200,"Матрак ADRY COOL MAX, двулицев - 100/200","Матрак за цялото семейство Матракът Adry Cool МAX e нов хибриден матрак от колекцията на TED, който е подобрен модел и е обогатен с двойно повече мемори пяна и 2 страни с различно усещане и комфорт. Матрак Adry Cool Max е с терморегулираща Cool Gel пяна, която се грижи и балансира темепературата на тялото по време на сън. Поддържай лесно хигиената му, тъй като външният калъф е лесно сваляем и е подходящ за машинно пране. Благодарение на отличната вентилация на матрака, си предпазен от развитие на микроорганизми. Cool Gel пяната благоприятства за добра температура и има охлаждащо действие. Съставен е от 7-зонова мултипокет пружинна система за прецизна опора без точки на натиск, 7-зоновo профилирана HD пяна, която е устойчива, зонирана пяна с висока плътност и с отлични ергономични свойства, Cool Gel мемори пяна, полиуретанова Body Care&trade; пяна. Вътрешеният му калъф с цип е от 100% памук, а луксозният текстил TED Balance е обогатен с нежни към кожата нишки и е с антистатични свойства. Успешната комбинация получихме от: ✓ 7 зонов пружинен мултипокет модул Система от индивидуално пакетирани пружинки, с над 400 броя независими опорни точки на квадратен метър, които реагират прецизно на движенията и формата на тялото и осигуряват оптимална поддръжка, без чувство на напрежение и натиск. ✓ Профилирана HD пяна ✓ Cool Gel мемори пяна Мемори пяна с капки охлаждащ гел. Охлаждащият ефект от гела създава приятна среда за сън, а текстурата му придава още поголяма адаптивност и мекота на пяната ✓ Полиуретанова пяна Материал с добра плътност, но едновременно и с добра еластичност. Оказва стабилна поддръжка, без да създава точки на напрежение. Пенополиуретанът е лесен за профилиране, което му придава допълнителни анатомични свойства. ✓ Текстил Tекстил TED Balancе с антистатично третиране За кого е подходящ матрак Adry Cool MAX? Двулицев матрак Adry Cool MAX е идеален за хора, които търсят прохлада и искат да се радват на добър температурен баланс по време на сън. Матракът е произведен в България и идва до вратата ти с 10 годишна гаранция.",Матраци,1,479.59,359.69,100,https://cdncloudcart.com/28510/products/images/11864/matrak-air-balance-spring-dvulicev-copy-672b66ae78d66.webp?1730897582|https://cdncloudcart.com/28510/products/images/11864/matrak-air-balance-spring-dvulicev-copy-672b66b0a6f4d.webp?1730897584|https://cdncloudcart.com/28510/products/images/11864/matrak-air-balance-spring-dvulicev-copy-672b66b28bfbd.webp?1730897586|https://cdncloudcart.com/28510/products/images/11864/matrak-air-balance-spring-dvulicev-copy-672b66b45f840.webp?1730897588|https://cdncloudcart.com/28510/products/images/11864/matrak-air-balance-spring-dvulicev-copy-672b66b636e72.webp?1730897590
23009790-1-114/190,"Матрак ADRY COOL MAX, двулицев - 114/190","Матрак за цялото семейство Матракът Adry Cool МAX e нов хибриден матрак от колекцията на TED, който е подобрен модел и е обогатен с двойно повече мемори пяна и 2 страни с различно усещане и комфорт. Матрак Adry Cool Max е с терморегулираща Cool Gel пяна, която се грижи и балансира темепературата на тялото по време на сън. Поддържай лесно хигиената му, тъй като външният калъф е лесно сваляем и е подходящ за машинно пране. Благодарение на отличната вентилация на матрака, си предпазен от развитие на микроорганизми. Cool Gel пяната благоприятства за добра температура и има охлаждащо действие. Съставен е от 7-зонова мултипокет пружинна система за прецизна опора без точки на натиск, 7-зоновo профилирана HD пяна, която е устойчива, зонирана пяна с висока плътност и с отлични ергономични свойства, Cool Gel мемори пяна, полиуретанова Body Care&trade; пяна. Вътрешеният му калъф с цип е от 100% памук, а луксозният текстил TED Balance е обогатен с нежни към кожата нишки и е с антистатични свойства. Успешната комбинация получихме от: ✓ 7 зонов пружинен мултипокет модул Система от индивидуално пакетирани пружинки, с над 400 броя независими опорни точки на квадратен метър, които реагират прецизно на движенията и формата на тялото и осигуряват оптимална поддръжка, без чувство на напрежение и натиск. ✓ Профилирана HD пяна ✓ Cool Gel мемори пяна Мемори пяна с капки охлаждащ гел. Охлаждащият ефект от гела създава приятна среда за сън, а текстурата му придава още поголяма адаптивност и мекота на пяната ✓ Полиуретанова пяна Материал с добра плътност, но едновременно и с добра еластичност. Оказва стабилна поддръжка, без да създава точки на напрежение. Пенополиуретанът е лесен за профилиране, което му придава допълнителни анатомични свойства. ✓ Текстил Tекстил TED Balancе с антистатично третиране За кого е подходящ матрак Adry Cool MAX? Двулицев матрак Adry Cool MAX е идеален за хора, които търсят прохлада и искат да се радват на добър температурен баланс по време на сън. Матракът е произведен в България и идва до вратата ти с 10 годишна гаранция.",Матраци,1,570.09,427.57,100,https://cdncloudcart.com/28510/products/images/11864/matrak-air-balance-spring-dvulicev-copy-672b66ae78d66.webp?1730897582|https://cdncloudcart.com/28510/products/images/11864/matrak-air-balance-spring-dvulicev-copy-672b66b0a6f4d.webp?1730897584|https://cdncloudcart.com/28510/products/images/11864/matrak-air-balance-spring-dvulicev-copy-672b66b28bfbd.webp?1730897586|https://cdncloudcart.com/28510/products/images/11864/matrak-air-balance-spring-dvulicev-copy-672b66b45f840.webp?1730897588|https://cdncloudcart.com/28510/products/images/11864/matrak-air-balance-spring-dvulicev-copy-672b66b636e72.webp?1730897590
22024321-1-90-/-200,"Матрак DUETTO COMFORT, двулицев - 90 / 200","Duetto Comfort &ndash; хибриден модел с индивидуален комфорт Двулицев хибриден матрак Duetto Comfort - създаден изцяло за твоето удобство. Duetto Comfort поставя началото на една магична нощ, която ще искаш да се повтаря отново и отново. Искахме да създадем матрак, несравним с друг и ето, че успяхме да го направим. Резултатът е налице &ndash; продукт с цели две хибридни ядра в един калъф, като всяко покет ядро има две страни на комфорт &ndash; мека и умерено твърда. Матракът е с три комбинации на твърдост: ✓ мек-мек ✓ умерено твърд-мек ✓ умерено твърд-умерено твърд За умерено твърдата страна: използваме комфортен слой от полиуретанова пяна с висока плътност, която хармонизира движенията на мултипокета, повишава стабилността на матрака и предоставя умерено твърда повърхност за сън. За по-меката страна: използваме 5 см Super Soft омекотена пяна, която се адаптира към формите на оказващото натиск тяло и следва перфектно неговите извивки. По този начин се осигурява осезаем комфорт и мекота. Сърцевината на всяко ядро е от 7-зонов висок мултипокет, който предоставя стабилна, ортопедична опора на гръбнака и гарантира правилната му позиция по време на сън. Двулицев пружинен матрак Duetto Comfort има над 500 бр./кв.м. индивидуално пакетирани мултипокет пружини, реагират независимо на всяко движение, поемат изцяло натиска от тежестта на различните части на тялото, така че то да остане в идеално подравнена позиция. С помощта на борд от полиуретанова пяна се подобрява стабилността на ядрото. 1. Сваляем калъф с цип 2. Мемори пяна в прошивката 3 . Слой 5см Super Soft HR пяна 4 . Мека полиуретанова пяна 5 . Полиуретанов борд 6 . 7-зонов мултипокет 7 . HD пяна с повишена твърдост 8 . Body Care&trade; пяна в прошивката Визията на луксозен двулицев хибриден матрак Дуето Комфорт е решена със стилен калъф с цип, богато прошит с обемна вата и мемори пяна за допълнителен комфорт. Използваният висококачествен текстил, обогатен с лиосел влакна, подпомага поддържането на нормална телесната температура, има добри абсорбиращи свойства и е изключително мек и нежен на допир. Избери най-доброто за твоите форми! За индивидуалния, двустранен комфорт на матрак Duetto Comfort сме избрали следните материали: ✓ Мултипокет Система от индивидуално пакетирани пружинки с повече опорни точки &ndash; над 500 бр. на кв.м. за още по-добра стабилност и реагираща повърхност, която не оказва съпротивление при смяна в позицията на спящия. 7-зоновото анатомично зониране на системата осигурява правилна позиция на гръбнака и равномерно разпределение на тежестта на тялото. ✓ Високоеластична HR пяна Тя осигурява изключителна опора и е подходяща за създаване на зони с различна степен на твърдост, отговарящи на спецификите на човешкото тяло за равномерно разпределение на тежестта, максимална стабилност и добра анатомичност. ✓ SuperSoft PUR пяна Мека висококачествена пяна, която поема извивките на тялото и елиминира напрежението в отделните части, като осигурява осезаем комфорт и мекота. ✓ Мека полиуретанова пяна Материал с добра плътност, който поддържа тялото, без да създава точки на напрежение. Пенополиуретанът е лесен за профилиране, което му придава допълнителни анатомични свойства. ✓ Полиуретанов борд Придава допълнителна стабилност ✓ Мемори пяна в прошивката Придава допълнителен комфорт ✓ Нежен текстил Текстил с лиосел влакна 67% полиестер, 33% тенсел; прошивка вата 400 гр/м2 (памук/ полиестер)+ мека полиуретанова пяна; мемори пяна. За кого е подходящ матрак Duetto Comfort? Луксозен двулицев матрак Duetto Comfort е подходящ модел за хората, които имат различни предпочитания и искат да експериментират. Даваме ти възможност на непрекъснати промени, за да намериш подходящата за теб твърдост или просто да спиш според настроението си! Заслужаваш най-доброто, получаваш го с матрак Duetto Comfort! При поръчка на произведен в България луксозен матрак Duetto Comfort, получаваш 10 години гаранция, достатъчни за твоето спокойствие и здрав сън. * За размери до 120 см ширина включително моделът се изработва с едно ядро.",Матраци,1,551.68,413.76,100,https://cdncloudcart.com/28510/products/images/11865/matrak-adry-cool-max-dvulicev-copy-672b6823ec568.webp?1730897955|https://cdncloudcart.com/28510/products/images/11865/matrak-adry-cool-max-dvulicev-copy-672b68262a041.webp?1730897958|https://cdncloudcart.com/28510/products/images/11865/matrak-adry-cool-max-dvulicev-copy-672b68281392c.webp?1730897960|https://cdncloudcart.com/28510/products/images/11865/matrak-adry-cool-max-dvulicev-copy-672b6829c54f3.webp?1730897961|https://cdncloudcart.com/28510/products/images/11865/matrak-adry-cool-max-dvulicev-copy-672b682b962d6.webp?1730897963
22024321-1-120-/-200,"Матрак DUETTO COMFORT, двулицев - 120 / 200","Duetto Comfort &ndash; хибриден модел с индивидуален комфорт Двулицев хибриден матрак Duetto Comfort - създаден изцяло за твоето удобство. Duetto Comfort поставя началото на една магична нощ, която ще искаш да се повтаря отново и отново. Искахме да създадем матрак, несравним с друг и ето, че успяхме да го направим. Резултатът е налице &ndash; продукт с цели две хибридни ядра в един калъф, като всяко покет ядро има две страни на комфорт &ndash; мека и умерено твърда. Матракът е с три комбинации на твърдост: ✓ мек-мек ✓ умерено твърд-мек ✓ умерено твърд-умерено твърд За умерено твърдата страна: използваме комфортен слой от полиуретанова пяна с висока плътност, която хармонизира движенията на мултипокета, повишава стабилността на матрака и предоставя умерено твърда повърхност за сън. За по-меката страна: използваме 5 см Super Soft омекотена пяна, която се адаптира към формите на оказващото натиск тяло и следва перфектно неговите извивки. По този начин се осигурява осезаем комфорт и мекота. Сърцевината на всяко ядро е от 7-зонов висок мултипокет, който предоставя стабилна, ортопедична опора на гръбнака и гарантира правилната му позиция по време на сън. Двулицев пружинен матрак Duetto Comfort има над 500 бр./кв.м. индивидуално пакетирани мултипокет пружини, реагират независимо на всяко движение, поемат изцяло натиска от тежестта на различните части на тялото, така че то да остане в идеално подравнена позиция. С помощта на борд от полиуретанова пяна се подобрява стабилността на ядрото. 1. Сваляем калъф с цип 2. Мемори пяна в прошивката 3 . Слой 5см Super Soft HR пяна 4 . Мека полиуретанова пяна 5 . Полиуретанов борд 6 . 7-зонов мултипокет 7 . HD пяна с повишена твърдост 8 . Body Care&trade; пяна в прошивката Визията на луксозен двулицев хибриден матрак Дуето Комфорт е решена със стилен калъф с цип, богато прошит с обемна вата и мемори пяна за допълнителен комфорт. Използваният висококачествен текстил, обогатен с лиосел влакна, подпомага поддържането на нормална телесната температура, има добри абсорбиращи свойства и е изключително мек и нежен на допир. Избери най-доброто за твоите форми! За индивидуалния, двустранен комфорт на матрак Duetto Comfort сме избрали следните материали: ✓ Мултипокет Система от индивидуално пакетирани пружинки с повече опорни точки &ndash; над 500 бр. на кв.м. за още по-добра стабилност и реагираща повърхност, която не оказва съпротивление при смяна в позицията на спящия. 7-зоновото анатомично зониране на системата осигурява правилна позиция на гръбнака и равномерно разпределение на тежестта на тялото. ✓ Високоеластична HR пяна Тя осигурява изключителна опора и е подходяща за създаване на зони с различна степен на твърдост, отговарящи на спецификите на човешкото тяло за равномерно разпределение на тежестта, максимална стабилност и добра анатомичност. ✓ SuperSoft PUR пяна Мека висококачествена пяна, която поема извивките на тялото и елиминира напрежението в отделните части, като осигурява осезаем комфорт и мекота. ✓ Мека полиуретанова пяна Материал с добра плътност, който поддържа тялото, без да създава точки на напрежение. Пенополиуретанът е лесен за профилиране, което му придава допълнителни анатомични свойства. ✓ Полиуретанов борд Придава допълнителна стабилност ✓ Мемори пяна в прошивката Придава допълнителен комфорт ✓ Нежен текстил Текстил с лиосел влакна 67% полиестер, 33% тенсел; прошивка вата 400 гр/м2 (памук/ полиестер)+ мека полиуретанова пяна; мемори пяна. За кого е подходящ матрак Duetto Comfort? Луксозен двулицев матрак Duetto Comfort е подходящ модел за хората, които имат различни предпочитания и искат да експериментират. Даваме ти възможност на непрекъснати промени, за да намериш подходящата за теб твърдост или просто да спиш според настроението си! Заслужаваш най-доброто, получаваш го с матрак Duetto Comfort! При поръчка на произведен в България луксозен матрак Duetto Comfort, получаваш 10 години гаранция, достатъчни за твоето спокойствие и здрав сън. * За размери до 120 см ширина включително моделът се изработва с едно ядро.",Матраци,1,735.75,551.81,100,https://cdncloudcart.com/28510/products/images/11865/matrak-adry-cool-max-dvulicev-copy-672b6823ec568.webp?1730897955|https://cdncloudcart.com/28510/products/images/11865/matrak-adry-cool-max-dvulicev-copy-672b68262a041.webp?1730897958|https://cdncloudcart.com/28510/products/images/11865/matrak-adry-cool-max-dvulicev-copy-672b68281392c.webp?1730897960|https://cdncloudcart.com/28510/products/images/11865/matrak-adry-cool-max-dvulicev-copy-672b6829c54f3.webp?1730897961|https://cdncloudcart.com/28510/products/images/11865/matrak-adry-cool-max-dvulicev-copy-672b682b962d6.webp?1730897963
22024321-1-140-/-200,"Матрак DUETTO COMFORT, двулицев - 140 / 200","Duetto Comfort &ndash; хибриден модел с индивидуален комфорт Двулицев хибриден матрак Duetto Comfort - създаден изцяло за твоето удобство. Duetto Comfort поставя началото на една магична нощ, която ще искаш да се повтаря отново и отново. Искахме да създадем матрак, несравним с друг и ето, че успяхме да го направим. Резултатът е налице &ndash; продукт с цели две хибридни ядра в един калъф, като всяко покет ядро има две страни на комфорт &ndash; мека и умерено твърда. Матракът е с три комбинации на твърдост: ✓ мек-мек ✓ умерено твърд-мек ✓ умерено твърд-умерено твърд За умерено твърдата страна: използваме комфортен слой от полиуретанова пяна с висока плътност, която хармонизира движенията на мултипокета, повишава стабилността на матрака и предоставя умерено твърда повърхност за сън. За по-меката страна: използваме 5 см Super Soft омекотена пяна, която се адаптира към формите на оказващото натиск тяло и следва перфектно неговите извивки. По този начин се осигурява осезаем комфорт и мекота. Сърцевината на всяко ядро е от 7-зонов висок мултипокет, който предоставя стабилна, ортопедична опора на гръбнака и гарантира правилната му позиция по време на сън. Двулицев пружинен матрак Duetto Comfort има над 500 бр./кв.м. индивидуално пакетирани мултипокет пружини, реагират независимо на всяко движение, поемат изцяло натиска от тежестта на различните части на тялото, така че то да остане в идеално подравнена позиция. С помощта на борд от полиуретанова пяна се подобрява стабилността на ядрото. 1. Сваляем калъф с цип 2. Мемори пяна в прошивката 3 . Слой 5см Super Soft HR пяна 4 . Мека полиуретанова пяна 5 . Полиуретанов борд 6 . 7-зонов мултипокет 7 . HD пяна с повишена твърдост 8 . Body Care&trade; пяна в прошивката Визията на луксозен двулицев хибриден матрак Дуето Комфорт е решена със стилен калъф с цип, богато прошит с обемна вата и мемори пяна за допълнителен комфорт. Използваният висококачествен текстил, обогатен с лиосел влакна, подпомага поддържането на нормална телесната температура, има добри абсорбиращи свойства и е изключително мек и нежен на допир. Избери най-доброто за твоите форми! За индивидуалния, двустранен комфорт на матрак Duetto Comfort сме избрали следните материали: ✓ Мултипокет Система от индивидуално пакетирани пружинки с повече опорни точки &ndash; над 500 бр. на кв.м. за още по-добра стабилност и реагираща повърхност, която не оказва съпротивление при смяна в позицията на спящия. 7-зоновото анатомично зониране на системата осигурява правилна позиция на гръбнака и равномерно разпределение на тежестта на тялото. ✓ Високоеластична HR пяна Тя осигурява изключителна опора и е подходяща за създаване на зони с различна степен на твърдост, отговарящи на спецификите на човешкото тяло за равномерно разпределение на тежестта, максимална стабилност и добра анатомичност. ✓ SuperSoft PUR пяна Мека висококачествена пяна, която поема извивките на тялото и елиминира напрежението в отделните части, като осигурява осезаем комфорт и мекота. ✓ Мека полиуретанова пяна Материал с добра плътност, който поддържа тялото, без да създава точки на напрежение. Пенополиуретанът е лесен за профилиране, което му придава допълнителни анатомични свойства. ✓ Полиуретанов борд Придава допълнителна стабилност ✓ Мемори пяна в прошивката Придава допълнителен комфорт ✓ Нежен текстил Текстил с лиосел влакна 67% полиестер, 33% тенсел; прошивка вата 400 гр/м2 (памук/ полиестер)+ мека полиуретанова пяна; мемори пяна. За кого е подходящ матрак Duetto Comfort? Луксозен двулицев матрак Duetto Comfort е подходящ модел за хората, които имат различни предпочитания и искат да експериментират. Даваме ти възможност на непрекъснати промени, за да намериш подходящата за теб твърдост или просто да спиш според настроението си! Заслужаваш най-доброто, получаваш го с матрак Duetto Comfort! При поръчка на произведен в България луксозен матрак Duetto Comfort, получаваш 10 години гаранция, достатъчни за твоето спокойствие и здрав сън. * За размери до 120 см ширина включително моделът се изработва с едно ядро.",Матраци,1,858.46,643.85,100,https://cdncloudcart.com/28510/products/images/11865/matrak-adry-cool-max-dvulicev-copy-672b6823ec568.webp?1730897955|https://cdncloudcart.com/28510/products/images/11865/matrak-adry-cool-max-dvulicev-copy-672b68262a041.webp?1730897958|https://cdncloudcart.com/28510/products/images/11865/matrak-adry-cool-max-dvulicev-copy-672b68281392c.webp?1730897960|https://cdncloudcart.com/28510/products/images/11865/matrak-adry-cool-max-dvulicev-copy-672b6829c54f3.webp?1730897961|https://cdncloudcart.com/28510/products/images/11865/matrak-adry-cool-max-dvulicev-copy-672b682b962d6.webp?1730897963
22024321-1-144-/-190,"Матрак DUETTO COMFORT, двулицев - 144 / 190","Duetto Comfort &ndash; хибриден модел с индивидуален комфорт Двулицев хибриден матрак Duetto Comfort - създаден изцяло за твоето удобство. Duetto Comfort поставя началото на една магична нощ, която ще искаш да се повтаря отново и отново. Искахме да създадем матрак, несравним с друг и ето, че успяхме да го направим. Резултатът е налице &ndash; продукт с цели две хибридни ядра в един калъф, като всяко покет ядро има две страни на комфорт &ndash; мека и умерено твърда. Матракът е с три комбинации на твърдост: ✓ мек-мек ✓ умерено твърд-мек ✓ умерено твърд-умерено твърд За умерено твърдата страна: използваме комфортен слой от полиуретанова пяна с висока плътност, която хармонизира движенията на мултипокета, повишава стабилността на матрака и предоставя умерено твърда повърхност за сън. За по-меката страна: използваме 5 см Super Soft омекотена пяна, която се адаптира към формите на оказващото натиск тяло и следва перфектно неговите извивки. По този начин се осигурява осезаем комфорт и мекота. Сърцевината на всяко ядро е от 7-зонов висок мултипокет, който предоставя стабилна, ортопедична опора на гръбнака и гарантира правилната му позиция по време на сън. Двулицев пружинен матрак Duetto Comfort има над 500 бр./кв.м. индивидуално пакетирани мултипокет пружини, реагират независимо на всяко движение, поемат изцяло натиска от тежестта на различните части на тялото, така че то да остане в идеално подравнена позиция. С помощта на борд от полиуретанова пяна се подобрява стабилността на ядрото. 1. Сваляем калъф с цип 2. Мемори пяна в прошивката 3 . Слой 5см Super Soft HR пяна 4 . Мека полиуретанова пяна 5 . Полиуретанов борд 6 . 7-зонов мултипокет 7 . HD пяна с повишена твърдост 8 . Body Care&trade; пяна в прошивката Визията на луксозен двулицев хибриден матрак Дуето Комфорт е решена със стилен калъф с цип, богато прошит с обемна вата и мемори пяна за допълнителен комфорт. Използваният висококачествен текстил, обогатен с лиосел влакна, подпомага поддържането на нормална телесната температура, има добри абсорбиращи свойства и е изключително мек и нежен на допир. Избери най-доброто за твоите форми! За индивидуалния, двустранен комфорт на матрак Duetto Comfort сме избрали следните материали: ✓ Мултипокет Система от индивидуално пакетирани пружинки с повече опорни точки &ndash; над 500 бр. на кв.м. за още по-добра стабилност и реагираща повърхност, която не оказва съпротивление при смяна в позицията на спящия. 7-зоновото анатомично зониране на системата осигурява правилна позиция на гръбнака и равномерно разпределение на тежестта на тялото. ✓ Високоеластична HR пяна Тя осигурява изключителна опора и е подходяща за създаване на зони с различна степен на твърдост, отговарящи на спецификите на човешкото тяло за равномерно разпределение на тежестта, максимална стабилност и добра анатомичност. ✓ SuperSoft PUR пяна Мека висококачествена пяна, която поема извивките на тялото и елиминира напрежението в отделните части, като осигурява осезаем комфорт и мекота. ✓ Мека полиуретанова пяна Материал с добра плътност, който поддържа тялото, без да създава точки на напрежение. Пенополиуретанът е лесен за профилиране, което му придава допълнителни анатомични свойства. ✓ Полиуретанов борд Придава допълнителна стабилност ✓ Мемори пяна в прошивката Придава допълнителен комфорт ✓ Нежен текстил Текстил с лиосел влакна 67% полиестер, 33% тенсел; прошивка вата 400 гр/м2 (памук/ полиестер)+ мека полиуретанова пяна; мемори пяна. За кого е подходящ матрак Duetto Comfort? Луксозен двулицев матрак Duetto Comfort е подходящ модел за хората, които имат различни предпочитания и искат да експериментират. Даваме ти възможност на непрекъснати промени, за да намериш подходящата за теб твърдост или просто да спиш според настроението си! Заслужаваш най-доброто, получаваш го с матрак Duetto Comfort! При поръчка на произведен в България луксозен матрак Duetto Comfort, получаваш 10 години гаранция, достатъчни за твоето спокойствие и здрав сън. * За размери до 120 см ширина включително моделът се изработва с едно ядро.",Матраци,1,839.03,629.27,100,https://cdncloudcart.com/28510/products/images/11865/matrak-adry-cool-max-dvulicev-copy-672b6823ec568.webp?1730897955|https://cdncloudcart.com/28510/products/images/11865/matrak-adry-cool-max-dvulicev-copy-672b68262a041.webp?1730897958|https://cdncloudcart.com/28510/products/images/11865/matrak-adry-cool-max-dvulicev-copy-672b68281392c.webp?1730897960|https://cdncloudcart.com/28510/products/images/11865/matrak-adry-cool-max-dvulicev-copy-672b6829c54f3.webp?1730897961|https://cdncloudcart.com/28510/products/images/11865/matrak-adry-cool-max-dvulicev-copy-672b682b962d6.webp?1730897963
22024321-1-160-/-200,"Матрак DUETTO COMFORT, двулицев - 160 / 200","Duetto Comfort &ndash; хибриден модел с индивидуален комфорт Двулицев хибриден матрак Duetto Comfort - създаден изцяло за твоето удобство. Duetto Comfort поставя началото на една магична нощ, която ще искаш да се повтаря отново и отново. Искахме да създадем матрак, несравним с друг и ето, че успяхме да го направим. Резултатът е налице &ndash; продукт с цели две хибридни ядра в един калъф, като всяко покет ядро има две страни на комфорт &ndash; мека и умерено твърда. Матракът е с три комбинации на твърдост: ✓ мек-мек ✓ умерено твърд-мек ✓ умерено твърд-умерено твърд За умерено твърдата страна: използваме комфортен слой от полиуретанова пяна с висока плътност, която хармонизира движенията на мултипокета, повишава стабилността на матрака и предоставя умерено твърда повърхност за сън. За по-меката страна: използваме 5 см Super Soft омекотена пяна, която се адаптира към формите на оказващото натиск тяло и следва перфектно неговите извивки. По този начин се осигурява осезаем комфорт и мекота. Сърцевината на всяко ядро е от 7-зонов висок мултипокет, който предоставя стабилна, ортопедична опора на гръбнака и гарантира правилната му позиция по време на сън. Двулицев пружинен матрак Duetto Comfort има над 500 бр./кв.м. индивидуално пакетирани мултипокет пружини, реагират независимо на всяко движение, поемат изцяло натиска от тежестта на различните части на тялото, така че то да остане в идеално подравнена позиция. С помощта на борд от полиуретанова пяна се подобрява стабилността на ядрото. 1. Сваляем калъф с цип 2. Мемори пяна в прошивката 3 . Слой 5см Super Soft HR пяна 4 . Мека полиуретанова пяна 5 . Полиуретанов борд 6 . 7-зонов мултипокет 7 . HD пяна с повишена твърдост 8 . Body Care&trade; пяна в прошивката Визията на луксозен двулицев хибриден матрак Дуето Комфорт е решена със стилен калъф с цип, богато прошит с обемна вата и мемори пяна за допълнителен комфорт. Използваният висококачествен текстил, обогатен с лиосел влакна, подпомага поддържането на нормална телесната температура, има добри абсорбиращи свойства и е изключително мек и нежен на допир. Избери най-доброто за твоите форми! За индивидуалния, двустранен комфорт на матрак Duetto Comfort сме избрали следните материали: ✓ Мултипокет Система от индивидуално пакетирани пружинки с повече опорни точки &ndash; над 500 бр. на кв.м. за още по-добра стабилност и реагираща повърхност, която не оказва съпротивление при смяна в позицията на спящия. 7-зоновото анатомично зониране на системата осигурява правилна позиция на гръбнака и равномерно разпределение на тежестта на тялото. ✓ Високоеластична HR пяна Тя осигурява изключителна опора и е подходяща за създаване на зони с различна степен на твърдост, отговарящи на спецификите на човешкото тяло за равномерно разпределение на тежестта, максимална стабилност и добра анатомичност. ✓ SuperSoft PUR пяна Мека висококачествена пяна, която поема извивките на тялото и елиминира напрежението в отделните части, като осигурява осезаем комфорт и мекота. ✓ Мека полиуретанова пяна Материал с добра плътност, който поддържа тялото, без да създава точки на напрежение. Пенополиуретанът е лесен за профилиране, което му придава допълнителни анатомични свойства. ✓ Полиуретанов борд Придава допълнителна стабилност ✓ Мемори пяна в прошивката Придава допълнителен комфорт ✓ Нежен текстил Текстил с лиосел влакна 67% полиестер, 33% тенсел; прошивка вата 400 гр/м2 (памук/ полиестер)+ мека полиуретанова пяна; мемори пяна. За кого е подходящ матрак Duetto Comfort? Луксозен двулицев матрак Duetto Comfort е подходящ модел за хората, които имат различни предпочитания и искат да експериментират. Даваме ти възможност на непрекъснати промени, за да намериш подходящата за теб твърдост или просто да спиш според настроението си! Заслужаваш най-доброто, получаваш го с матрак Duetto Comfort! При поръчка на произведен в България луксозен матрак Duetto Comfort, получаваш 10 години гаранция, достатъчни за твоето спокойствие и здрав сън. * За размери до 120 см ширина включително моделът се изработва с едно ядро.",Матраци,1,1005.71,754.28,100,https://cdncloudcart.com/28510/products/images/11865/matrak-adry-cool-max-dvulicev-copy-672b6823ec568.webp?1730897955|https://cdncloudcart.com/28510/products/images/11865/matrak-adry-cool-max-dvulicev-copy-672b68262a041.webp?1730897958|https://cdncloudcart.com/28510/products/images/11865/matrak-adry-cool-max-dvulicev-copy-672b68281392c.webp?1730897960|https://cdncloudcart.com/28510/products/images/11865/matrak-adry-cool-max-dvulicev-copy-672b6829c54f3.webp?1730897961|https://cdncloudcart.com/28510/products/images/11865/matrak-adry-cool-max-dvulicev-copy-672b682b962d6.webp?1730897963
22024321-1-164-/-190,"Матрак DUETTO COMFORT, двулицев - 164 / 190","Duetto Comfort &ndash; хибриден модел с индивидуален комфорт Двулицев хибриден матрак Duetto Comfort - създаден изцяло за твоето удобство. Duetto Comfort поставя началото на една магична нощ, която ще искаш да се повтаря отново и отново. Искахме да създадем матрак, несравним с друг и ето, че успяхме да го направим. Резултатът е налице &ndash; продукт с цели две хибридни ядра в един калъф, като всяко покет ядро има две страни на комфорт &ndash; мека и умерено твърда. Матракът е с три комбинации на твърдост: ✓ мек-мек ✓ умерено твърд-мек ✓ умерено твърд-умерено твърд За умерено твърдата страна: използваме комфортен слой от полиуретанова пяна с висока плътност, която хармонизира движенията на мултипокета, повишава стабилността на матрака и предоставя умерено твърда повърхност за сън. За по-меката страна: използваме 5 см Super Soft омекотена пяна, която се адаптира към формите на оказващото натиск тяло и следва перфектно неговите извивки. По този начин се осигурява осезаем комфорт и мекота. Сърцевината на всяко ядро е от 7-зонов висок мултипокет, който предоставя стабилна, ортопедична опора на гръбнака и гарантира правилната му позиция по време на сън. Двулицев пружинен матрак Duetto Comfort има над 500 бр./кв.м. индивидуално пакетирани мултипокет пружини, реагират независимо на всяко движение, поемат изцяло натиска от тежестта на различните части на тялото, така че то да остане в идеално подравнена позиция. С помощта на борд от полиуретанова пяна се подобрява стабилността на ядрото. 1. Сваляем калъф с цип 2. Мемори пяна в прошивката 3 . Слой 5см Super Soft HR пяна 4 . Мека полиуретанова пяна 5 . Полиуретанов борд 6 . 7-зонов мултипокет 7 . HD пяна с повишена твърдост 8 . Body Care&trade; пяна в прошивката Визията на луксозен двулицев хибриден матрак Дуето Комфорт е решена със стилен калъф с цип, богато прошит с обемна вата и мемори пяна за допълнителен комфорт. Използваният висококачествен текстил, обогатен с лиосел влакна, подпомага поддържането на нормална телесната температура, има добри абсорбиращи свойства и е изключително мек и нежен на допир. Избери най-доброто за твоите форми! За индивидуалния, двустранен комфорт на матрак Duetto Comfort сме избрали следните материали: ✓ Мултипокет Система от индивидуално пакетирани пружинки с повече опорни точки &ndash; над 500 бр. на кв.м. за още по-добра стабилност и реагираща повърхност, която не оказва съпротивление при смяна в позицията на спящия. 7-зоновото анатомично зониране на системата осигурява правилна позиция на гръбнака и равномерно разпределение на тежестта на тялото. ✓ Високоеластична HR пяна Тя осигурява изключителна опора и е подходяща за създаване на зони с различна степен на твърдост, отговарящи на спецификите на човешкото тяло за равномерно разпределение на тежестта, максимална стабилност и добра анатомичност. ✓ SuperSoft PUR пяна Мека висококачествена пяна, която поема извивките на тялото и елиминира напрежението в отделните части, като осигурява осезаем комфорт и мекота. ✓ Мека полиуретанова пяна Материал с добра плътност, който поддържа тялото, без да създава точки на напрежение. Пенополиуретанът е лесен за профилиране, което му придава допълнителни анатомични свойства. ✓ Полиуретанов борд Придава допълнителна стабилност ✓ Мемори пяна в прошивката Придава допълнителен комфорт ✓ Нежен текстил Текстил с лиосел влакна 67% полиестер, 33% тенсел; прошивка вата 400 гр/м2 (памук/ полиестер)+ мека полиуретанова пяна; мемори пяна. За кого е подходящ матрак Duetto Comfort? Луксозен двулицев матрак Duetto Comfort е подходящ модел за хората, които имат различни предпочитания и искат да експериментират. Даваме ти възможност на непрекъснати промени, за да намериш подходящата за теб твърдост или просто да спиш според настроението си! Заслужаваш най-доброто, получаваш го с матрак Duetto Comfort! При поръчка на произведен в България луксозен матрак Duetto Comfort, получаваш 10 години гаранция, достатъчни за твоето спокойствие и здрав сън. * За размери до 120 см ширина включително моделът се изработва с едно ядро.",Матраци,1,955.09,716.32,100,https://cdncloudcart.com/28510/products/images/11865/matrak-adry-cool-max-dvulicev-copy-672b6823ec568.webp?1730897955|https://cdncloudcart.com/28510/products/images/11865/matrak-adry-cool-max-dvulicev-copy-672b68262a041.webp?1730897958|https://cdncloudcart.com/28510/products/images/11865/matrak-adry-cool-max-dvulicev-copy-672b68281392c.webp?1730897960|https://cdncloudcart.com/28510/products/images/11865/matrak-adry-cool-max-dvulicev-copy-672b6829c54f3.webp?1730897961|https://cdncloudcart.com/28510/products/images/11865/matrak-adry-cool-max-dvulicev-copy-672b682b962d6.webp?1730897963
22024321-1-180-/-200,"Матрак DUETTO COMFORT, двулицев - 180 / 200","Duetto Comfort &ndash; хибриден модел с индивидуален комфорт Двулицев хибриден матрак Duetto Comfort - създаден изцяло за твоето удобство. Duetto Comfort поставя началото на една магична нощ, която ще искаш да се повтаря отново и отново. Искахме да създадем матрак, несравним с друг и ето, че успяхме да го направим. Резултатът е налице &ndash; продукт с цели две хибридни ядра в един калъф, като всяко покет ядро има две страни на комфорт &ndash; мека и умерено твърда. Матракът е с три комбинации на твърдост: ✓ мек-мек ✓ умерено твърд-мек ✓ умерено твърд-умерено твърд За умерено твърдата страна: използваме комфортен слой от полиуретанова пяна с висока плътност, която хармонизира движенията на мултипокета, повишава стабилността на матрака и предоставя умерено твърда повърхност за сън. За по-меката страна: използваме 5 см Super Soft омекотена пяна, която се адаптира към формите на оказващото натиск тяло и следва перфектно неговите извивки. По този начин се осигурява осезаем комфорт и мекота. Сърцевината на всяко ядро е от 7-зонов висок мултипокет, който предоставя стабилна, ортопедична опора на гръбнака и гарантира правилната му позиция по време на сън. Двулицев пружинен матрак Duetto Comfort има над 500 бр./кв.м. индивидуално пакетирани мултипокет пружини, реагират независимо на всяко движение, поемат изцяло натиска от тежестта на различните части на тялото, така че то да остане в идеално подравнена позиция. С помощта на борд от полиуретанова пяна се подобрява стабилността на ядрото. 1. Сваляем калъф с цип 2. Мемори пяна в прошивката 3 . Слой 5см Super Soft HR пяна 4 . Мека полиуретанова пяна 5 . Полиуретанов борд 6 . 7-зонов мултипокет 7 . HD пяна с повишена твърдост 8 . Body Care&trade; пяна в прошивката Визията на луксозен двулицев хибриден матрак Дуето Комфорт е решена със стилен калъф с цип, богато прошит с обемна вата и мемори пяна за допълнителен комфорт. Използваният висококачествен текстил, обогатен с лиосел влакна, подпомага поддържането на нормална телесната температура, има добри абсорбиращи свойства и е изключително мек и нежен на допир. Избери най-доброто за твоите форми! За индивидуалния, двустранен комфорт на матрак Duetto Comfort сме избрали следните материали: ✓ Мултипокет Система от индивидуално пакетирани пружинки с повече опорни точки &ndash; над 500 бр. на кв.м. за още по-добра стабилност и реагираща повърхност, която не оказва съпротивление при смяна в позицията на спящия. 7-зоновото анатомично зониране на системата осигурява правилна позиция на гръбнака и равномерно разпределение на тежестта на тялото. ✓ Високоеластична HR пяна Тя осигурява изключителна опора и е подходяща за създаване на зони с различна степен на твърдост, отговарящи на спецификите на човешкото тяло за равномерно разпределение на тежестта, максимална стабилност и добра анатомичност. ✓ SuperSoft PUR пяна Мека висококачествена пяна, която поема извивките на тялото и елиминира напрежението в отделните части, като осигурява осезаем комфорт и мекота. ✓ Мека полиуретанова пяна Материал с добра плътност, който поддържа тялото, без да създава точки на напрежение. Пенополиуретанът е лесен за профилиране, което му придава допълнителни анатомични свойства. ✓ Полиуретанов борд Придава допълнителна стабилност ✓ Мемори пяна в прошивката Придава допълнителен комфорт ✓ Нежен текстил Текстил с лиосел влакна 67% полиестер, 33% тенсел; прошивка вата 400 гр/м2 (памук/ полиестер)+ мека полиуретанова пяна; мемори пяна. За кого е подходящ матрак Duetto Comfort? Луксозен двулицев матрак Duetto Comfort е подходящ модел за хората, които имат различни предпочитания и искат да експериментират. Даваме ти възможност на непрекъснати промени, за да намериш подходящата за теб твърдост или просто да спиш според настроението си! Заслужаваш най-доброто, получаваш го с матрак Duetto Comfort! При поръчка на произведен в България луксозен матрак Duetto Comfort, получаваш 10 години гаранция, достатъчни за твоето спокойствие и здрав сън. * За размери до 120 см ширина включително моделът се изработва с едно ядро.",Матраци,1,1071.67,803.75,100,https://cdncloudcart.com/28510/products/images/11865/matrak-adry-cool-max-dvulicev-copy-672b6823ec568.webp?1730897955|https://cdncloudcart.com/28510/products/images/11865/matrak-adry-cool-max-dvulicev-copy-672b68262a041.webp?1730897958|https://cdncloudcart.com/28510/products/images/11865/matrak-adry-cool-max-dvulicev-copy-672b68281392c.webp?1730897960|https://cdncloudcart.com/28510/products/images/11865/matrak-adry-cool-max-dvulicev-copy-672b6829c54f3.webp?1730897961|https://cdncloudcart.com/28510/products/images/11865/matrak-adry-cool-max-dvulicev-copy-672b682b962d6.webp?1730897963
22024321-1-200/200,"Матрак DUETTO COMFORT, двулицев - 200/200","Duetto Comfort &ndash; хибриден модел с индивидуален комфорт Двулицев хибриден матрак Duetto Comfort - създаден изцяло за твоето удобство. Duetto Comfort поставя началото на една магична нощ, която ще искаш да се повтаря отново и отново. Искахме да създадем матрак, несравним с друг и ето, че успяхме да го направим. Резултатът е налице &ndash; продукт с цели две хибридни ядра в един калъф, като всяко покет ядро има две страни на комфорт &ndash; мека и умерено твърда. Матракът е с три комбинации на твърдост: ✓ мек-мек ✓ умерено твърд-мек ✓ умерено твърд-умерено твърд За умерено твърдата страна: използваме комфортен слой от полиуретанова пяна с висока плътност, която хармонизира движенията на мултипокета, повишава стабилността на матрака и предоставя умерено твърда повърхност за сън. За по-меката страна: използваме 5 см Super Soft омекотена пяна, която се адаптира към формите на оказващото натиск тяло и следва перфектно неговите извивки. По този начин се осигурява осезаем комфорт и мекота. Сърцевината на всяко ядро е от 7-зонов висок мултипокет, който предоставя стабилна, ортопедична опора на гръбнака и гарантира правилната му позиция по време на сън. Двулицев пружинен матрак Duetto Comfort има над 500 бр./кв.м. индивидуално пакетирани мултипокет пружини, реагират независимо на всяко движение, поемат изцяло натиска от тежестта на различните части на тялото, така че то да остане в идеално подравнена позиция. С помощта на борд от полиуретанова пяна се подобрява стабилността на ядрото. 1. Сваляем калъф с цип 2. Мемори пяна в прошивката 3 . Слой 5см Super Soft HR пяна 4 . Мека полиуретанова пяна 5 . Полиуретанов борд 6 . 7-зонов мултипокет 7 . HD пяна с повишена твърдост 8 . Body Care&trade; пяна в прошивката Визията на луксозен двулицев хибриден матрак Дуето Комфорт е решена със стилен калъф с цип, богато прошит с обемна вата и мемори пяна за допълнителен комфорт. Използваният висококачествен текстил, обогатен с лиосел влакна, подпомага поддържането на нормална телесната температура, има добри абсорбиращи свойства и е изключително мек и нежен на допир. Избери най-доброто за твоите форми! За индивидуалния, двустранен комфорт на матрак Duetto Comfort сме избрали следните материали: ✓ Мултипокет Система от индивидуално пакетирани пружинки с повече опорни точки &ndash; над 500 бр. на кв.м. за още по-добра стабилност и реагираща повърхност, която не оказва съпротивление при смяна в позицията на спящия. 7-зоновото анатомично зониране на системата осигурява правилна позиция на гръбнака и равномерно разпределение на тежестта на тялото. ✓ Високоеластична HR пяна Тя осигурява изключителна опора и е подходяща за създаване на зони с различна степен на твърдост, отговарящи на спецификите на човешкото тяло за равномерно разпределение на тежестта, максимална стабилност и добра анатомичност. ✓ SuperSoft PUR пяна Мека висококачествена пяна, която поема извивките на тялото и елиминира напрежението в отделните части, като осигурява осезаем комфорт и мекота. ✓ Мека полиуретанова пяна Материал с добра плътност, който поддържа тялото, без да създава точки на напрежение. Пенополиуретанът е лесен за профилиране, което му придава допълнителни анатомични свойства. ✓ Полиуретанов борд Придава допълнителна стабилност ✓ Мемори пяна в прошивката Придава допълнителен комфорт ✓ Нежен текстил Текстил с лиосел влакна 67% полиестер, 33% тенсел; прошивка вата 400 гр/м2 (памук/ полиестер)+ мека полиуретанова пяна; мемори пяна. За кого е подходящ матрак Duetto Comfort? Луксозен двулицев матрак Duetto Comfort е подходящ модел за хората, които имат различни предпочитания и искат да експериментират. Даваме ти възможност на непрекъснати промени, за да намериш подходящата за теб твърдост или просто да спиш според настроението си! Заслужаваш най-доброто, получаваш го с матрак Duetto Comfort! При поръчка на произведен в България луксозен матрак Duetto Comfort, получаваш 10 години гаранция, достатъчни за твоето спокойствие и здрав сън. * За размери до 120 см ширина включително моделът се изработва с едно ядро.",Матраци,1,1226.59,919.94,100,https://cdncloudcart.com/28510/products/images/11865/matrak-adry-cool-max-dvulicev-copy-672b6823ec568.webp?1730897955|https://cdncloudcart.com/28510/products/images/11865/matrak-adry-cool-max-dvulicev-copy-672b68262a041.webp?1730897958|https://cdncloudcart.com/28510/products/images/11865/matrak-adry-cool-max-dvulicev-copy-672b68281392c.webp?1730897960|https://cdncloudcart.com/28510/products/images/11865/matrak-adry-cool-max-dvulicev-copy-672b6829c54f3.webp?1730897961|https://cdncloudcart.com/28510/products/images/11865/matrak-adry-cool-max-dvulicev-copy-672b682b962d6.webp?1730897963
23009727-1-90-/-200,"Матрак AIR BALANCE FLEX, двулицев - 90 / 200","Удобство и пак удобство Двулицев матрак Air Balance Flex ще се разположи в дома ти и ще ти донесе почивка и защитена среда. Антибактериалният двулицев матрак е с гъвкава опора, която лесно се адаптира към тялото чрез използваната технология Flexible. Добавената полиуретанова пяна се грижи за поддръжката на тялото, без да създава точки на напрежение. Не забравихме и мемори пяната &ndash; задължителен елемент, когато искаме да гарантираме допълнително комфорта по време на сън. Матракът Air Balance Flex предлага две страни на комфорт, които дават различно усещане, спрямо различните предпочитания на всеки. Тествай и усети удобството, което заслужаваш! Повърхността на матрак Air Balance Flex е прошита с антибактериален текстил, гарантирана антиалергична защита, която възпрепятства растежа на бактериите. Наслади се на по-чист и здравословен сън. Почувствай се лек, като се разположиш удобно върху добавените мемори частици и влакна. Комбинирахме следните материали: ✓ Полиуретанова пяна Материал с добра плътност, който поддържа тялото и предотвратява създаването на изолирани зони на тежест и дискомфорт. Полиуретановата пяна е лесна за профилиране, което ѝ придава допълнителни анатомични свойства. ✓ Мемори пяна Изключително адаптивен и чувствителен към температурата материал. Реагира на топлината на тялото и заема неговата точна форма, запомняйки всяко движение. Подобрява комфорта и създава усещане за мекота. ✓ Частици дунапрен ✓ Влакна ✓ Текстил с антибактериална третировка (88% PES/12%VIS) За кого е подходящ матрак Air Balance Flex? Двулицев матрак Air Balance Flex се избира от хора, които искат да защитят дома си и държат на антибактериалните продукти. Едновременно с това те са любители на пяната, удобството и практичните покупки. Матракът е произведен в България и осигурява 2 години гаранция.",Матраци,1,377.84,283.38,100,https://cdncloudcart.com/28510/products/images/11866/matrak-duetto-comfort-dvulicev-copy-672b697fd4d5f.webp?1730898303|https://cdncloudcart.com/28510/products/images/11866/matrak-duetto-comfort-dvulicev-copy-672b6982190ac.webp?1730898306|https://cdncloudcart.com/28510/products/images/11866/matrak-duetto-comfort-dvulicev-copy-672b698415b83.webp?1730898308|https://cdncloudcart.com/28510/products/images/11866/matrak-duetto-comfort-dvulicev-copy-672b6985de59a.webp?1730898309|https://cdncloudcart.com/28510/products/images/11866/matrak-duetto-comfort-dvulicev-copy-672b6987ae6e1.webp?1730898311|https://cdncloudcart.com/28510/products/images/11866/matrak-duetto-comfort-dvulicev-copy-672b69897848c.webp?1730898313
23009727-1-120-/-200,"Матрак AIR BALANCE FLEX, двулицев - 120 / 200","Удобство и пак удобство Двулицев матрак Air Balance Flex ще се разположи в дома ти и ще ти донесе почивка и защитена среда. Антибактериалният двулицев матрак е с гъвкава опора, която лесно се адаптира към тялото чрез използваната технология Flexible. Добавената полиуретанова пяна се грижи за поддръжката на тялото, без да създава точки на напрежение. Не забравихме и мемори пяната &ndash; задължителен елемент, когато искаме да гарантираме допълнително комфорта по време на сън. Матракът Air Balance Flex предлага две страни на комфорт, които дават различно усещане, спрямо различните предпочитания на всеки. Тествай и усети удобството, което заслужаваш! Повърхността на матрак Air Balance Flex е прошита с антибактериален текстил, гарантирана антиалергична защита, която възпрепятства растежа на бактериите. Наслади се на по-чист и здравословен сън. Почувствай се лек, като се разположиш удобно върху добавените мемори частици и влакна. Комбинирахме следните материали: ✓ Полиуретанова пяна Материал с добра плътност, който поддържа тялото и предотвратява създаването на изолирани зони на тежест и дискомфорт. Полиуретановата пяна е лесна за профилиране, което ѝ придава допълнителни анатомични свойства. ✓ Мемори пяна Изключително адаптивен и чувствителен към температурата материал. Реагира на топлината на тялото и заема неговата точна форма, запомняйки всяко движение. Подобрява комфорта и създава усещане за мекота. ✓ Частици дунапрен ✓ Влакна ✓ Текстил с антибактериална третировка (88% PES/12%VIS) За кого е подходящ матрак Air Balance Flex? Двулицев матрак Air Balance Flex се избира от хора, които искат да защитят дома си и държат на антибактериалните продукти. Едновременно с това те са любители на пяната, удобството и практичните покупки. Матракът е произведен в България и осигурява 2 години гаранция.",Матраци,1,498.00,373.50,100,https://cdncloudcart.com/28510/products/images/11866/matrak-duetto-comfort-dvulicev-copy-672b697fd4d5f.webp?1730898303|https://cdncloudcart.com/28510/products/images/11866/matrak-duetto-comfort-dvulicev-copy-672b6982190ac.webp?1730898306|https://cdncloudcart.com/28510/products/images/11866/matrak-duetto-comfort-dvulicev-copy-672b698415b83.webp?1730898308|https://cdncloudcart.com/28510/products/images/11866/matrak-duetto-comfort-dvulicev-copy-672b6985de59a.webp?1730898309|https://cdncloudcart.com/28510/products/images/11866/matrak-duetto-comfort-dvulicev-copy-672b6987ae6e1.webp?1730898311|https://cdncloudcart.com/28510/products/images/11866/matrak-duetto-comfort-dvulicev-copy-672b69897848c.webp?1730898313
23009727-1-140-/-200,"Матрак AIR BALANCE FLEX, двулицев - 140 / 200","Удобство и пак удобство Двулицев матрак Air Balance Flex ще се разположи в дома ти и ще ти донесе почивка и защитена среда. Антибактериалният двулицев матрак е с гъвкава опора, която лесно се адаптира към тялото чрез използваната технология Flexible. Добавената полиуретанова пяна се грижи за поддръжката на тялото, без да създава точки на напрежение. Не забравихме и мемори пяната &ndash; задължителен елемент, когато искаме да гарантираме допълнително комфорта по време на сън. Матракът Air Balance Flex предлага две страни на комфорт, които дават различно усещане, спрямо различните предпочитания на всеки. Тествай и усети удобството, което заслужаваш! Повърхността на матрак Air Balance Flex е прошита с антибактериален текстил, гарантирана антиалергична защита, която възпрепятства растежа на бактериите. Наслади се на по-чист и здравословен сън. Почувствай се лек, като се разположиш удобно върху добавените мемори частици и влакна. Комбинирахме следните материали: ✓ Полиуретанова пяна Материал с добра плътност, който поддържа тялото и предотвратява създаването на изолирани зони на тежест и дискомфорт. Полиуретановата пяна е лесна за профилиране, което ѝ придава допълнителни анатомични свойства. ✓ Мемори пяна Изключително адаптивен и чувствителен към температурата материал. Реагира на топлината на тялото и заема неговата точна форма, запомняйки всяко движение. Подобрява комфорта и създава усещане за мекота. ✓ Частици дунапрен ✓ Влакна ✓ Текстил с антибактериална третировка (88% PES/12%VIS) За кого е подходящ матрак Air Balance Flex? Двулицев матрак Air Balance Flex се избира от хора, които искат да защитят дома си и държат на антибактериалните продукти. Едновременно с това те са любители на пяната, удобството и практичните покупки. Матракът е произведен в България и осигурява 2 години гаранция.",Матраци,1,570.09,427.57,100,https://cdncloudcart.com/28510/products/images/11866/matrak-duetto-comfort-dvulicev-copy-672b697fd4d5f.webp?1730898303|https://cdncloudcart.com/28510/products/images/11866/matrak-duetto-comfort-dvulicev-copy-672b6982190ac.webp?1730898306|https://cdncloudcart.com/28510/products/images/11866/matrak-duetto-comfort-dvulicev-copy-672b698415b83.webp?1730898308|https://cdncloudcart.com/28510/products/images/11866/matrak-duetto-comfort-dvulicev-copy-672b6985de59a.webp?1730898309|https://cdncloudcart.com/28510/products/images/11866/matrak-duetto-comfort-dvulicev-copy-672b6987ae6e1.webp?1730898311|https://cdncloudcart.com/28510/products/images/11866/matrak-duetto-comfort-dvulicev-copy-672b69897848c.webp?1730898313
23009727-1-144-/-190,"Матрак AIR BALANCE FLEX, двулицев - 144 / 190","Удобство и пак удобство Двулицев матрак Air Balance Flex ще се разположи в дома ти и ще ти донесе почивка и защитена среда. Антибактериалният двулицев матрак е с гъвкава опора, която лесно се адаптира към тялото чрез използваната технология Flexible. Добавената полиуретанова пяна се грижи за поддръжката на тялото, без да създава точки на напрежение. Не забравихме и мемори пяната &ndash; задължителен елемент, когато искаме да гарантираме допълнително комфорта по време на сън. Матракът Air Balance Flex предлага две страни на комфорт, които дават различно усещане, спрямо различните предпочитания на всеки. Тествай и усети удобството, което заслужаваш! Повърхността на матрак Air Balance Flex е прошита с антибактериален текстил, гарантирана антиалергична защита, която възпрепятства растежа на бактериите. Наслади се на по-чист и здравословен сън. Почувствай се лек, като се разположиш удобно върху добавените мемори частици и влакна. Комбинирахме следните материали: ✓ Полиуретанова пяна Материал с добра плътност, който поддържа тялото и предотвратява създаването на изолирани зони на тежест и дискомфорт. Полиуретановата пяна е лесна за профилиране, което ѝ придава допълнителни анатомични свойства. ✓ Мемори пяна Изключително адаптивен и чувствителен към температурата материал. Реагира на топлината на тялото и заема неговата точна форма, запомняйки всяко движение. Подобрява комфорта и създава усещане за мекота. ✓ Частици дунапрен ✓ Влакна ✓ Текстил с антибактериална третировка (88% PES/12%VIS) За кого е подходящ матрак Air Balance Flex? Двулицев матрак Air Balance Flex се избира от хора, които искат да защитят дома си и държат на антибактериалните продукти. Едновременно с това те са любители на пяната, удобството и практичните покупки. Матракът е произведен в България и осигурява 2 години гаранция.",Матраци,1,566.00,424.50,100,https://cdncloudcart.com/28510/products/images/11866/matrak-duetto-comfort-dvulicev-copy-672b697fd4d5f.webp?1730898303|https://cdncloudcart.com/28510/products/images/11866/matrak-duetto-comfort-dvulicev-copy-672b6982190ac.webp?1730898306|https://cdncloudcart.com/28510/products/images/11866/matrak-duetto-comfort-dvulicev-copy-672b698415b83.webp?1730898308|https://cdncloudcart.com/28510/products/images/11866/matrak-duetto-comfort-dvulicev-copy-672b6985de59a.webp?1730898309|https://cdncloudcart.com/28510/products/images/11866/matrak-duetto-comfort-dvulicev-copy-672b6987ae6e1.webp?1730898311|https://cdncloudcart.com/28510/products/images/11866/matrak-duetto-comfort-dvulicev-copy-672b69897848c.webp?1730898313
23009727-1-160-/-200,"Матрак AIR BALANCE FLEX, двулицев - 160 / 200","Удобство и пак удобство Двулицев матрак Air Balance Flex ще се разположи в дома ти и ще ти донесе почивка и защитена среда. Антибактериалният двулицев матрак е с гъвкава опора, която лесно се адаптира към тялото чрез използваната технология Flexible. Добавената полиуретанова пяна се грижи за поддръжката на тялото, без да създава точки на напрежение. Не забравихме и мемори пяната &ndash; задължителен елемент, когато искаме да гарантираме допълнително комфорта по време на сън. Матракът Air Balance Flex предлага две страни на комфорт, които дават различно усещане, спрямо различните предпочитания на всеки. Тествай и усети удобството, което заслужаваш! Повърхността на матрак Air Balance Flex е прошита с антибактериален текстил, гарантирана антиалергична защита, която възпрепятства растежа на бактериите. Наслади се на по-чист и здравословен сън. Почувствай се лек, като се разположиш удобно върху добавените мемори частици и влакна. Комбинирахме следните материали: ✓ Полиуретанова пяна Материал с добра плътност, който поддържа тялото и предотвратява създаването на изолирани зони на тежест и дискомфорт. Полиуретановата пяна е лесна за профилиране, което ѝ придава допълнителни анатомични свойства. ✓ Мемори пяна Изключително адаптивен и чувствителен към температурата материал. Реагира на топлината на тялото и заема неговата точна форма, запомняйки всяко движение. Подобрява комфорта и създава усещане за мекота. ✓ Частици дунапрен ✓ Влакна ✓ Текстил с антибактериална третировка (88% PES/12%VIS) За кого е подходящ матрак Air Balance Flex? Двулицев матрак Air Balance Flex се избира от хора, които искат да защитят дома си и държат на антибактериалните продукти. Едновременно с това те са любители на пяната, удобството и практичните покупки. Матракът е произведен в България и осигурява 2 години гаранция.",Матраци,1,627.87,470.90,100,https://cdncloudcart.com/28510/products/images/11866/matrak-duetto-comfort-dvulicev-copy-672b697fd4d5f.webp?1730898303|https://cdncloudcart.com/28510/products/images/11866/matrak-duetto-comfort-dvulicev-copy-672b6982190ac.webp?1730898306|https://cdncloudcart.com/28510/products/images/11866/matrak-duetto-comfort-dvulicev-copy-672b698415b83.webp?1730898308|https://cdncloudcart.com/28510/products/images/11866/matrak-duetto-comfort-dvulicev-copy-672b6985de59a.webp?1730898309|https://cdncloudcart.com/28510/products/images/11866/matrak-duetto-comfort-dvulicev-copy-672b6987ae6e1.webp?1730898311|https://cdncloudcart.com/28510/products/images/11866/matrak-duetto-comfort-dvulicev-copy-672b69897848c.webp?1730898313
23009727-1-164-/-190,"Матрак AIR BALANCE FLEX, двулицев - 164 / 190","Удобство и пак удобство Двулицев матрак Air Balance Flex ще се разположи в дома ти и ще ти донесе почивка и защитена среда. Антибактериалният двулицев матрак е с гъвкава опора, която лесно се адаптира към тялото чрез използваната технология Flexible. Добавената полиуретанова пяна се грижи за поддръжката на тялото, без да създава точки на напрежение. Не забравихме и мемори пяната &ndash; задължителен елемент, когато искаме да гарантираме допълнително комфорта по време на сън. Матракът Air Balance Flex предлага две страни на комфорт, които дават различно усещане, спрямо различните предпочитания на всеки. Тествай и усети удобството, което заслужаваш! Повърхността на матрак Air Balance Flex е прошита с антибактериален текстил, гарантирана антиалергична защита, която възпрепятства растежа на бактериите. Наслади се на по-чист и здравословен сън. Почувствай се лек, като се разположиш удобно върху добавените мемори частици и влакна. Комбинирахме следните материали: ✓ Полиуретанова пяна Материал с добра плътност, който поддържа тялото и предотвратява създаването на изолирани зони на тежест и дискомфорт. Полиуретановата пяна е лесна за профилиране, което ѝ придава допълнителни анатомични свойства. ✓ Мемори пяна Изключително адаптивен и чувствителен към температурата материал. Реагира на топлината на тялото и заема неговата точна форма, запомняйки всяко движение. Подобрява комфорта и създава усещане за мекота. ✓ Частици дунапрен ✓ Влакна ✓ Текстил с антибактериална третировка (88% PES/12%VIS) За кого е подходящ матрак Air Balance Flex? Двулицев матрак Air Balance Flex се избира от хора, които искат да защитят дома си и държат на антибактериалните продукти. Едновременно с това те са любители на пяната, удобството и практичните покупки. Матракът е произведен в България и осигурява 2 години гаранция.",Матраци,1,666.72,500.04,100,https://cdncloudcart.com/28510/products/images/11866/matrak-duetto-comfort-dvulicev-copy-672b697fd4d5f.webp?1730898303|https://cdncloudcart.com/28510/products/images/11866/matrak-duetto-comfort-dvulicev-copy-672b6982190ac.webp?1730898306|https://cdncloudcart.com/28510/products/images/11866/matrak-duetto-comfort-dvulicev-copy-672b698415b83.webp?1730898308|https://cdncloudcart.com/28510/products/images/11866/matrak-duetto-comfort-dvulicev-copy-672b6985de59a.webp?1730898309|https://cdncloudcart.com/28510/products/images/11866/matrak-duetto-comfort-dvulicev-copy-672b6987ae6e1.webp?1730898311|https://cdncloudcart.com/28510/products/images/11866/matrak-duetto-comfort-dvulicev-copy-672b69897848c.webp?1730898313
23009727-1-180-/-200,"Матрак AIR BALANCE FLEX, двулицев - 180 / 200","Удобство и пак удобство Двулицев матрак Air Balance Flex ще се разположи в дома ти и ще ти донесе почивка и защитена среда. Антибактериалният двулицев матрак е с гъвкава опора, която лесно се адаптира към тялото чрез използваната технология Flexible. Добавената полиуретанова пяна се грижи за поддръжката на тялото, без да създава точки на напрежение. Не забравихме и мемори пяната &ndash; задължителен елемент, когато искаме да гарантираме допълнително комфорта по време на сън. Матракът Air Balance Flex предлага две страни на комфорт, които дават различно усещане, спрямо различните предпочитания на всеки. Тествай и усети удобството, което заслужаваш! Повърхността на матрак Air Balance Flex е прошита с антибактериален текстил, гарантирана антиалергична защита, която възпрепятства растежа на бактериите. Наслади се на по-чист и здравословен сън. Почувствай се лек, като се разположиш удобно върху добавените мемори частици и влакна. Комбинирахме следните материали: ✓ Полиуретанова пяна Материал с добра плътност, който поддържа тялото и предотвратява създаването на изолирани зони на тежест и дискомфорт. Полиуретановата пяна е лесна за профилиране, което ѝ придава допълнителни анатомични свойства. ✓ Мемори пяна Изключително адаптивен и чувствителен към температурата материал. Реагира на топлината на тялото и заема неговата точна форма, запомняйки всяко движение. Подобрява комфорта и създава усещане за мекота. ✓ Частици дунапрен ✓ Влакна ✓ Текстил с антибактериална третировка (88% PES/12%VIS) За кого е подходящ матрак Air Balance Flex? Двулицев матрак Air Balance Flex се избира от хора, които искат да защитят дома си и държат на антибактериалните продукти. Едновременно с това те са любители на пяната, удобството и практичните покупки. Матракът е произведен в България и осигурява 2 години гаранция.",Матраци,1,693.82,520.37,100,https://cdncloudcart.com/28510/products/images/11866/matrak-duetto-comfort-dvulicev-copy-672b697fd4d5f.webp?1730898303|https://cdncloudcart.com/28510/products/images/11866/matrak-duetto-comfort-dvulicev-copy-672b6982190ac.webp?1730898306|https://cdncloudcart.com/28510/products/images/11866/matrak-duetto-comfort-dvulicev-copy-672b698415b83.webp?1730898308|https://cdncloudcart.com/28510/products/images/11866/matrak-duetto-comfort-dvulicev-copy-672b6985de59a.webp?1730898309|https://cdncloudcart.com/28510/products/images/11866/matrak-duetto-comfort-dvulicev-copy-672b6987ae6e1.webp?1730898311|https://cdncloudcart.com/28510/products/images/11866/matrak-duetto-comfort-dvulicev-copy-672b69897848c.webp?1730898313
23009727-1-82/190,"Матрак AIR BALANCE FLEX, двулицев - 82/190","Удобство и пак удобство Двулицев матрак Air Balance Flex ще се разположи в дома ти и ще ти донесе почивка и защитена среда. Антибактериалният двулицев матрак е с гъвкава опора, която лесно се адаптира към тялото чрез използваната технология Flexible. Добавената полиуретанова пяна се грижи за поддръжката на тялото, без да създава точки на напрежение. Не забравихме и мемори пяната &ndash; задължителен елемент, когато искаме да гарантираме допълнително комфорта по време на сън. Матракът Air Balance Flex предлага две страни на комфорт, които дават различно усещане, спрямо различните предпочитания на всеки. Тествай и усети удобството, което заслужаваш! Повърхността на матрак Air Balance Flex е прошита с антибактериален текстил, гарантирана антиалергична защита, която възпрепятства растежа на бактериите. Наслади се на по-чист и здравословен сън. Почувствай се лек, като се разположиш удобно върху добавените мемори частици и влакна. Комбинирахме следните материали: ✓ Полиуретанова пяна Материал с добра плътност, който поддържа тялото и предотвратява създаването на изолирани зони на тежест и дискомфорт. Полиуретановата пяна е лесна за профилиране, което ѝ придава допълнителни анатомични свойства. ✓ Мемори пяна Изключително адаптивен и чувствителен към температурата материал. Реагира на топлината на тялото и заема неговата точна форма, запомняйки всяко движение. Подобрява комфорта и създава усещане за мекота. ✓ Частици дунапрен ✓ Влакна ✓ Текстил с антибактериална третировка (88% PES/12%VIS) За кого е подходящ матрак Air Balance Flex? Двулицев матрак Air Balance Flex се избира от хора, които искат да защитят дома си и държат на антибактериалните продукти. Едновременно с това те са любители на пяната, удобството и практичните покупки. Матракът е произведен в България и осигурява 2 години гаранция.",Матраци,1,364.04,273.03,100,https://cdncloudcart.com/28510/products/images/11866/matrak-duetto-comfort-dvulicev-copy-672b697fd4d5f.webp?1730898303|https://cdncloudcart.com/28510/products/images/11866/matrak-duetto-comfort-dvulicev-copy-672b6982190ac.webp?1730898306|https://cdncloudcart.com/28510/products/images/11866/matrak-duetto-comfort-dvulicev-copy-672b698415b83.webp?1730898308|https://cdncloudcart.com/28510/products/images/11866/matrak-duetto-comfort-dvulicev-copy-672b6985de59a.webp?1730898309|https://cdncloudcart.com/28510/products/images/11866/matrak-duetto-comfort-dvulicev-copy-672b6987ae6e1.webp?1730898311|https://cdncloudcart.com/28510/products/images/11866/matrak-duetto-comfort-dvulicev-copy-672b69897848c.webp?1730898313
23009727-1-120/190,"Матрак AIR BALANCE FLEX, двулицев - 120/190","Удобство и пак удобство Двулицев матрак Air Balance Flex ще се разположи в дома ти и ще ти донесе почивка и защитена среда. Антибактериалният двулицев матрак е с гъвкава опора, която лесно се адаптира към тялото чрез използваната технология Flexible. Добавената полиуретанова пяна се грижи за поддръжката на тялото, без да създава точки на напрежение. Не забравихме и мемори пяната &ndash; задължителен елемент, когато искаме да гарантираме допълнително комфорта по време на сън. Матракът Air Balance Flex предлага две страни на комфорт, които дават различно усещане, спрямо различните предпочитания на всеки. Тествай и усети удобството, което заслужаваш! Повърхността на матрак Air Balance Flex е прошита с антибактериален текстил, гарантирана антиалергична защита, която възпрепятства растежа на бактериите. Наслади се на по-чист и здравословен сън. Почувствай се лек, като се разположиш удобно върху добавените мемори частици и влакна. Комбинирахме следните материали: ✓ Полиуретанова пяна Материал с добра плътност, който поддържа тялото и предотвратява създаването на изолирани зони на тежест и дискомфорт. Полиуретановата пяна е лесна за профилиране, което ѝ придава допълнителни анатомични свойства. ✓ Мемори пяна Изключително адаптивен и чувствителен към температурата материал. Реагира на топлината на тялото и заема неговата точна форма, запомняйки всяко движение. Подобрява комфорта и създава усещане за мекота. ✓ Частици дунапрен ✓ Влакна ✓ Текстил с антибактериална третировка (88% PES/12%VIS) За кого е подходящ матрак Air Balance Flex? Двулицев матрак Air Balance Flex се избира от хора, които искат да защитят дома си и държат на антибактериалните продукти. Едновременно с това те са любители на пяната, удобството и практичните покупки. Матракът е произведен в България и осигурява 2 години гаранция.",Матраци,1,495.44,371.58,100,https://cdncloudcart.com/28510/products/images/11866/matrak-duetto-comfort-dvulicev-copy-672b697fd4d5f.webp?1730898303|https://cdncloudcart.com/28510/products/images/11866/matrak-duetto-comfort-dvulicev-copy-672b6982190ac.webp?1730898306|https://cdncloudcart.com/28510/products/images/11866/matrak-duetto-comfort-dvulicev-copy-672b698415b83.webp?1730898308|https://cdncloudcart.com/28510/products/images/11866/matrak-duetto-comfort-dvulicev-copy-672b6985de59a.webp?1730898309|https://cdncloudcart.com/28510/products/images/11866/matrak-duetto-comfort-dvulicev-copy-672b6987ae6e1.webp?1730898311|https://cdncloudcart.com/28510/products/images/11866/matrak-duetto-comfort-dvulicev-copy-672b69897848c.webp?1730898313
23009727-1-90/190,"Матрак AIR BALANCE FLEX, двулицев - 90/190","Удобство и пак удобство Двулицев матрак Air Balance Flex ще се разположи в дома ти и ще ти донесе почивка и защитена среда. Антибактериалният двулицев матрак е с гъвкава опора, която лесно се адаптира към тялото чрез използваната технология Flexible. Добавената полиуретанова пяна се грижи за поддръжката на тялото, без да създава точки на напрежение. Не забравихме и мемори пяната &ndash; задължителен елемент, когато искаме да гарантираме допълнително комфорта по време на сън. Матракът Air Balance Flex предлага две страни на комфорт, които дават различно усещане, спрямо различните предпочитания на всеки. Тествай и усети удобството, което заслужаваш! Повърхността на матрак Air Balance Flex е прошита с антибактериален текстил, гарантирана антиалергична защита, която възпрепятства растежа на бактериите. Наслади се на по-чист и здравословен сън. Почувствай се лек, като се разположиш удобно върху добавените мемори частици и влакна. Комбинирахме следните материали: ✓ Полиуретанова пяна Материал с добра плътност, който поддържа тялото и предотвратява създаването на изолирани зони на тежест и дискомфорт. Полиуретановата пяна е лесна за профилиране, което ѝ придава допълнителни анатомични свойства. ✓ Мемори пяна Изключително адаптивен и чувствителен към температурата материал. Реагира на топлината на тялото и заема неговата точна форма, запомняйки всяко движение. Подобрява комфорта и създава усещане за мекота. ✓ Частици дунапрен ✓ Влакна ✓ Текстил с антибактериална третировка (88% PES/12%VIS) За кого е подходящ матрак Air Balance Flex? Двулицев матрак Air Balance Flex се избира от хора, които искат да защитят дома си и държат на антибактериалните продукти. Едновременно с това те са любители на пяната, удобството и практичните покупки. Матракът е произведен в България и осигурява 2 години гаранция.",Матраци,1,375.80,281.85,100,https://cdncloudcart.com/28510/products/images/11866/matrak-duetto-comfort-dvulicev-copy-672b697fd4d5f.webp?1730898303|https://cdncloudcart.com/28510/products/images/11866/matrak-duetto-comfort-dvulicev-copy-672b6982190ac.webp?1730898306|https://cdncloudcart.com/28510/products/images/11866/matrak-duetto-comfort-dvulicev-copy-672b698415b83.webp?1730898308|https://cdncloudcart.com/28510/products/images/11866/matrak-duetto-comfort-dvulicev-copy-672b6985de59a.webp?1730898309|https://cdncloudcart.com/28510/products/images/11866/matrak-duetto-comfort-dvulicev-copy-672b6987ae6e1.webp?1730898311|https://cdncloudcart.com/28510/products/images/11866/matrak-duetto-comfort-dvulicev-copy-672b69897848c.webp?1730898313
